[31m2026-06-03 15:37:42.740[0;39m [33m[background-preinit][0;39m [34mINFO [0;39m [32morg.hibernate.validator.internal.util.Version[0;39m - HV000001: Hibernate Validator 8.0.1.Final
[31m2026-06-03 15:37:42.824[0;39m [33m[main][0;39m [34mINFO [0;39m [32mcom.geo.dsp.GeoDspApplication[0;39m - Starting GeoDspApplication v0.0.1-SNAPSHOT using Java 17.0.18 with PID 85052 (C:\Users\22317\Desktop\bbb\geodspp\dsp.jar started by 22317 in C:\Users\22317\Desktop\bbb\geodspp\GeoDsp(1)\GeoDsp)
[31m2026-06-03 15:37:42.826[0;39m [33m[main][0;39m [39mDEBUG[0;39m [32mcom.geo.dsp.GeoDspApplication[0;39m - Running with Spring Boot v3.4.0, Spring v6.2.0
[31m2026-06-03 15:37:42.827[0;39m [33m[main][0;39m [34mINFO [0;39m [32mcom.geo.dsp.GeoDspApplication[0;39m - No active profile set, falling back to 1 default profile: "default"
[31m2026-06-03 15:37:42.828[0;39m [33m[main][0;39m [39mDEBUG[0;39m [32morg.springframework.boot.SpringApplication[0;39m - Loading source class com.geo.dsp.GeoDspApplication
[31m2026-06-03 15:37:42.897[0;39m [33m[main][0;39m [39mDEBUG[0;39m [32mo.s.b.w.s.c.AnnotationConfigServletWebServerApplicationContext[0;39m - Refreshing org.springframework.boot.web.servlet.context.AnnotationConfigServletWebServerApplicationContext@5c00384f
[31m2026-06-03 15:37:43.908[0;39m [33m[main][0;39m [39mDEBUG[0;39m [32mo.s.boot.autoconfigure.AutoConfigurationPackages[0;39m - @EnableAutoConfiguration was declared on a class in the package 'com.geo.dsp'. Automatic @Repository and @Entity scanning is enabled.
[31m2026-06-03 15:37:44.101[0;39m [33m[main][0;39m [39mDEBUG[0;39m [32morg.mybatis.spring.mapper.ClassPathMapperScanner[0;39m - Identified candidate component class: URL [jar:nested:/C:/Users/22317/Desktop/bbb/geodspp/dsp.jar/!BOOT-INF/classes/!/com/geo/dsp/module/data/mapper/CollectPhotoMapper.class]
[31m2026-06-03 15:37:44.101[0;39m [33m[main][0;39m [39mDEBUG[0;39m [32morg.mybatis.spring.mapper.ClassPathMapperScanner[0;39m - Identified candidate component class: URL [jar:nested:/C:/Users/22317/Desktop/bbb/geodspp/dsp.jar/!BOOT-INF/classes/!/com/geo/dsp/module/data/mapper/CollectTaskMapper.class]
[31m2026-06-03 15:37:44.101[0;39m [33m[main][0;39m [39mDEBUG[0;39m [32morg.mybatis.spring.mapper.ClassPathMapperScanner[0;39m - Identified candidate component class: URL [jar:nested:/C:/Users/22317/Desktop/bbb/geodspp/dsp.jar/!BOOT-INF/classes/!/com/geo/dsp/module/data/mapper/DataHistoryMapper.class]
[31m2026-06-03 15:37:44.101[0;39m [33m[main][0;39m [39mDEBUG[0;39m [32morg.mybatis.spring.mapper.ClassPathMapperScanner[0;39m - Identified candidate component class: URL [jar:nested:/C:/Users/22317/Desktop/bbb/geodspp/dsp.jar/!BOOT-INF/classes/!/com/geo/dsp/module/data/mapper/DataLineMapper.class]
[31m2026-06-03 15:37:44.101[0;39m [33m[main][0;39m [39mDEBUG[0;39m [32morg.mybatis.spring.mapper.ClassPathMapperScanner[0;39m - Identified candidate component class: URL [jar:nested:/C:/Users/22317/Desktop/bbb/geodspp/dsp.jar/!BOOT-INF/classes/!/com/geo/dsp/module/data/mapper/DataPointMapper.class]
[31m2026-06-03 15:37:44.101[0;39m [33m[main][0;39m [39mDEBUG[0;39m [32morg.mybatis.spring.mapper.ClassPathMapperScanner[0;39m - Identified candidate component class: URL [jar:nested:/C:/Users/22317/Desktop/bbb/geodspp/dsp.jar/!BOOT-INF/classes/!/com/geo/dsp/module/data/mapper/DataProjectMapper.class]
[31m2026-06-03 15:37:44.101[0;39m [33m[main][0;39m [39mDEBUG[0;39m [32morg.mybatis.spring.mapper.ClassPathMapperScanner[0;39m - Identified candidate component class: URL [jar:nested:/C:/Users/22317/Desktop/bbb/geodspp/dsp.jar/!BOOT-INF/classes/!/com/geo/dsp/module/data/mapper/DataSampleMapper.class]
[31m2026-06-03 15:37:44.101[0;39m [33m[main][0;39m [39mDEBUG[0;39m [32morg.mybatis.spring.mapper.ClassPathMapperScanner[0;39m - Identified candidate component class: URL [jar:nested:/C:/Users/22317/Desktop/bbb/geodspp/dsp.jar/!BOOT-INF/classes/!/com/geo/dsp/module/data/mapper/DictMapper.class]
[31m2026-06-03 15:37:44.101[0;39m [33m[main][0;39m [39mDEBUG[0;39m [32morg.mybatis.spring.mapper.ClassPathMapperScanner[0;39m - Identified candidate component class: URL [jar:nested:/C:/Users/22317/Desktop/bbb/geodspp/dsp.jar/!BOOT-INF/classes/!/com/geo/dsp/module/data/mapper/OperateMethodMapper.class]
[31m2026-06-03 15:37:44.101[0;39m [33m[main][0;39m [39mDEBUG[0;39m [32morg.mybatis.spring.mapper.ClassPathMapperScanner[0;39m - Identified candidate component class: URL [jar:nested:/C:/Users/22317/Desktop/bbb/geodspp/dsp.jar/!BOOT-INF/classes/!/com/geo/dsp/module/data/mapper/OperationLogMapper.class]
[31m2026-06-03 15:37:44.101[0;39m [33m[main][0;39m [39mDEBUG[0;39m [32morg.mybatis.spring.mapper.ClassPathMapperScanner[0;39m - Identified candidate component class: URL [jar:nested:/C:/Users/22317/Desktop/bbb/geodspp/dsp.jar/!BOOT-INF/classes/!/com/geo/dsp/module/data/mapper/ProjectMapper.class]
[31m2026-06-03 15:37:44.101[0;39m [33m[main][0;39m [39mDEBUG[0;39m [32morg.mybatis.spring.mapper.ClassPathMapperScanner[0;39m - Identified candidate component class: URL [jar:nested:/C:/Users/22317/Desktop/bbb/geodspp/dsp.jar/!BOOT-INF/classes/!/com/geo/dsp/module/data/mapper/TaskAuditMapper.class]
[31m2026-06-03 15:37:44.101[0;39m [33m[main][0;39m [39mDEBUG[0;39m [32morg.mybatis.spring.mapper.ClassPathMapperScanner[0;39m - Identified candidate component class: URL [jar:nested:/C:/Users/22317/Desktop/bbb/geodspp/dsp.jar/!BOOT-INF/classes/!/com/geo/dsp/module/equipment/mapper/DataWorksetMapper.class]
[31m2026-06-03 15:37:44.101[0;39m [33m[main][0;39m [39mDEBUG[0;39m [32morg.mybatis.spring.mapper.ClassPathMapperScanner[0;39m - Identified candidate component class: URL [jar:nested:/C:/Users/22317/Desktop/bbb/geodspp/dsp.jar/!BOOT-INF/classes/!/com/geo/dsp/module/equipment/mapper/DeviceLimitMapper.class]
[31m2026-06-03 15:37:44.101[0;39m [33m[main][0;39m [39mDEBUG[0;39m [32morg.mybatis.spring.mapper.ClassPathMapperScanner[0;39m - Identified candidate component class: URL [jar:nested:/C:/Users/22317/Desktop/bbb/geodspp/dsp.jar/!BOOT-INF/classes/!/com/geo/dsp/module/equipment/mapper/DeviceMapper.class]
[31m2026-06-03 15:37:44.101[0;39m [33m[main][0;39m [39mDEBUG[0;39m [32morg.mybatis.spring.mapper.ClassPathMapperScanner[0;39m - Identified candidate component class: URL [jar:nested:/C:/Users/22317/Desktop/bbb/geodspp/dsp.jar/!BOOT-INF/classes/!/com/geo/dsp/module/equipment/mapper/DeviceTypeMapper.class]
[31m2026-06-03 15:37:44.101[0;39m [33m[main][0;39m [39mDEBUG[0;39m [32morg.mybatis.spring.mapper.ClassPathMapperScanner[0;39m - Identified candidate component class: URL [jar:nested:/C:/Users/22317/Desktop/bbb/geodspp/dsp.jar/!BOOT-INF/classes/!/com/geo/dsp/module/equipment/mapper/UseRecordMapper.class]
[31m2026-06-03 15:37:44.101[0;39m [33m[main][0;39m [39mDEBUG[0;39m [32morg.mybatis.spring.mapper.ClassPathMapperScanner[0;39m - Identified candidate component class: URL [jar:nested:/C:/Users/22317/Desktop/bbb/geodspp/dsp.jar/!BOOT-INF/classes/!/com/geo/dsp/module/login/mapper/LoginLogMapper.class]
[31m2026-06-03 15:37:44.101[0;39m [33m[main][0;39m [39mDEBUG[0;39m [32morg.mybatis.spring.mapper.ClassPathMapperScanner[0;39m - Identified candidate component class: URL [jar:nested:/C:/Users/22317/Desktop/bbb/geodspp/dsp.jar/!BOOT-INF/classes/!/com/geo/dsp/module/login/mapper/OperateLogMapper.class]
[31m2026-06-03 15:37:44.101[0;39m [33m[main][0;39m [39mDEBUG[0;39m [32morg.mybatis.spring.mapper.ClassPathMapperScanner[0;39m - Identified candidate component class: URL [jar:nested:/C:/Users/22317/Desktop/bbb/geodspp/dsp.jar/!BOOT-INF/classes/!/com/geo/dsp/module/privilege/mapper/OperatorManageMapper.class]
[31m2026-06-03 15:37:44.101[0;39m [33m[main][0;39m [39mDEBUG[0;39m [32morg.mybatis.spring.mapper.ClassPathMapperScanner[0;39m - Identified candidate component class: URL [jar:nested:/C:/Users/22317/Desktop/bbb/geodspp/dsp.jar/!BOOT-INF/classes/!/com/geo/dsp/module/privilege/mapper/PermissionMapper.class]
[31m2026-06-03 15:37:44.101[0;39m [33m[main][0;39m [39mDEBUG[0;39m [32morg.mybatis.spring.mapper.ClassPathMapperScanner[0;39m - Identified candidate component class: URL [jar:nested:/C:/Users/22317/Desktop/bbb/geodspp/dsp.jar/!BOOT-INF/classes/!/com/geo/dsp/module/privilege/mapper/RoleMapper.class]
[31m2026-06-03 15:37:44.101[0;39m [33m[main][0;39m [39mDEBUG[0;39m [32morg.mybatis.spring.mapper.ClassPathMapperScanner[0;39m - Identified candidate component class: URL [jar:nested:/C:/Users/22317/Desktop/bbb/geodspp/dsp.jar/!BOOT-INF/classes/!/com/geo/dsp/module/privilege/mapper/RolePermisMapper.class]
[31m2026-06-03 15:37:44.101[0;39m [33m[main][0;39m [39mDEBUG[0;39m [32morg.mybatis.spring.mapper.ClassPathMapperScanner[0;39m - Identified candidate component class: URL [jar:nested:/C:/Users/22317/Desktop/bbb/geodspp/dsp.jar/!BOOT-INF/classes/!/com/geo/dsp/module/privilege/mapper/UserRoleMapper.class]
[31m2026-06-03 15:37:44.101[0;39m [33m[main][0;39m [39mDEBUG[0;39m [32morg.mybatis.spring.mapper.ClassPathMapperScanner[0;39m - Identified candidate component class: URL [jar:nested:/C:/Users/22317/Desktop/bbb/geodspp/dsp.jar/!BOOT-INF/classes/!/com/geo/dsp/module/user/mapper/CompanyMapper.class]
[31m2026-06-03 15:37:44.101[0;39m [33m[main][0;39m [39mDEBUG[0;39m [32morg.mybatis.spring.mapper.ClassPathMapperScanner[0;39m - Identified candidate component class: URL [jar:nested:/C:/Users/22317/Desktop/bbb/geodspp/dsp.jar/!BOOT-INF/classes/!/com/geo/dsp/module/user/mapper/UserImageMapper.class]
[31m2026-06-03 15:37:44.101[0;39m [33m[main][0;39m [39mDEBUG[0;39m [32morg.mybatis.spring.mapper.ClassPathMapperScanner[0;39m - Identified candidate component class: URL [jar:nested:/C:/Users/22317/Desktop/bbb/geodspp/dsp.jar/!BOOT-INF/classes/!/com/geo/dsp/module/user/mapper/UserMapper.class]
[31m2026-06-03 15:37:44.104[0;39m [33m[main][0;39m [39mDEBUG[0;39m [32morg.mybatis.spring.mapper.ClassPathMapperScanner[0;39m - Creating MapperFactoryBean with name 'collectPhotoMapper' and 'com.geo.dsp.module.data.mapper.CollectPhotoMapper' mapperInterface
[31m2026-06-03 15:37:44.107[0;39m [33m[main][0;39m [39mDEBUG[0;39m [32morg.mybatis.spring.mapper.ClassPathMapperScanner[0;39m - Enabling autowire by type for MapperFactoryBean with name 'collectPhotoMapper'.
[31m2026-06-03 15:37:44.107[0;39m [33m[main][0;39m [39mDEBUG[0;39m [32morg.mybatis.spring.mapper.ClassPathMapperScanner[0;39m - Creating MapperFactoryBean with name 'collectTaskMapper' and 'com.geo.dsp.module.data.mapper.CollectTaskMapper' mapperInterface
[31m2026-06-03 15:37:44.108[0;39m [33m[main][0;39m [39mDEBUG[0;39m [32morg.mybatis.spring.mapper.ClassPathMapperScanner[0;39m - Enabling autowire by type for MapperFactoryBean with name 'collectTaskMapper'.
[31m2026-06-03 15:37:44.108[0;39m [33m[main][0;39m [39mDEBUG[0;39m [32morg.mybatis.spring.mapper.ClassPathMapperScanner[0;39m - Creating MapperFactoryBean with name 'dataHistoryMapper' and 'com.geo.dsp.module.data.mapper.DataHistoryMapper' mapperInterface
[31m2026-06-03 15:37:44.108[0;39m [33m[main][0;39m [39mDEBUG[0;39m [32morg.mybatis.spring.mapper.ClassPathMapperScanner[0;39m - Enabling autowire by type for MapperFactoryBean with name 'dataHistoryMapper'.
[31m2026-06-03 15:37:44.109[0;39m [33m[main][0;39m [39mDEBUG[0;39m [32morg.mybatis.spring.mapper.ClassPathMapperScanner[0;39m - Creating MapperFactoryBean with name 'dataLineMapper' and 'com.geo.dsp.module.data.mapper.DataLineMapper' mapperInterface
[31m2026-06-03 15:37:44.109[0;39m [33m[main][0;39m [39mDEBUG[0;39m [32morg.mybatis.spring.mapper.ClassPathMapperScanner[0;39m - Enabling autowire by type for MapperFactoryBean with name 'dataLineMapper'.
[31m2026-06-03 15:37:44.109[0;39m [33m[main][0;39m [39mDEBUG[0;39m [32morg.mybatis.spring.mapper.ClassPathMapperScanner[0;39m - Creating MapperFactoryBean with name 'dataPointMapper' and 'com.geo.dsp.module.data.mapper.DataPointMapper' mapperInterface
[31m2026-06-03 15:37:44.109[0;39m [33m[main][0;39m [39mDEBUG[0;39m [32morg.mybatis.spring.mapper.ClassPathMapperScanner[0;39m - Enabling autowire by type for MapperFactoryBean with name 'dataPointMapper'.
[31m2026-06-03 15:37:44.109[0;39m [33m[main][0;39m [39mDEBUG[0;39m [32morg.mybatis.spring.mapper.ClassPathMapperScanner[0;39m - Creating MapperFactoryBean with name 'dataProjectMapper' and 'com.geo.dsp.module.data.mapper.DataProjectMapper' mapperInterface
[31m2026-06-03 15:37:44.110[0;39m [33m[main][0;39m [39mDEBUG[0;39m [32morg.mybatis.spring.mapper.ClassPathMapperScanner[0;39m - Enabling autowire by type for MapperFactoryBean with name 'dataProjectMapper'.
[31m2026-06-03 15:37:44.110[0;39m [33m[main][0;39m [39mDEBUG[0;39m [32morg.mybatis.spring.mapper.ClassPathMapperScanner[0;39m - Creating MapperFactoryBean with name 'dataSampleMapper' and 'com.geo.dsp.module.data.mapper.DataSampleMapper' mapperInterface
[31m2026-06-03 15:37:44.110[0;39m [33m[main][0;39m [39mDEBUG[0;39m [32morg.mybatis.spring.mapper.ClassPathMapperScanner[0;39m - Enabling autowire by type for MapperFactoryBean with name 'dataSampleMapper'.
[31m2026-06-03 15:37:44.110[0;39m [33m[main][0;39m [39mDEBUG[0;39m [32morg.mybatis.spring.mapper.ClassPathMapperScanner[0;39m - Creating MapperFactoryBean with name 'dictMapper' and 'com.geo.dsp.module.data.mapper.DictMapper' mapperInterface
[31m2026-06-03 15:37:44.110[0;39m [33m[main][0;39m [39mDEBUG[0;39m [32morg.mybatis.spring.mapper.ClassPathMapperScanner[0;39m - Enabling autowire by type for MapperFactoryBean with name 'dictMapper'.
[31m2026-06-03 15:37:44.110[0;39m [33m[main][0;39m [39mDEBUG[0;39m [32morg.mybatis.spring.mapper.ClassPathMapperScanner[0;39m - Creating MapperFactoryBean with name 'operateMethodMapper' and 'com.geo.dsp.module.data.mapper.OperateMethodMapper' mapperInterface
[31m2026-06-03 15:37:44.110[0;39m [33m[main][0;39m [39mDEBUG[0;39m [32morg.mybatis.spring.mapper.ClassPathMapperScanner[0;39m - Enabling autowire by type for MapperFactoryBean with name 'operateMethodMapper'.
[31m2026-06-03 15:37:44.110[0;39m [33m[main][0;39m [39mDEBUG[0;39m [32morg.mybatis.spring.mapper.ClassPathMapperScanner[0;39m - Creating MapperFactoryBean with name 'operationLogMapper' and 'com.geo.dsp.module.data.mapper.OperationLogMapper' mapperInterface
[31m2026-06-03 15:37:44.110[0;39m [33m[main][0;39m [39mDEBUG[0;39m [32morg.mybatis.spring.mapper.ClassPathMapperScanner[0;39m - Enabling autowire by type for MapperFactoryBean with name 'operationLogMapper'.
[31m2026-06-03 15:37:44.110[0;39m [33m[main][0;39m [39mDEBUG[0;39m [32morg.mybatis.spring.mapper.ClassPathMapperScanner[0;39m - Creating MapperFactoryBean with name 'projectMapper' and 'com.geo.dsp.module.data.mapper.ProjectMapper' mapperInterface
[31m2026-06-03 15:37:44.110[0;39m [33m[main][0;39m [39mDEBUG[0;39m [32morg.mybatis.spring.mapper.ClassPathMapperScanner[0;39m - Enabling autowire by type for MapperFactoryBean with name 'projectMapper'.
[31m2026-06-03 15:37:44.110[0;39m [33m[main][0;39m [39mDEBUG[0;39m [32morg.mybatis.spring.mapper.ClassPathMapperScanner[0;39m - Creating MapperFactoryBean with name 'taskAuditMapper' and 'com.geo.dsp.module.data.mapper.TaskAuditMapper' mapperInterface
[31m2026-06-03 15:37:44.111[0;39m [33m[main][0;39m [39mDEBUG[0;39m [32morg.mybatis.spring.mapper.ClassPathMapperScanner[0;39m - Enabling autowire by type for MapperFactoryBean with name 'taskAuditMapper'.
[31m2026-06-03 15:37:44.111[0;39m [33m[main][0;39m [39mDEBUG[0;39m [32morg.mybatis.spring.mapper.ClassPathMapperScanner[0;39m - Creating MapperFactoryBean with name 'dataWorksetMapper' and 'com.geo.dsp.module.equipment.mapper.DataWorksetMapper' mapperInterface
[31m2026-06-03 15:37:44.111[0;39m [33m[main][0;39m [39mDEBUG[0;39m [32morg.mybatis.spring.mapper.ClassPathMapperScanner[0;39m - Enabling autowire by type for MapperFactoryBean with name 'dataWorksetMapper'.
[31m2026-06-03 15:37:44.111[0;39m [33m[main][0;39m [39mDEBUG[0;39m [32morg.mybatis.spring.mapper.ClassPathMapperScanner[0;39m - Creating MapperFactoryBean with name 'deviceLimitMapper' and 'com.geo.dsp.module.equipment.mapper.DeviceLimitMapper' mapperInterface
[31m2026-06-03 15:37:44.111[0;39m [33m[main][0;39m [39mDEBUG[0;39m [32morg.mybatis.spring.mapper.ClassPathMapperScanner[0;39m - Enabling autowire by type for MapperFactoryBean with name 'deviceLimitMapper'.
[31m2026-06-03 15:37:44.111[0;39m [33m[main][0;39m [39mDEBUG[0;39m [32morg.mybatis.spring.mapper.ClassPathMapperScanner[0;39m - Creating MapperFactoryBean with name 'deviceMapper' and 'com.geo.dsp.module.equipment.mapper.DeviceMapper' mapperInterface
[31m2026-06-03 15:37:44.111[0;39m [33m[main][0;39m [39mDEBUG[0;39m [32morg.mybatis.spring.mapper.ClassPathMapperScanner[0;39m - Enabling autowire by type for MapperFactoryBean with name 'deviceMapper'.
[31m2026-06-03 15:37:44.112[0;39m [33m[main][0;39m [39mDEBUG[0;39m [32morg.mybatis.spring.mapper.ClassPathMapperScanner[0;39m - Creating MapperFactoryBean with name 'deviceTypeMapper' and 'com.geo.dsp.module.equipment.mapper.DeviceTypeMapper' mapperInterface
[31m2026-06-03 15:37:44.112[0;39m [33m[main][0;39m [39mDEBUG[0;39m [32morg.mybatis.spring.mapper.ClassPathMapperScanner[0;39m - Enabling autowire by type for MapperFactoryBean with name 'deviceTypeMapper'.
[31m2026-06-03 15:37:44.112[0;39m [33m[main][0;39m [39mDEBUG[0;39m [32morg.mybatis.spring.mapper.ClassPathMapperScanner[0;39m - Creating MapperFactoryBean with name 'useRecordMapper' and 'com.geo.dsp.module.equipment.mapper.UseRecordMapper' mapperInterface
[31m2026-06-03 15:37:44.112[0;39m [33m[main][0;39m [39mDEBUG[0;39m [32morg.mybatis.spring.mapper.ClassPathMapperScanner[0;39m - Enabling autowire by type for MapperFactoryBean with name 'useRecordMapper'.
[31m2026-06-03 15:37:44.112[0;39m [33m[main][0;39m [39mDEBUG[0;39m [32morg.mybatis.spring.mapper.ClassPathMapperScanner[0;39m - Creating MapperFactoryBean with name 'loginLogMapper' and 'com.geo.dsp.module.login.mapper.LoginLogMapper' mapperInterface
[31m2026-06-03 15:37:44.113[0;39m [33m[main][0;39m [39mDEBUG[0;39m [32morg.mybatis.spring.mapper.ClassPathMapperScanner[0;39m - Enabling autowire by type for MapperFactoryBean with name 'loginLogMapper'.
[31m2026-06-03 15:37:44.113[0;39m [33m[main][0;39m [39mDEBUG[0;39m [32morg.mybatis.spring.mapper.ClassPathMapperScanner[0;39m - Creating MapperFactoryBean with name 'operateLogMapper' and 'com.geo.dsp.module.login.mapper.OperateLogMapper' mapperInterface
[31m2026-06-03 15:37:44.113[0;39m [33m[main][0;39m [39mDEBUG[0;39m [32morg.mybatis.spring.mapper.ClassPathMapperScanner[0;39m - Enabling autowire by type for MapperFactoryBean with name 'operateLogMapper'.
[31m2026-06-03 15:37:44.113[0;39m [33m[main][0;39m [39mDEBUG[0;39m [32morg.mybatis.spring.mapper.ClassPathMapperScanner[0;39m - Creating MapperFactoryBean with name 'operatorManageMapper' and 'com.geo.dsp.module.privilege.mapper.OperatorManageMapper' mapperInterface
[31m2026-06-03 15:37:44.113[0;39m [33m[main][0;39m [39mDEBUG[0;39m [32morg.mybatis.spring.mapper.ClassPathMapperScanner[0;39m - Enabling autowire by type for MapperFactoryBean with name 'operatorManageMapper'.
[31m2026-06-03 15:37:44.113[0;39m [33m[main][0;39m [39mDEBUG[0;39m [32morg.mybatis.spring.mapper.ClassPathMapperScanner[0;39m - Creating MapperFactoryBean with name 'permissionMapper' and 'com.geo.dsp.module.privilege.mapper.PermissionMapper' mapperInterface
[31m2026-06-03 15:37:44.113[0;39m [33m[main][0;39m [39mDEBUG[0;39m [32morg.mybatis.spring.mapper.ClassPathMapperScanner[0;39m - Enabling autowire by type for MapperFactoryBean with name 'permissionMapper'.
[31m2026-06-03 15:37:44.113[0;39m [33m[main][0;39m [39mDEBUG[0;39m [32morg.mybatis.spring.mapper.ClassPathMapperScanner[0;39m - Creating MapperFactoryBean with name 'roleMapper' and 'com.geo.dsp.module.privilege.mapper.RoleMapper' mapperInterface
[31m2026-06-03 15:37:44.113[0;39m [33m[main][0;39m [39mDEBUG[0;39m [32morg.mybatis.spring.mapper.ClassPathMapperScanner[0;39m - Enabling autowire by type for MapperFactoryBean with name 'roleMapper'.
[31m2026-06-03 15:37:44.113[0;39m [33m[main][0;39m [39mDEBUG[0;39m [32morg.mybatis.spring.mapper.ClassPathMapperScanner[0;39m - Creating MapperFactoryBean with name 'rolePermisMapper' and 'com.geo.dsp.module.privilege.mapper.RolePermisMapper' mapperInterface
[31m2026-06-03 15:37:44.114[0;39m [33m[main][0;39m [39mDEBUG[0;39m [32morg.mybatis.spring.mapper.ClassPathMapperScanner[0;39m - Enabling autowire by type for MapperFactoryBean with name 'rolePermisMapper'.
[31m2026-06-03 15:37:44.114[0;39m [33m[main][0;39m [39mDEBUG[0;39m [32morg.mybatis.spring.mapper.ClassPathMapperScanner[0;39m - Creating MapperFactoryBean with name 'userRoleMapper' and 'com.geo.dsp.module.privilege.mapper.UserRoleMapper' mapperInterface
[31m2026-06-03 15:37:44.114[0;39m [33m[main][0;39m [39mDEBUG[0;39m [32morg.mybatis.spring.mapper.ClassPathMapperScanner[0;39m - Enabling autowire by type for MapperFactoryBean with name 'userRoleMapper'.
[31m2026-06-03 15:37:44.114[0;39m [33m[main][0;39m [39mDEBUG[0;39m [32morg.mybatis.spring.mapper.ClassPathMapperScanner[0;39m - Creating MapperFactoryBean with name 'companyMapper' and 'com.geo.dsp.module.user.mapper.CompanyMapper' mapperInterface
[31m2026-06-03 15:37:44.115[0;39m [33m[main][0;39m [39mDEBUG[0;39m [32morg.mybatis.spring.mapper.ClassPathMapperScanner[0;39m - Enabling autowire by type for MapperFactoryBean with name 'companyMapper'.
[31m2026-06-03 15:37:44.115[0;39m [33m[main][0;39m [39mDEBUG[0;39m [32morg.mybatis.spring.mapper.ClassPathMapperScanner[0;39m - Creating MapperFactoryBean with name 'userImageMapper' and 'com.geo.dsp.module.user.mapper.UserImageMapper' mapperInterface
[31m2026-06-03 15:37:44.115[0;39m [33m[main][0;39m [39mDEBUG[0;39m [32morg.mybatis.spring.mapper.ClassPathMapperScanner[0;39m - Enabling autowire by type for MapperFactoryBean with name 'userImageMapper'.
[31m2026-06-03 15:37:44.115[0;39m [33m[main][0;39m [39mDEBUG[0;39m [32morg.mybatis.spring.mapper.ClassPathMapperScanner[0;39m - Creating MapperFactoryBean with name 'userMapper' and 'com.geo.dsp.module.user.mapper.UserMapper' mapperInterface
[31m2026-06-03 15:37:44.115[0;39m [33m[main][0;39m [39mDEBUG[0;39m [32morg.mybatis.spring.mapper.ClassPathMapperScanner[0;39m - Enabling autowire by type for MapperFactoryBean with name 'userMapper'.
[31m2026-06-03 15:37:45.000[0;39m [33m[main][0;39m [39mDEBUG[0;39m [32mo.s.b.w.e.tomcat.TomcatServletWebServerFactory[0;39m - Code archive: C:\Users\22317\Desktop\bbb\geodspp\dsp.jar
[31m2026-06-03 15:37:45.000[0;39m [33m[main][0;39m [39mDEBUG[0;39m [32mo.s.b.w.e.tomcat.TomcatServletWebServerFactory[0;39m - Code archive: C:\Users\22317\Desktop\bbb\geodspp\dsp.jar
[31m2026-06-03 15:37:45.001[0;39m [33m[main][0;39m [39mDEBUG[0;39m [32mo.s.b.w.e.tomcat.TomcatServletWebServerFactory[0;39m - None of the document roots [src/main/webapp, public, static] point to a directory and will be ignored.
[31m2026-06-03 15:37:45.087[0;39m [33m[main][0;39m [34mINFO [0;39m [32mo.s.boot.web.embedded.tomcat.TomcatWebServer[0;39m - Tomcat initialized with port 9966 (http)
[31m2026-06-03 15:37:45.117[0;39m [33m[main][0;39m [34mINFO [0;39m [32morg.apache.coyote.http11.Http11NioProtocol[0;39m - Initializing ProtocolHandler ["http-nio-9966"]
[31m2026-06-03 15:37:45.123[0;39m [33m[main][0;39m [34mINFO [0;39m [32morg.apache.catalina.core.StandardService[0;39m - Starting service [Tomcat]
[31m2026-06-03 15:37:45.123[0;39m [33m[main][0;39m [34mINFO [0;39m [32morg.apache.catalina.core.StandardEngine[0;39m - Starting Servlet engine: [Apache Tomcat/10.1.33]
[31m2026-06-03 15:37:45.214[0;39m [33m[main][0;39m [34mINFO [0;39m [32mo.a.c.c.ContainerBase.[Tomcat].[localhost].[/geo][0;39m - Initializing Spring embedded WebApplicationContext
[31m2026-06-03 15:37:45.214[0;39m [33m[main][0;39m [39mDEBUG[0;39m [32mo.s.b.w.s.c.ServletWebServerApplicationContext[0;39m - Published root WebApplicationContext as ServletContext attribute with name [org.springframework.web.context.WebApplicationContext.ROOT]
[31m2026-06-03 15:37:45.214[0;39m [33m[main][0;39m [34mINFO [0;39m [32mo.s.b.w.s.c.ServletWebServerApplicationContext[0;39m - Root WebApplicationContext: initialization completed in 2318 ms
[31m2026-06-03 15:37:45.258[0;39m [33m[main][0;39m [39mDEBUG[0;39m [32mo.s.b.web.servlet.ServletContextInitializerBeans[0;39m - Mapping filters: springSecurityFilterChain urls=[/*] order=-100, characterEncodingFilter urls=[/*] order=-2147483648, formContentFilter urls=[/*] order=-9900, requestContextFilter urls=[/*] order=-105, jwtAuthenticationFilter urls=[/*] order=2147483647
[31m2026-06-03 15:37:45.259[0;39m [33m[main][0;39m [39mDEBUG[0;39m [32mo.s.b.web.servlet.ServletContextInitializerBeans[0;39m - Mapping servlets: dispatcherServlet urls=[/]
[31m2026-06-03 15:37:45.303[0;39m [33m[main][0;39m [39mDEBUG[0;39m [32mo.s.b.w.servlet.filter.OrderedRequestContextFilter[0;39m - Filter 'requestContextFilter' configured for use
[31m2026-06-03 15:37:45.307[0;39m [33m[main][0;39m [39mDEBUG[0;39m [32mcom.geo.dsp.filter.JwtAuthenticationFilter[0;39m - Filter 'jwtAuthenticationFilter' configured for use
[31m2026-06-03 15:37:45.307[0;39m [33m[main][0;39m [39mDEBUG[0;39m [32mo.s.b.w.s.filter.OrderedCharacterEncodingFilter[0;39m - Filter 'characterEncodingFilter' configured for use
[31m2026-06-03 15:37:45.308[0;39m [33m[main][0;39m [39mDEBUG[0;39m [32mo.s.b.w.s.DelegatingFilterProxyRegistrationBean$1[0;39m - Filter 'springSecurityFilterChain' configured for use
[31m2026-06-03 15:37:45.308[0;39m [33m[main][0;39m [39mDEBUG[0;39m [32mo.s.b.web.servlet.filter.OrderedFormContentFilter[0;39m - Filter 'formContentFilter' configured for use
Logging initialized using 'class org.apache.ibatis.logging.stdout.StdOutImpl' adapter.
Initialization Sequence datacenterId:17 workerId:10
 _ _   |_  _ _|_. ___ _ |    _ 
| | |\/|_)(_| | |_\  |_)||_|_\ 
     /               |         
                        3.5.5 
[31m2026-06-03 15:37:47.472[0;39m [33m[main][0;39m [39mDEBUG[0;39m [32mo.s.w.s.m.m.a.RequestMappingHandlerMapping[0;39m - 140 mappings in 'requestMappingHandlerMapping'
[31m2026-06-03 15:37:47.626[0;39m [33m[main][0;39m [39mDEBUG[0;39m [32mo.s.web.servlet.handler.SimpleUrlHandlerMapping[0;39m - Patterns [/webjars/**, /**] in 'resourceHandlerMapping'
[31m2026-06-03 15:37:47.690[0;39m [33m[main][0;39m [39mDEBUG[0;39m [32mo.s.w.s.m.m.a.RequestMappingHandlerAdapter[0;39m - ControllerAdvice beans: 0 @ModelAttribute, 0 @InitBinder, 1 RequestBodyAdvice, 1 ResponseBodyAdvice
[31m2026-06-03 15:37:47.770[0;39m [33m[main][0;39m [39mDEBUG[0;39m [32mo.s.w.s.m.m.a.ExceptionHandlerExceptionResolver[0;39m - ControllerAdvice beans: 1 @ExceptionHandler, 1 ResponseBodyAdvice
[31m2026-06-03 15:37:48.621[0;39m [33m[main][0;39m [34mINFO [0;39m [32morg.apache.coyote.http11.Http11NioProtocol[0;39m - Starting ProtocolHandler ["http-nio-9966"]
[31m2026-06-03 15:37:48.669[0;39m [33m[main][0;39m [34mINFO [0;39m [32mo.s.boot.web.embedded.tomcat.TomcatWebServer[0;39m - Tomcat started on port 9966 (http) with context path '/geo'
[31m2026-06-03 15:37:48.688[0;39m [33m[main][0;39m [39mDEBUG[0;39m [32mo.s.b.a.logging.ConditionEvaluationReportLogger[0;39m - 


============================
CONDITIONS EVALUATION REPORT
============================


Positive matches:
-----------------

   AopAutoConfiguration matched:
      - @ConditionalOnProperty (spring.aop.auto=true) matched (OnPropertyCondition)

   AopAutoConfiguration.ClassProxyingConfiguration matched:
      - @ConditionalOnMissingClass did not find unwanted class 'org.aspectj.weaver.Advice' (OnClassCondition)
      - @ConditionalOnProperty (spring.aop.proxy-target-class=true) matched (OnPropertyCondition)

   ApplicationAvailabilityAutoConfiguration#applicationAvailability matched:
      - @ConditionalOnMissingBean (types: org.springframework.boot.availability.ApplicationAvailability; SearchStrategy: all) did not find any beans (OnBeanCondition)

   DataSourceAutoConfiguration matched:
      - @ConditionalOnClass found required classes 'javax.sql.DataSource', 'org.springframework.jdbc.datasource.embedded.EmbeddedDatabaseType' (OnClassCondition)
      - @ConditionalOnMissingBean (types: io.r2dbc.spi.ConnectionFactory; SearchStrategy: all) did not find any beans (OnBeanCondition)

   DataSourceAutoConfiguration.PooledDataSourceConfiguration matched:
      - AnyNestedCondition 1 matched 1 did not; NestedCondition on DataSourceAutoConfiguration.PooledDataSourceCondition.PooledDataSourceAvailable PooledDataSource found supported DataSource; NestedCondition on DataSourceAutoConfiguration.PooledDataSourceCondition.ExplicitType @ConditionalOnProperty (spring.datasource.type) did not find property 'type' (DataSourceAutoConfiguration.PooledDataSourceCondition)
      - @ConditionalOnMissingBean (types: javax.sql.DataSource,javax.sql.XADataSource; SearchStrategy: all) did not find any beans (OnBeanCondition)

   DataSourceAutoConfiguration.PooledDataSourceConfiguration#jdbcConnectionDetails matched:
      - @ConditionalOnMissingBean (types: org.springframework.boot.autoconfigure.jdbc.JdbcConnectionDetails; SearchStrategy: all) did not find any beans (OnBeanCondition)

   DataSourceConfiguration.Hikari matched:
      - @ConditionalOnClass found required class 'com.zaxxer.hikari.HikariDataSource' (OnClassCondition)
      - @ConditionalOnProperty (spring.datasource.type=com.zaxxer.hikari.HikariDataSource) matched (OnPropertyCondition)
      - @ConditionalOnMissingBean (types: javax.sql.DataSource; SearchStrategy: all) did not find any beans (OnBeanCondition)

   DataSourceInitializationConfiguration matched:
      - @ConditionalOnClass found required class 'org.springframework.jdbc.datasource.init.DatabasePopulator' (OnClassCondition)
      - @ConditionalOnSingleCandidate (types: javax.sql.DataSource; SearchStrategy: all) found a single bean 'dataSource'; @ConditionalOnMissingBean (types: org.springframework.boot.autoconfigure.sql.init.SqlDataSourceScriptDatabaseInitializer,org.springframework.boot.autoconfigure.sql.init.SqlR2dbcScriptDatabaseInitializer; SearchStrategy: all) did not find any beans (OnBeanCondition)

   DataSourceJmxConfiguration matched:
      - @ConditionalOnProperty (spring.jmx.enabled=true) matched (OnPropertyCondition)

   DataSourceJmxConfiguration.Hikari matched:
      - @ConditionalOnClass found required class 'com.zaxxer.hikari.HikariDataSource' (OnClassCondition)
      - @ConditionalOnSingleCandidate (types: javax.sql.DataSource; SearchStrategy: all) found a single bean 'dataSource' (OnBeanCondition)

   DataSourcePoolMetadataProvidersConfiguration.HikariPoolDataSourceMetadataProviderConfiguration matched:
      - @ConditionalOnClass found required class 'com.zaxxer.hikari.HikariDataSource' (OnClassCondition)

   DataSourceTransactionManagerAutoConfiguration matched:
      - @ConditionalOnClass found required classes 'javax.sql.DataSource', 'org.springframework.jdbc.core.JdbcTemplate', 'org.springframework.transaction.TransactionManager' (OnClassCondition)

   DataSourceTransactionManagerAutoConfiguration.JdbcTransactionManagerConfiguration matched:
      - @ConditionalOnSingleCandidate (types: javax.sql.DataSource; SearchStrategy: all) found a single bean 'dataSource' (OnBeanCondition)

   DataSourceTransactionManagerAutoConfiguration.JdbcTransactionManagerConfiguration#transactionManager matched:
      - @ConditionalOnMissingBean (types: org.springframework.transaction.TransactionManager; SearchStrategy: all) did not find any beans (OnBeanCondition)

   DisabledSecurityConfig matched:
      - @ConditionalOnProperty (security.enabled=false) matched (OnPropertyCondition)

   DispatcherServletAutoConfiguration matched:
      - @ConditionalOnClass found required class 'org.springframework.web.servlet.DispatcherServlet' (OnClassCondition)
      - found 'session' scope (OnWebApplicationCondition)

   DispatcherServletAutoConfiguration.DispatcherServletConfiguration matched:
      - @ConditionalOnClass found required class 'jakarta.servlet.ServletRegistration' (OnClassCondition)
      - Default DispatcherServlet did not find dispatcher servlet beans (DispatcherServletAutoConfiguration.DefaultDispatcherServletCondition)

   DispatcherServletAutoConfiguration.DispatcherServletRegistrationConfiguration matched:
      - @ConditionalOnClass found required class 'jakarta.servlet.ServletRegistration' (OnClassCondition)
      - DispatcherServlet Registration did not find servlet registration bean (DispatcherServletAutoConfiguration.DispatcherServletRegistrationCondition)

   DispatcherServletAutoConfiguration.DispatcherServletRegistrationConfiguration#dispatcherServletRegistration matched:
      - @ConditionalOnBean (names: dispatcherServlet types: org.springframework.web.servlet.DispatcherServlet; SearchStrategy: all) found bean 'dispatcherServlet' (OnBeanCondition)

   EmbeddedWebServerFactoryCustomizerAutoConfiguration matched:
      - @ConditionalOnWebApplication (required) found 'session' scope (OnWebApplicationCondition)
      - @ConditionalOnWarDeployment the application is not deployed as a WAR file. (OnWarDeploymentCondition)

   EmbeddedWebServerFactoryCustomizerAutoConfiguration.TomcatWebServerFactoryCustomizerConfiguration matched:
      - @ConditionalOnClass found required classes 'org.apache.catalina.startup.Tomcat', 'org.apache.coyote.UpgradeProtocol' (OnClassCondition)

   ErrorMvcAutoConfiguration matched:
      - @ConditionalOnClass found required classes 'jakarta.servlet.Servlet', 'org.springframework.web.servlet.DispatcherServlet' (OnClassCondition)
      - found 'session' scope (OnWebApplicationCondition)

   ErrorMvcAutoConfiguration#basicErrorController matched:
      - @ConditionalOnMissingBean (types: org.springframework.boot.web.servlet.error.ErrorController; SearchStrategy: current) did not find any beans (OnBeanCondition)

   ErrorMvcAutoConfiguration#errorAttributes matched:
      - @ConditionalOnMissingBean (types: org.springframework.boot.web.servlet.error.ErrorAttributes; SearchStrategy: current) did not find any beans (OnBeanCondition)

   ErrorMvcAutoConfiguration.DefaultErrorViewResolverConfiguration#conventionErrorViewResolver matched:
      - @ConditionalOnBean (types: org.springframework.web.servlet.DispatcherServlet; SearchStrategy: all) found bean 'dispatcherServlet'; @ConditionalOnMissingBean (types: org.springframework.boot.autoconfigure.web.servlet.error.ErrorViewResolver; SearchStrategy: all) did not find any beans (OnBeanCondition)

   ErrorMvcAutoConfiguration.WhitelabelErrorViewConfiguration matched:
      - @ConditionalOnProperty (server.error.whitelabel.enabled) matched (OnPropertyCondition)
      - ErrorTemplate Missing did not find error template view (ErrorMvcAutoConfiguration.ErrorTemplateMissingCondition)

   ErrorMvcAutoConfiguration.WhitelabelErrorViewConfiguration#beanNameViewResolver matched:
      - @ConditionalOnMissingBean (types: org.springframework.web.servlet.view.BeanNameViewResolver; SearchStrategy: all) did not find any beans (OnBeanCondition)

   ErrorMvcAutoConfiguration.WhitelabelErrorViewConfiguration#defaultErrorView matched:
      - @ConditionalOnMissingBean (names: error; SearchStrategy: all) did not find any beans (OnBeanCondition)

   GenericCacheConfiguration matched:
      - Cache org.springframework.boot.autoconfigure.cache.GenericCacheConfiguration automatic cache type (CacheCondition)

   GsonAutoConfiguration matched:
      - @ConditionalOnClass found required class 'com.google.gson.Gson' (OnClassCondition)

   GsonAutoConfiguration#gson matched:
      - @ConditionalOnMissingBean (types: com.google.gson.Gson; SearchStrategy: all) did not find any beans (OnBeanCondition)

   GsonAutoConfiguration#gsonBuilder matched:
      - @ConditionalOnMissingBean (types: com.google.gson.GsonBuilder; SearchStrategy: all) did not find any beans (OnBeanCondition)

   GsonHttpMessageConvertersConfiguration matched:
      - @ConditionalOnClass found required class 'com.google.gson.Gson' (OnClassCondition)

   HttpClientAutoConfiguration matched:
      - @ConditionalOnClass found required class 'org.springframework.http.client.ClientHttpRequestFactory' (OnClassCondition)
      - NoneNestedConditions 0 matched 1 did not; NestedCondition on NotReactiveWebApplicationCondition.ReactiveWebApplication did not find reactive web application classes (NotReactiveWebApplicationCondition)

   HttpClientAutoConfiguration#clientHttpRequestFactoryBuilder matched:
      - @ConditionalOnMissingBean (types: org.springframework.boot.http.client.ClientHttpRequestFactoryBuilder; SearchStrategy: all) did not find any beans (OnBeanCondition)

   HttpClientAutoConfiguration#clientHttpRequestFactorySettings matched:
      - @ConditionalOnMissingBean (types: org.springframework.boot.http.client.ClientHttpRequestFactorySettings; SearchStrategy: all) did not find any beans (OnBeanCondition)

   HttpEncodingAutoConfiguration matched:
      - @ConditionalOnClass found required class 'org.springframework.web.filter.CharacterEncodingFilter' (OnClassCondition)
      - found 'session' scope (OnWebApplicationCondition)
      - @ConditionalOnProperty (server.servlet.encoding.enabled) matched (OnPropertyCondition)

   HttpEncodingAutoConfiguration#characterEncodingFilter matched:
      - @ConditionalOnMissingBean (types: org.springframework.web.filter.CharacterEncodingFilter; SearchStrategy: all) did not find any beans (OnBeanCondition)

   HttpMessageConvertersAutoConfiguration matched:
      - @ConditionalOnClass found required class 'org.springframework.http.converter.HttpMessageConverter' (OnClassCondition)
      - NoneNestedConditions 0 matched 1 did not; NestedCondition on HttpMessageConvertersAutoConfiguration.NotReactiveWebApplicationCondition.ReactiveWebApplication did not find reactive web application classes (HttpMessageConvertersAutoConfiguration.NotReactiveWebApplicationCondition)

   HttpMessageConvertersAutoConfiguration#messageConverters matched:
      - @ConditionalOnMissingBean (types: org.springframework.boot.autoconfigure.http.HttpMessageConverters; SearchStrategy: all) did not find any beans (OnBeanCondition)

   HttpMessageConvertersAutoConfiguration.StringHttpMessageConverterConfiguration matched:
      - @ConditionalOnClass found required class 'org.springframework.http.converter.StringHttpMessageConverter' (OnClassCondition)

   HttpMessageConvertersAutoConfiguration.StringHttpMessageConverterConfiguration#stringHttpMessageConverter matched:
      - @ConditionalOnMissingBean (types: org.springframework.http.converter.StringHttpMessageConverter; SearchStrategy: all) did not find any beans (OnBeanCondition)

   JacksonAutoConfiguration matched:
      - @ConditionalOnClass found required class 'com.fasterxml.jackson.databind.ObjectMapper' (OnClassCondition)

   JacksonAutoConfiguration.Jackson2ObjectMapperBuilderCustomizerConfiguration matched:
      - @ConditionalOnClass found required class 'org.springframework.http.converter.json.Jackson2ObjectMapperBuilder' (OnClassCondition)

   JacksonAutoConfiguration.JacksonObjectMapperBuilderConfiguration matched:
      - @ConditionalOnClass found required class 'org.springframework.http.converter.json.Jackson2ObjectMapperBuilder' (OnClassCondition)

   JacksonAutoConfiguration.JacksonObjectMapperBuilderConfiguration#jacksonObjectMapperBuilder matched:
      - @ConditionalOnMissingBean (types: org.springframework.http.converter.json.Jackson2ObjectMapperBuilder; SearchStrategy: all) did not find any beans (OnBeanCondition)

   JacksonAutoConfiguration.JacksonObjectMapperConfiguration matched:
      - @ConditionalOnClass found required class 'org.springframework.http.converter.json.Jackson2ObjectMapperBuilder' (OnClassCondition)

   JacksonAutoConfiguration.JacksonObjectMapperConfiguration#jacksonObjectMapper matched:
      - @ConditionalOnMissingBean (types: com.fasterxml.jackson.databind.ObjectMapper; SearchStrategy: all) did not find any beans (OnBeanCondition)

   JacksonAutoConfiguration.ParameterNamesModuleConfiguration matched:
      - @ConditionalOnClass found required class 'com.fasterxml.jackson.module.paramnames.ParameterNamesModule' (OnClassCondition)

   JacksonAutoConfiguration.ParameterNamesModuleConfiguration#parameterNamesModule matched:
      - @ConditionalOnMissingBean (types: com.fasterxml.jackson.module.paramnames.ParameterNamesModule; SearchStrategy: all) did not find any beans (OnBeanCondition)

   JacksonHttpMessageConvertersConfiguration.MappingJackson2HttpMessageConverterConfiguration matched:
      - @ConditionalOnClass found required class 'com.fasterxml.jackson.databind.ObjectMapper' (OnClassCondition)
      - @ConditionalOnProperty (spring.mvc.converters.preferred-json-mapper=jackson) matched (OnPropertyCondition)
      - @ConditionalOnBean (types: com.fasterxml.jackson.databind.ObjectMapper; SearchStrategy: all) found bean 'jacksonObjectMapper' (OnBeanCondition)

   JacksonHttpMessageConvertersConfiguration.MappingJackson2HttpMessageConverterConfiguration#mappingJackson2HttpMessageConverter matched:
      - @ConditionalOnMissingBean (types: org.springframework.http.converter.json.MappingJackson2HttpMessageConverter ignored: org.springframework.hateoas.server.mvc.TypeConstrainedMappingJackson2HttpMessageConverter,org.springframework.data.rest.webmvc.alps.AlpsJsonHttpMessageConverter; SearchStrategy: all) did not find any beans (OnBeanCondition)

   JdbcClientAutoConfiguration matched:
      - @ConditionalOnSingleCandidate (types: org.springframework.jdbc.core.namedparam.NamedParameterJdbcTemplate; SearchStrategy: all) found a single bean 'namedParameterJdbcTemplate'; @ConditionalOnMissingBean (types: org.springframework.jdbc.core.simple.JdbcClient; SearchStrategy: all) did not find any beans (OnBeanCondition)

   JdbcTemplateAutoConfiguration matched:
      - @ConditionalOnClass found required classes 'javax.sql.DataSource', 'org.springframework.jdbc.core.JdbcTemplate' (OnClassCondition)
      - @ConditionalOnSingleCandidate (types: javax.sql.DataSource; SearchStrategy: all) found a single bean 'dataSource' (OnBeanCondition)

   JdbcTemplateConfiguration matched:
      - @ConditionalOnMissingBean (types: org.springframework.jdbc.core.JdbcOperations; SearchStrategy: all) did not find any beans (OnBeanCondition)

   LettuceConnectionConfiguration matched:
      - @ConditionalOnClass found required class 'io.lettuce.core.RedisClient' (OnClassCondition)
      - @ConditionalOnProperty (spring.data.redis.client-type=lettuce) matched (OnPropertyCondition)

   LettuceConnectionConfiguration#lettuceClientResources matched:
      - @ConditionalOnMissingBean (types: io.lettuce.core.resource.ClientResources; SearchStrategy: all) did not find any beans (OnBeanCondition)

   LettuceConnectionConfiguration#redisConnectionFactory matched:
      - @ConditionalOnMissingBean (types: org.springframework.data.redis.connection.RedisConnectionFactory; SearchStrategy: all) did not find any beans (OnBeanCondition)
      - @ConditionalOnThreading found PLATFORM (OnThreadingCondition)

   LifecycleAutoConfiguration#defaultLifecycleProcessor matched:
      - @ConditionalOnMissingBean (names: lifecycleProcessor; SearchStrategy: current) did not find any beans (OnBeanCondition)

   MomentsAutoConfiguration matched:
      - @ConditionalOnProperty (spring.modulith.moments.enabled=true) matched (OnPropertyCondition)

   MomentsAutoConfiguration#moments matched:
      - @ConditionalOnProperty (spring.modulith.moments.enable-time-machine=false) matched (OnPropertyCondition)

   MultipartAutoConfiguration matched:
      - @ConditionalOnClass found required classes 'jakarta.servlet.Servlet', 'org.springframework.web.multipart.support.StandardServletMultipartResolver', 'jakarta.servlet.MultipartConfigElement' (OnClassCondition)
      - found 'session' scope (OnWebApplicationCondition)
      - @ConditionalOnProperty (spring.servlet.multipart.enabled) matched (OnPropertyCondition)

   MultipartAutoConfiguration#multipartConfigElement matched:
      - @ConditionalOnMissingBean (types: jakarta.servlet.MultipartConfigElement; SearchStrategy: all) did not find any beans (OnBeanCondition)

   MultipartAutoConfiguration#multipartResolver matched:
      - @ConditionalOnMissingBean (types: org.springframework.web.multipart.MultipartResolver; SearchStrategy: all) did not find any beans (OnBeanCondition)

   MybatisPlusAutoConfiguration matched:
      - @ConditionalOnClass found required classes 'org.apache.ibatis.session.SqlSessionFactory', 'org.mybatis.spring.SqlSessionFactoryBean' (OnClassCondition)
      - @ConditionalOnSingleCandidate (types: javax.sql.DataSource; SearchStrategy: all) found a single bean 'dataSource' (OnBeanCondition)

   MybatisPlusAutoConfiguration#ddlApplicationRunner matched:
      - @ConditionalOnMissingBean (types: com.baomidou.mybatisplus.autoconfigure.DdlApplicationRunner; SearchStrategy: all) did not find any beans (OnBeanCondition)

   MybatisPlusAutoConfiguration#sqlSessionFactory matched:
      - @ConditionalOnMissingBean (types: org.apache.ibatis.session.SqlSessionFactory; SearchStrategy: all) did not find any beans (OnBeanCondition)

   MybatisPlusAutoConfiguration#sqlSessionTemplate matched:
      - @ConditionalOnMissingBean (types: org.mybatis.spring.SqlSessionTemplate; SearchStrategy: all) did not find any beans (OnBeanCondition)

   MybatisPlusLanguageDriverAutoConfiguration matched:
      - @ConditionalOnClass found required class 'org.apache.ibatis.scripting.LanguageDriver' (OnClassCondition)

   NamedParameterJdbcTemplateConfiguration matched:
      - @ConditionalOnSingleCandidate (types: org.springframework.jdbc.core.JdbcTemplate; SearchStrategy: all) found a single bean 'jdbcTemplate'; @ConditionalOnMissingBean (types: org.springframework.jdbc.core.namedparam.NamedParameterJdbcOperations; SearchStrategy: all) did not find any beans (OnBeanCondition)

   NettyAutoConfiguration matched:
      - @ConditionalOnClass found required class 'io.netty.util.NettyRuntime' (OnClassCondition)

   NoOpCacheConfiguration matched:
      - Cache org.springframework.boot.autoconfigure.cache.NoOpCacheConfiguration automatic cache type (CacheCondition)

   PersistenceExceptionTranslationAutoConfiguration matched:
      - @ConditionalOnClass found required class 'org.springframework.dao.annotation.PersistenceExceptionTranslationPostProcessor' (OnClassCondition)

   PersistenceExceptionTranslationAutoConfiguration#persistenceExceptionTranslationPostProcessor matched:
      - @ConditionalOnProperty (spring.dao.exceptiontranslation.enabled) matched (OnPropertyCondition)
      - @ConditionalOnMissingBean (types: org.springframework.dao.annotation.PersistenceExceptionTranslationPostProcessor; SearchStrategy: all) did not find any beans (OnBeanCondition)

   PropertyPlaceholderAutoConfiguration#propertySourcesPlaceholderConfigurer matched:
      - @ConditionalOnMissingBean (types: org.springframework.context.support.PropertySourcesPlaceholderConfigurer; SearchStrategy: current) did not find any beans (OnBeanCondition)

   RabbitAnnotationDrivenConfiguration matched:
      - @ConditionalOnClass found required class 'org.springframework.amqp.rabbit.annotation.EnableRabbit' (OnClassCondition)

   RabbitAnnotationDrivenConfiguration#directRabbitListenerContainerFactoryConfigurer matched:
      - @ConditionalOnMissingBean (types: org.springframework.boot.autoconfigure.amqp.DirectRabbitListenerContainerFactoryConfigurer; SearchStrategy: all) did not find any beans (OnBeanCondition)
      - @ConditionalOnThreading found PLATFORM (OnThreadingCondition)

   RabbitAnnotationDrivenConfiguration#simpleRabbitListenerContainerFactory matched:
      - @ConditionalOnProperty (spring.rabbitmq.listener.type=simple) matched (OnPropertyCondition)
      - @ConditionalOnMissingBean (names: rabbitListenerContainerFactory; SearchStrategy: all) did not find any beans (OnBeanCondition)

   RabbitAnnotationDrivenConfiguration#simpleRabbitListenerContainerFactoryConfigurer matched:
      - @ConditionalOnMissingBean (types: org.springframework.boot.autoconfigure.amqp.SimpleRabbitListenerContainerFactoryConfigurer; SearchStrategy: all) did not find any beans (OnBeanCondition)
      - @ConditionalOnThreading found PLATFORM (OnThreadingCondition)

   RabbitAnnotationDrivenConfiguration.EnableRabbitConfiguration matched:
      - @ConditionalOnMissingBean (names: org.springframework.amqp.rabbit.config.internalRabbitListenerAnnotationProcessor; SearchStrategy: all) did not find any beans (OnBeanCondition)

   RabbitAutoConfiguration matched:
      - @ConditionalOnClass found required classes 'org.springframework.amqp.rabbit.core.RabbitTemplate', 'com.rabbitmq.client.Channel' (OnClassCondition)

   RabbitAutoConfiguration.MessagingTemplateConfiguration matched:
      - @ConditionalOnClass found required class 'org.springframework.amqp.rabbit.core.RabbitMessagingTemplate' (OnClassCondition)
      - @ConditionalOnMissingBean (types: org.springframework.amqp.rabbit.core.RabbitMessagingTemplate; SearchStrategy: all) did not find any beans (OnBeanCondition)

   RabbitAutoConfiguration.MessagingTemplateConfiguration#rabbitMessagingTemplate matched:
      - @ConditionalOnSingleCandidate (types: org.springframework.amqp.rabbit.core.RabbitTemplate; SearchStrategy: all) found a single bean 'rabbitTemplate' (OnBeanCondition)

   RabbitAutoConfiguration.RabbitConnectionFactoryCreator#rabbitConnectionDetails matched:
      - @ConditionalOnMissingBean (types: org.springframework.boot.autoconfigure.amqp.RabbitConnectionDetails; SearchStrategy: all) did not find any beans (OnBeanCondition)

   RabbitAutoConfiguration.RabbitConnectionFactoryCreator#rabbitConnectionFactory matched:
      - @ConditionalOnMissingBean (types: org.springframework.amqp.rabbit.connection.ConnectionFactory; SearchStrategy: all) did not find any beans (OnBeanCondition)

   RabbitAutoConfiguration.RabbitConnectionFactoryCreator#rabbitConnectionFactoryBeanConfigurer matched:
      - @ConditionalOnMissingBean (types: org.springframework.boot.autoconfigure.amqp.RabbitConnectionFactoryBeanConfigurer; SearchStrategy: all) did not find any beans (OnBeanCondition)

   RabbitAutoConfiguration.RabbitConnectionFactoryCreator#rabbitConnectionFactoryConfigurer matched:
      - @ConditionalOnMissingBean (types: org.springframework.boot.autoconfigure.amqp.CachingConnectionFactoryConfigurer; SearchStrategy: all) did not find any beans (OnBeanCondition)

   RabbitAutoConfiguration.RabbitTemplateConfiguration#amqpAdmin matched:
      - @ConditionalOnProperty (spring.rabbitmq.dynamic) matched (OnPropertyCondition)
      - @ConditionalOnSingleCandidate (types: org.springframework.amqp.rabbit.connection.ConnectionFactory; SearchStrategy: all) found a single bean 'rabbitConnectionFactory'; @ConditionalOnMissingBean (types: org.springframework.amqp.core.AmqpAdmin; SearchStrategy: all) did not find any beans (OnBeanCondition)

   RabbitAutoConfiguration.RabbitTemplateConfiguration#rabbitTemplate matched:
      - @ConditionalOnSingleCandidate (types: org.springframework.amqp.rabbit.connection.ConnectionFactory; SearchStrategy: all) found a single bean 'rabbitConnectionFactory'; @ConditionalOnMissingBean (types: org.springframework.amqp.rabbit.core.RabbitOperations; SearchStrategy: all) did not find any beans (OnBeanCondition)

   RabbitAutoConfiguration.RabbitTemplateConfiguration#rabbitTemplateConfigurer matched:
      - @ConditionalOnMissingBean (types: org.springframework.boot.autoconfigure.amqp.RabbitTemplateConfigurer; SearchStrategy: all) did not find any beans (OnBeanCondition)

   ReactorAutoConfiguration matched:
      - @ConditionalOnClass found required class 'reactor.core.publisher.Hooks' (OnClassCondition)

   RedisAutoConfiguration matched:
      - @ConditionalOnClass found required class 'org.springframework.data.redis.core.RedisOperations' (OnClassCondition)

   RedisAutoConfiguration#redisConnectionDetails matched:
      - @ConditionalOnMissingBean (types: org.springframework.boot.autoconfigure.data.redis.RedisConnectionDetails; SearchStrategy: all) did not find any beans (OnBeanCondition)

   RedisAutoConfiguration#stringRedisTemplate matched:
      - @ConditionalOnSingleCandidate (types: org.springframework.data.redis.connection.RedisConnectionFactory; SearchStrategy: all) found a single bean 'redisConnectionFactory'; @ConditionalOnMissingBean (types: org.springframework.data.redis.core.StringRedisTemplate; SearchStrategy: all) did not find any beans (OnBeanCondition)

   RedisCacheConfiguration matched:
      - @ConditionalOnClass found required class 'org.springframework.data.redis.connection.RedisConnectionFactory' (OnClassCondition)
      - Cache org.springframework.boot.autoconfigure.cache.RedisCacheConfiguration automatic cache type (CacheCondition)

   RedisReactiveAutoConfiguration matched:
      - @ConditionalOnClass found required classes 'org.springframework.data.redis.connection.ReactiveRedisConnectionFactory', 'org.springframework.data.redis.core.ReactiveRedisTemplate', 'reactor.core.publisher.Flux' (OnClassCondition)

   RedisReactiveAutoConfiguration#reactiveRedisTemplate matched:
      - @ConditionalOnBean (types: org.springframework.data.redis.connection.ReactiveRedisConnectionFactory; SearchStrategy: all) found bean 'redisConnectionFactory'; @ConditionalOnMissingBean (names: reactiveRedisTemplate; SearchStrategy: all) did not find any beans (OnBeanCondition)

   RedisReactiveAutoConfiguration#reactiveStringRedisTemplate matched:
      - @ConditionalOnBean (types: org.springframework.data.redis.connection.ReactiveRedisConnectionFactory; SearchStrategy: all) found bean 'redisConnectionFactory'; @ConditionalOnMissingBean (names: reactiveStringRedisTemplate; SearchStrategy: all) did not find any beans (OnBeanCondition)

   RedisRepositoriesAutoConfiguration matched:
      - @ConditionalOnClass found required class 'org.springframework.data.redis.repository.configuration.EnableRedisRepositories' (OnClassCondition)
      - @ConditionalOnProperty (spring.data.redis.repositories.enabled=true) matched (OnPropertyCondition)
      - @ConditionalOnBean (types: org.springframework.data.redis.connection.RedisConnectionFactory; SearchStrategy: all) found bean 'redisConnectionFactory'; @ConditionalOnMissingBean (types: org.springframework.data.redis.repository.support.RedisRepositoryFactoryBean; SearchStrategy: all) did not find any beans (OnBeanCondition)

   RestClientAutoConfiguration matched:
      - @ConditionalOnClass found required class 'org.springframework.web.client.RestClient' (OnClassCondition)
      - NoneNestedConditions 0 matched 1 did not; NestedCondition on NotReactiveWebApplicationCondition.ReactiveWebApplication did not find reactive web application classes (NotReactiveWebApplicationCondition)

   RestClientAutoConfiguration#httpMessageConvertersRestClientCustomizer matched:
      - @ConditionalOnMissingBean (types: org.springframework.boot.autoconfigure.web.client.HttpMessageConvertersRestClientCustomizer; SearchStrategy: all) did not find any beans (OnBeanCondition)

   RestClientAutoConfiguration#restClientBuilder matched:
      - @ConditionalOnMissingBean (types: org.springframework.web.client.RestClient$Builder; SearchStrategy: all) did not find any beans (OnBeanCondition)

   RestClientAutoConfiguration#restClientBuilderConfigurer matched:
      - @ConditionalOnMissingBean (types: org.springframework.boot.autoconfigure.web.client.RestClientBuilderConfigurer; SearchStrategy: all) did not find any beans (OnBeanCondition)

   RestClientAutoConfiguration#restClientSsl matched:
      - @ConditionalOnBean (types: org.springframework.boot.ssl.SslBundles; SearchStrategy: all) found bean 'sslBundleRegistry'; @ConditionalOnMissingBean (types: org.springframework.boot.autoconfigure.web.client.RestClientSsl; SearchStrategy: all) did not find any beans (OnBeanCondition)

   RestTemplateAutoConfiguration matched:
      - @ConditionalOnClass found required class 'org.springframework.web.client.RestTemplate' (OnClassCondition)
      - NoneNestedConditions 0 matched 1 did not; NestedCondition on NotReactiveWebApplicationCondition.ReactiveWebApplication did not find reactive web application classes (NotReactiveWebApplicationCondition)

   RestTemplateAutoConfiguration#restTemplateBuilder matched:
      - @ConditionalOnMissingBean (types: org.springframework.boot.web.client.RestTemplateBuilder; SearchStrategy: all) did not find any beans (OnBeanCondition)

   SecurityAutoConfiguration matched:
      - @ConditionalOnClass found required class 'org.springframework.security.authentication.DefaultAuthenticationEventPublisher' (OnClassCondition)

   SecurityAutoConfiguration#authenticationEventPublisher matched:
      - @ConditionalOnMissingBean (types: org.springframework.security.authentication.AuthenticationEventPublisher; SearchStrategy: all) did not find any beans (OnBeanCondition)

   SecurityFilterAutoConfiguration matched:
      - @ConditionalOnClass found required classes 'org.springframework.security.web.context.AbstractSecurityWebApplicationInitializer', 'org.springframework.security.config.http.SessionCreationPolicy' (OnClassCondition)
      - found 'session' scope (OnWebApplicationCondition)

   SecurityFilterAutoConfiguration#securityFilterChainRegistration matched:
      - @ConditionalOnBean (names: springSecurityFilterChain; SearchStrategy: all) found bean 'springSecurityFilterChain' (OnBeanCondition)

   ServletWebServerFactoryAutoConfiguration matched:
      - @ConditionalOnClass found required class 'jakarta.servlet.ServletRequest' (OnClassCondition)
      - found 'session' scope (OnWebApplicationCondition)

   ServletWebServerFactoryAutoConfiguration#tomcatServletWebServerFactoryCustomizer matched:
      - @ConditionalOnClass found required class 'org.apache.catalina.startup.Tomcat' (OnClassCondition)

   ServletWebServerFactoryConfiguration.EmbeddedTomcat matched:
      - @ConditionalOnClass found required classes 'jakarta.servlet.Servlet', 'org.apache.catalina.startup.Tomcat', 'org.apache.coyote.UpgradeProtocol' (OnClassCondition)
      - @ConditionalOnMissingBean (types: org.springframework.boot.web.servlet.server.ServletWebServerFactory; SearchStrategy: current) did not find any beans (OnBeanCondition)

   SimpleCacheConfiguration matched:
      - Cache org.springframework.boot.autoconfigure.cache.SimpleCacheConfiguration automatic cache type (CacheCondition)

   SpringBootWebSecurityConfiguration matched:
      - found 'session' scope (OnWebApplicationCondition)

   SpringBootWebSecurityConfiguration.WebSecurityEnablerConfiguration matched:
      - @ConditionalOnClass found required class 'org.springframework.security.config.annotation.web.configuration.EnableWebSecurity' (OnClassCondition)
      - @ConditionalOnMissingBean (names: springSecurityFilterChain; SearchStrategy: all) did not find any beans (OnBeanCondition)

   SpringDataWebAutoConfiguration matched:
      - @ConditionalOnClass found required classes 'org.springframework.data.web.PageableHandlerMethodArgumentResolver', 'org.springframework.web.servlet.config.annotation.WebMvcConfigurer' (OnClassCondition)
      - found 'session' scope (OnWebApplicationCondition)
      - @ConditionalOnMissingBean (types: org.springframework.data.web.PageableHandlerMethodArgumentResolver; SearchStrategy: all) did not find any beans (OnBeanCondition)

   SpringDataWebAutoConfiguration#pageableCustomizer matched:
      - @ConditionalOnMissingBean (types: org.springframework.data.web.config.PageableHandlerMethodArgumentResolverCustomizer; SearchStrategy: all) did not find any beans (OnBeanCondition)

   SpringDataWebAutoConfiguration#sortCustomizer matched:
      - @ConditionalOnMissingBean (types: org.springframework.data.web.config.SortHandlerMethodArgumentResolverCustomizer; SearchStrategy: all) did not find any beans (OnBeanCondition)

   SpringDataWebAutoConfiguration#springDataWebSettings matched:
      - @ConditionalOnMissingBean (types: org.springframework.data.web.config.SpringDataWebSettings; SearchStrategy: all) did not find any beans (OnBeanCondition)

   SqlInitializationAutoConfiguration matched:
      - @ConditionalOnProperty (spring.sql.init.enabled) matched (OnPropertyCondition)
      - NoneNestedConditions 0 matched 1 did not; NestedCondition on SqlInitializationAutoConfiguration.SqlInitializationModeCondition.ModeIsNever @ConditionalOnProperty (spring.sql.init.mode=never) did not find property 'mode' (SqlInitializationAutoConfiguration.SqlInitializationModeCondition)

   SslAutoConfiguration#sslBundleRegistry matched:
      - @ConditionalOnMissingBean (types: org.springframework.boot.ssl.SslBundleRegistry,org.springframework.boot.ssl.SslBundles; SearchStrategy: all) did not find any beans (OnBeanCondition)

   TaskExecutionAutoConfiguration matched:
      - @ConditionalOnClass found required class 'org.springframework.scheduling.concurrent.ThreadPoolTaskExecutor' (OnClassCondition)

   TaskExecutorConfigurations.SimpleAsyncTaskExecutorBuilderConfiguration#simpleAsyncTaskExecutorBuilder matched:
      - @ConditionalOnMissingBean (types: org.springframework.boot.task.SimpleAsyncTaskExecutorBuilder; SearchStrategy: all) did not find any beans (OnBeanCondition)
      - @ConditionalOnThreading found PLATFORM (OnThreadingCondition)

   TaskExecutorConfigurations.TaskExecutorConfiguration matched:
      - @ConditionalOnMissingBean (types: java.util.concurrent.Executor; SearchStrategy: all) did not find any beans (OnBeanCondition)

   TaskExecutorConfigurations.TaskExecutorConfiguration#applicationTaskExecutor matched:
      - @ConditionalOnThreading found PLATFORM (OnThreadingCondition)

   TaskExecutorConfigurations.ThreadPoolTaskExecutorBuilderConfiguration#threadPoolTaskExecutorBuilder matched:
      - @ConditionalOnMissingBean (types: org.springframework.boot.task.ThreadPoolTaskExecutorBuilder; SearchStrategy: all) did not find any beans (OnBeanCondition)

   TaskSchedulingAutoConfiguration matched:
      - @ConditionalOnClass found required class 'org.springframework.scheduling.concurrent.ThreadPoolTaskScheduler' (OnClassCondition)

   TaskSchedulingConfigurations.SimpleAsyncTaskSchedulerBuilderConfiguration#simpleAsyncTaskSchedulerBuilder matched:
      - @ConditionalOnMissingBean (types: org.springframework.boot.task.SimpleAsyncTaskSchedulerBuilder; SearchStrategy: all) did not find any beans (OnBeanCondition)
      - @ConditionalOnThreading found PLATFORM (OnThreadingCondition)

   TaskSchedulingConfigurations.ThreadPoolTaskSchedulerBuilderConfiguration#threadPoolTaskSchedulerBuilder matched:
      - @ConditionalOnMissingBean (types: org.springframework.boot.task.ThreadPoolTaskSchedulerBuilder; SearchStrategy: all) did not find any beans (OnBeanCondition)

   TransactionAutoConfiguration matched:
      - @ConditionalOnClass found required class 'org.springframework.transaction.PlatformTransactionManager' (OnClassCondition)

   TransactionAutoConfiguration.TransactionTemplateConfiguration matched:
      - @ConditionalOnSingleCandidate (types: org.springframework.transaction.PlatformTransactionManager; SearchStrategy: all) found a single bean 'transactionManager' (OnBeanCondition)

   TransactionAutoConfiguration.TransactionTemplateConfiguration#transactionTemplate matched:
      - @ConditionalOnMissingBean (types: org.springframework.transaction.support.TransactionOperations; SearchStrategy: all) did not find any beans (OnBeanCondition)

   TransactionManagerCustomizationAutoConfiguration matched:
      - @ConditionalOnClass found required class 'org.springframework.transaction.PlatformTransactionManager' (OnClassCondition)

   TransactionManagerCustomizationAutoConfiguration#platformTransactionManagerCustomizers matched:
      - @ConditionalOnMissingBean (types: org.springframework.boot.autoconfigure.transaction.TransactionManagerCustomizers; SearchStrategy: all) did not find any beans (OnBeanCondition)

   UserDetailsServiceAutoConfiguration matched:
      - @ConditionalOnClass found required class 'org.springframework.security.authentication.AuthenticationManager' (OnClassCondition)
      - AnyNestedCondition 3 matched 0 did not; NestedCondition on UserDetailsServiceAutoConfiguration.MissingAlternativeOrUserPropertiesConfigured.PasswordConfigured @ConditionalOnProperty (spring.security.user.password) matched; NestedCondition on UserDetailsServiceAutoConfiguration.MissingAlternativeOrUserPropertiesConfigured.NameConfigured @ConditionalOnProperty (spring.security.user.name) matched; NestedCondition on UserDetailsServiceAutoConfiguration.MissingAlternativeOrUserPropertiesConfigured.MissingAlternative @ConditionalOnMissingClass did not find unwanted classes 'org.springframework.security.oauth2.client.registration.ClientRegistrationRepository', 'org.springframework.security.oauth2.server.resource.introspection.OpaqueTokenIntrospector', 'org.springframework.security.saml2.provider.service.registration.RelyingPartyRegistrationRepository' (UserDetailsServiceAutoConfiguration.MissingAlternativeOrUserPropertiesConfigured)
      - @ConditionalOnBean (types: org.springframework.security.config.ObjectPostProcessor; SearchStrategy: all) found beans 'objectPostProcessor', 'webAuthorizationManagerPostProcessor', 'filterChainDecoratorPostProcessor', 'authenticationManagerPostProcessor'; @ConditionalOnMissingBean (types: org.springframework.security.authentication.AuthenticationManager,org.springframework.security.authentication.AuthenticationProvider,org.springframework.security.core.userdetails.UserDetailsService,org.springframework.security.authentication.AuthenticationManagerResolver,org.springframework.security.oauth2.jwt.JwtDecoder; SearchStrategy: all) did not find any beans (OnBeanCondition)

   ValidationAutoConfiguration matched:
      - @ConditionalOnClass found required class 'jakarta.validation.executable.ExecutableValidator' (OnClassCondition)
      - @ConditionalOnResource found location classpath:META-INF/services/jakarta.validation.spi.ValidationProvider (OnResourceCondition)

   ValidationAutoConfiguration#defaultValidator matched:
      - @ConditionalOnMissingBean (types: jakarta.validation.Validator; SearchStrategy: all) did not find any beans (OnBeanCondition)

   ValidationAutoConfiguration#methodValidationPostProcessor matched:
      - @ConditionalOnMissingBean (types: org.springframework.validation.beanvalidation.MethodValidationPostProcessor; SearchStrategy: current) did not find any beans (OnBeanCondition)

   WebMvcAutoConfiguration matched:
      - @ConditionalOnClass found required classes 'jakarta.servlet.Servlet', 'org.springframework.web.servlet.DispatcherServlet', 'org.springframework.web.servlet.config.annotation.WebMvcConfigurer' (OnClassCondition)
      - found 'session' scope (OnWebApplicationCondition)
      - @ConditionalOnMissingBean (types: org.springframework.web.servlet.config.annotation.WebMvcConfigurationSupport; SearchStrategy: all) did not find any beans (OnBeanCondition)

   WebMvcAutoConfiguration#formContentFilter matched:
      - @ConditionalOnProperty (spring.mvc.formcontent.filter.enabled) matched (OnPropertyCondition)
      - @ConditionalOnMissingBean (types: org.springframework.web.filter.FormContentFilter; SearchStrategy: all) did not find any beans (OnBeanCondition)

   WebMvcAutoConfiguration.EnableWebMvcConfiguration#flashMapManager matched:
      - @ConditionalOnMissingBean (names: flashMapManager; SearchStrategy: all) did not find any beans (OnBeanCondition)

   WebMvcAutoConfiguration.EnableWebMvcConfiguration#localeResolver matched:
      - @ConditionalOnMissingBean (names: localeResolver; SearchStrategy: all) did not find any beans (OnBeanCondition)

   WebMvcAutoConfiguration.EnableWebMvcConfiguration#themeResolver matched:
      - @ConditionalOnMissingBean (names: themeResolver; SearchStrategy: all) did not find any beans (OnBeanCondition)

   WebMvcAutoConfiguration.EnableWebMvcConfiguration#viewNameTranslator matched:
      - @ConditionalOnMissingBean (names: viewNameTranslator; SearchStrategy: all) did not find any beans (OnBeanCondition)

   WebMvcAutoConfiguration.WebMvcAutoConfigurationAdapter#defaultViewResolver matched:
      - @ConditionalOnMissingBean (types: org.springframework.web.servlet.view.InternalResourceViewResolver; SearchStrategy: all) did not find any beans (OnBeanCondition)

   WebMvcAutoConfiguration.WebMvcAutoConfigurationAdapter#requestContextFilter matched:
      - @ConditionalOnMissingBean (types: org.springframework.web.context.request.RequestContextListener,org.springframework.web.filter.RequestContextFilter; SearchStrategy: all) did not find any beans (OnBeanCondition)

   WebMvcAutoConfiguration.WebMvcAutoConfigurationAdapter#viewResolver matched:
      - @ConditionalOnBean (types: org.springframework.web.servlet.ViewResolver; SearchStrategy: all) found beans 'defaultViewResolver', 'beanNameViewResolver', 'mvcViewResolver'; @ConditionalOnMissingBean (names: viewResolver types: org.springframework.web.servlet.view.ContentNegotiatingViewResolver; SearchStrategy: all) did not find any beans (OnBeanCondition)

   WebSocketServletAutoConfiguration matched:
      - @ConditionalOnClass found required classes 'jakarta.servlet.Servlet', 'jakarta.websocket.server.ServerContainer' (OnClassCondition)
      - found 'session' scope (OnWebApplicationCondition)

   WebSocketServletAutoConfiguration.TomcatWebSocketConfiguration matched:
      - @ConditionalOnClass found required classes 'org.apache.catalina.startup.Tomcat', 'org.apache.tomcat.websocket.server.WsSci' (OnClassCondition)

   WebSocketServletAutoConfiguration.TomcatWebSocketConfiguration#websocketServletWebServerCustomizer matched:
      - @ConditionalOnMissingBean (names: websocketServletWebServerCustomizer; SearchStrategy: all) did not find any beans (OnBeanCondition)


Negative matches:
-----------------

   ActiveMQAutoConfiguration:
      Did not match:
         - @ConditionalOnClass did not find required class 'jakarta.jms.ConnectionFactory' (OnClassCondition)

   AopAutoConfiguration.AspectJAutoProxyingConfiguration:
      Did not match:
         - @ConditionalOnClass did not find required class 'org.aspectj.weaver.Advice' (OnClassCondition)

   ArtemisAutoConfiguration:
      Did not match:
         - @ConditionalOnClass did not find required class 'jakarta.jms.ConnectionFactory' (OnClassCondition)

   BatchAutoConfiguration:
      Did not match:
         - @ConditionalOnClass did not find required class 'org.springframework.batch.core.launch.JobLauncher' (OnClassCondition)

   Cache2kCacheConfiguration:
      Did not match:
         - @ConditionalOnClass did not find required class 'org.cache2k.Cache2kBuilder' (OnClassCondition)

   CacheAutoConfiguration:
      Did not match:
         - @ConditionalOnBean (types: org.springframework.cache.interceptor.CacheAspectSupport; SearchStrategy: all) did not find any beans of type org.springframework.cache.interceptor.CacheAspectSupport (OnBeanCondition)
      Matched:
         - @ConditionalOnClass found required class 'org.springframework.cache.CacheManager' (OnClassCondition)

   CacheAutoConfiguration.CacheManagerEntityManagerFactoryDependsOnPostProcessor:
      Did not match:
         - @ConditionalOnClass did not find required class 'org.springframework.orm.jpa.LocalContainerEntityManagerFactoryBean' (OnClassCondition)
         - Ancestor org.springframework.boot.autoconfigure.cache.CacheAutoConfiguration did not match (ConditionEvaluationReport.AncestorsMatchedCondition)

   CaffeineCacheConfiguration:
      Did not match:
         - @ConditionalOnClass did not find required class 'com.github.benmanes.caffeine.cache.Caffeine' (OnClassCondition)

   CassandraAutoConfiguration:
      Did not match:
         - @ConditionalOnClass did not find required class 'com.datastax.oss.driver.api.core.CqlSession' (OnClassCondition)

   CassandraDataAutoConfiguration:
      Did not match:
         - @ConditionalOnClass did not find required class 'com.datastax.oss.driver.api.core.CqlSession' (OnClassCondition)

   CassandraReactiveDataAutoConfiguration:
      Did not match:
         - @ConditionalOnClass did not find required class 'com.datastax.oss.driver.api.core.CqlSession' (OnClassCondition)

   CassandraReactiveRepositoriesAutoConfiguration:
      Did not match:
         - @ConditionalOnClass did not find required class 'org.springframework.data.cassandra.ReactiveSession' (OnClassCondition)

   CassandraRepositoriesAutoConfiguration:
      Did not match:
         - @ConditionalOnClass did not find required class 'com.datastax.oss.driver.api.core.CqlSession' (OnClassCondition)

   ClientHttpConnectorAutoConfiguration:
      Did not match:
         - @ConditionalOnClass did not find required class 'org.springframework.web.reactive.function.client.WebClient' (OnClassCondition)

   CodecsAutoConfiguration:
      Did not match:
         - @ConditionalOnClass did not find required class 'org.springframework.web.reactive.function.client.WebClient' (OnClassCondition)

   CouchbaseAutoConfiguration:
      Did not match:
         - @ConditionalOnClass did not find required class 'com.couchbase.client.java.Cluster' (OnClassCondition)

   CouchbaseCacheConfiguration:
      Did not match:
         - @ConditionalOnClass did not find required class 'com.couchbase.client.java.Cluster' (OnClassCondition)

   CouchbaseDataAutoConfiguration:
      Did not match:
         - @ConditionalOnClass did not find required class 'com.couchbase.client.java.Bucket' (OnClassCondition)

   CouchbaseReactiveDataAutoConfiguration:
      Did not match:
         - @ConditionalOnClass did not find required class 'com.couchbase.client.java.Cluster' (OnClassCondition)

   CouchbaseReactiveRepositoriesAutoConfiguration:
      Did not match:
         - @ConditionalOnClass did not find required class 'com.couchbase.client.java.Cluster' (OnClassCondition)

   CouchbaseRepositoriesAutoConfiguration:
      Did not match:
         - @ConditionalOnClass did not find required class 'com.couchbase.client.java.Bucket' (OnClassCondition)

   DataSourceAutoConfiguration.EmbeddedDatabaseConfiguration:
      Did not match:
         - EmbeddedDataSource spring.datasource.url is set (DataSourceAutoConfiguration.EmbeddedDatabaseCondition)

   DataSourceCheckpointRestoreConfiguration:
      Did not match:
         - @ConditionalOnClass did not find required class 'org.crac.Resource' (OnClassCondition)

   DataSourceConfiguration.Dbcp2:
      Did not match:
         - @ConditionalOnClass did not find required class 'org.apache.commons.dbcp2.BasicDataSource' (OnClassCondition)

   DataSourceConfiguration.Generic:
      Did not match:
         - @ConditionalOnProperty (spring.datasource.type) did not find property 'spring.datasource.type' (OnPropertyCondition)

   DataSourceConfiguration.OracleUcp:
      Did not match:
         - @ConditionalOnClass did not find required classes 'oracle.ucp.jdbc.PoolDataSourceImpl', 'oracle.jdbc.OracleConnection' (OnClassCondition)

   DataSourceConfiguration.Tomcat:
      Did not match:
         - @ConditionalOnClass did not find required class 'org.apache.tomcat.jdbc.pool.DataSource' (OnClassCondition)

   DataSourceJmxConfiguration.TomcatDataSourceJmxConfiguration:
      Did not match:
         - @ConditionalOnClass did not find required class 'org.apache.tomcat.jdbc.pool.DataSourceProxy' (OnClassCondition)

   DataSourcePoolMetadataProvidersConfiguration.CommonsDbcp2PoolDataSourceMetadataProviderConfiguration:
      Did not match:
         - @ConditionalOnClass did not find required class 'org.apache.commons.dbcp2.BasicDataSource' (OnClassCondition)

   DataSourcePoolMetadataProvidersConfiguration.OracleUcpPoolDataSourceMetadataProviderConfiguration:
      Did not match:
         - @ConditionalOnClass did not find required classes 'oracle.ucp.jdbc.PoolDataSource', 'oracle.jdbc.OracleConnection' (OnClassCondition)

   DataSourcePoolMetadataProvidersConfiguration.TomcatDataSourcePoolMetadataProviderConfiguration:
      Did not match:
         - @ConditionalOnClass did not find required class 'org.apache.tomcat.jdbc.pool.DataSource' (OnClassCondition)

   DispatcherServletAutoConfiguration.DispatcherServletConfiguration#multipartResolver:
      Did not match:
         - @ConditionalOnBean (types: org.springframework.web.multipart.MultipartResolver; SearchStrategy: all) did not find any beans of type org.springframework.web.multipart.MultipartResolver (OnBeanCondition)

   ElasticsearchClientAutoConfiguration:
      Did not match:
         - @ConditionalOnClass did not find required class 'co.elastic.clients.elasticsearch.ElasticsearchClient' (OnClassCondition)

   ElasticsearchDataAutoConfiguration:
      Did not match:
         - @ConditionalOnClass did not find required class 'org.springframework.data.elasticsearch.client.elc.ElasticsearchTemplate' (OnClassCondition)

   ElasticsearchRepositoriesAutoConfiguration:
      Did not match:
         - @ConditionalOnClass did not find required class 'org.springframework.data.elasticsearch.repository.ElasticsearchRepository' (OnClassCondition)

   ElasticsearchRestClientAutoConfiguration:
      Did not match:
         - @ConditionalOnClass did not find required class 'org.elasticsearch.client.RestClientBuilder' (OnClassCondition)

   EmbeddedLdapAutoConfiguration:
      Did not match:
         - @ConditionalOnClass did not find required class 'com.unboundid.ldap.listener.InMemoryDirectoryServer' (OnClassCondition)

   EmbeddedWebServerFactoryCustomizerAutoConfiguration.JettyWebServerFactoryCustomizerConfiguration:
      Did not match:
         - @ConditionalOnClass did not find required classes 'org.eclipse.jetty.server.Server', 'org.eclipse.jetty.util.Loader', 'org.eclipse.jetty.ee10.webapp.WebAppContext' (OnClassCondition)

   EmbeddedWebServerFactoryCustomizerAutoConfiguration.NettyWebServerFactoryCustomizerConfiguration:
      Did not match:
         - @ConditionalOnClass did not find required class 'reactor.netty.http.server.HttpServer' (OnClassCondition)

   EmbeddedWebServerFactoryCustomizerAutoConfiguration.TomcatWebServerFactoryCustomizerConfiguration#tomcatVirtualThreadsProtocolHandlerCustomizer:
      Did not match:
         - @ConditionalOnThreading did not find VIRTUAL (OnThreadingCondition)

   EmbeddedWebServerFactoryCustomizerAutoConfiguration.UndertowWebServerFactoryCustomizerConfiguration:
      Did not match:
         - @ConditionalOnClass did not find required classes 'io.undertow.Undertow', 'org.xnio.SslClientAuthMode' (OnClassCondition)

   ErrorWebFluxAutoConfiguration:
      Did not match:
         - @ConditionalOnClass did not find required class 'org.springframework.web.reactive.config.WebFluxConfigurer' (OnClassCondition)

   FlywayAutoConfiguration:
      Did not match:
         - @ConditionalOnClass did not find required class 'org.flywaydb.core.Flyway' (OnClassCondition)

   FreeMarkerAutoConfiguration:
      Did not match:
         - @ConditionalOnClass did not find required class 'freemarker.template.Configuration' (OnClassCondition)

   GraphQlAutoConfiguration:
      Did not match:
         - @ConditionalOnClass did not find required class 'graphql.GraphQL' (OnClassCondition)

   GraphQlQueryByExampleAutoConfiguration:
      Did not match:
         - @ConditionalOnClass did not find required class 'graphql.GraphQL' (OnClassCondition)

   GraphQlQuerydslAutoConfiguration:
      Did not match:
         - @ConditionalOnClass did not find required class 'com.querydsl.core.Query' (OnClassCondition)

   GraphQlRSocketAutoConfiguration:
      Did not match:
         - @ConditionalOnClass did not find required class 'graphql.GraphQL' (OnClassCondition)

   GraphQlReactiveQueryByExampleAutoConfiguration:
      Did not match:
         - @ConditionalOnClass did not find required class 'graphql.GraphQL' (OnClassCondition)

   GraphQlReactiveQuerydslAutoConfiguration:
      Did not match:
         - @ConditionalOnClass did not find required class 'com.querydsl.core.Query' (OnClassCondition)

   GraphQlWebFluxAutoConfiguration:
      Did not match:
         - @ConditionalOnClass did not find required class 'graphql.GraphQL' (OnClassCondition)

   GraphQlWebFluxSecurityAutoConfiguration:
      Did not match:
         - @ConditionalOnClass did not find required class 'graphql.GraphQL' (OnClassCondition)

   GraphQlWebMvcAutoConfiguration:
      Did not match:
         - @ConditionalOnClass did not find required class 'graphql.GraphQL' (OnClassCondition)

   GraphQlWebMvcSecurityAutoConfiguration:
      Did not match:
         - @ConditionalOnClass did not find required class 'graphql.GraphQL' (OnClassCondition)

   GroovyTemplateAutoConfiguration:
      Did not match:
         - @ConditionalOnClass did not find required class 'groovy.text.markup.MarkupTemplateEngine' (OnClassCondition)

   GsonHttpMessageConvertersConfiguration.GsonHttpMessageConverterConfiguration:
      Did not match:
         - AnyNestedCondition 0 matched 2 did not; NestedCondition on GsonHttpMessageConvertersConfiguration.PreferGsonOrJacksonAndJsonbUnavailableCondition.JacksonJsonbUnavailable NoneNestedConditions 1 matched 1 did not; NestedCondition on GsonHttpMessageConvertersConfiguration.JacksonAndJsonbUnavailableCondition.JsonbPreferred @ConditionalOnProperty (spring.mvc.converters.preferred-json-mapper=jsonb) did not find property 'spring.mvc.converters.preferred-json-mapper'; NestedCondition on GsonHttpMessageConvertersConfiguration.JacksonAndJsonbUnavailableCondition.JacksonAvailable @ConditionalOnBean (types: org.springframework.http.converter.json.MappingJackson2HttpMessageConverter; SearchStrategy: all) found bean 'mappingJackson2HttpMessageConverter'; NestedCondition on GsonHttpMessageConvertersConfiguration.PreferGsonOrJacksonAndJsonbUnavailableCondition.GsonPreferred @ConditionalOnProperty (spring.mvc.converters.preferred-json-mapper=gson) did not find property 'spring.mvc.converters.preferred-json-mapper' (GsonHttpMessageConvertersConfiguration.PreferGsonOrJacksonAndJsonbUnavailableCondition)

   H2ConsoleAutoConfiguration:
      Did not match:
         - @ConditionalOnClass did not find required class 'org.h2.server.web.JakartaWebServlet' (OnClassCondition)

   HazelcastAutoConfiguration:
      Did not match:
         - @ConditionalOnClass did not find required class 'com.hazelcast.core.HazelcastInstance' (OnClassCondition)

   HazelcastCacheConfiguration:
      Did not match:
         - @ConditionalOnClass did not find required class 'com.hazelcast.core.HazelcastInstance' (OnClassCondition)

   HazelcastJpaDependencyAutoConfiguration:
      Did not match:
         - @ConditionalOnClass did not find required class 'com.hazelcast.core.HazelcastInstance' (OnClassCondition)

   HibernateJpaAutoConfiguration:
      Did not match:
         - @ConditionalOnClass did not find required class 'jakarta.persistence.EntityManager' (OnClassCondition)

   HttpHandlerAutoConfiguration:
      Did not match:
         - @ConditionalOnClass did not find required class 'org.springframework.web.reactive.DispatcherHandler' (OnClassCondition)

   HypermediaAutoConfiguration:
      Did not match:
         - @ConditionalOnClass did not find required class 'org.springframework.hateoas.EntityModel' (OnClassCondition)

   IdentifierGeneratorAutoConfiguration:
      Did not match:
         - @ConditionalOnClass did not find required class 'org.springframework.cloud.commons.util.InetUtils' (OnClassCondition)

   InfinispanCacheConfiguration:
      Did not match:
         - @ConditionalOnClass did not find required class 'org.infinispan.spring.embedded.provider.SpringEmbeddedCacheManager' (OnClassCondition)

   IntegrationAutoConfiguration:
      Did not match:
         - @ConditionalOnClass did not find required class 'org.springframework.integration.config.EnableIntegration' (OnClassCondition)

   JCacheCacheConfiguration:
      Did not match:
         - @ConditionalOnClass did not find required class 'javax.cache.Caching' (OnClassCondition)

   JacksonHttpMessageConvertersConfiguration.MappingJackson2XmlHttpMessageConverterConfiguration:
      Did not match:
         - @ConditionalOnClass did not find required class 'com.fasterxml.jackson.dataformat.xml.XmlMapper' (OnClassCondition)

   JdbcRepositoriesAutoConfiguration:
      Did not match:
         - @ConditionalOnClass did not find required class 'org.springframework.data.jdbc.repository.config.AbstractJdbcConfiguration' (OnClassCondition)

   JedisConnectionConfiguration:
      Did not match:
         - @ConditionalOnClass did not find required classes 'org.apache.commons.pool2.impl.GenericObjectPool', 'redis.clients.jedis.Jedis' (OnClassCondition)

   JerseyAutoConfiguration:
      Did not match:
         - @ConditionalOnClass did not find required class 'org.glassfish.jersey.server.spring.SpringComponentProvider' (OnClassCondition)

   JmsAutoConfiguration:
      Did not match:
         - @ConditionalOnClass did not find required class 'jakarta.jms.Message' (OnClassCondition)

   JmxAutoConfiguration:
      Did not match:
         - @ConditionalOnProperty (spring.jmx.enabled=true) did not find property 'enabled' (OnPropertyCondition)
      Matched:
         - @ConditionalOnClass found required class 'org.springframework.jmx.export.MBeanExporter' (OnClassCondition)

   JndiConnectionFactoryAutoConfiguration:
      Did not match:
         - @ConditionalOnClass did not find required class 'org.springframework.jms.core.JmsTemplate' (OnClassCondition)

   JndiDataSourceAutoConfiguration:
      Did not match:
         - @ConditionalOnProperty (spring.datasource.jndi-name) did not find property 'jndi-name' (OnPropertyCondition)
      Matched:
         - @ConditionalOnClass found required classes 'javax.sql.DataSource', 'org.springframework.jdbc.datasource.embedded.EmbeddedDatabaseType' (OnClassCondition)

   JooqAutoConfiguration:
      Did not match:
         - @ConditionalOnClass did not find required class 'org.jooq.DSLContext' (OnClassCondition)

   JpaRepositoriesAutoConfiguration:
      Did not match:
         - @ConditionalOnClass did not find required class 'org.springframework.data.jpa.repository.JpaRepository' (OnClassCondition)

   JsonbAutoConfiguration:
      Did not match:
         - @ConditionalOnClass did not find required class 'jakarta.json.bind.Jsonb' (OnClassCondition)

   JsonbHttpMessageConvertersConfiguration:
      Did not match:
         - @ConditionalOnClass did not find required class 'jakarta.json.bind.Jsonb' (OnClassCondition)

   JtaAutoConfiguration:
      Did not match:
         - @ConditionalOnClass did not find required class 'jakarta.transaction.Transaction' (OnClassCondition)

   KafkaAutoConfiguration:
      Did not match:
         - @ConditionalOnClass did not find required class 'org.springframework.kafka.core.KafkaTemplate' (OnClassCondition)

   LdapAutoConfiguration:
      Did not match:
         - @ConditionalOnClass did not find required class 'org.springframework.ldap.core.ContextSource' (OnClassCondition)

   LdapRepositoriesAutoConfiguration:
      Did not match:
         - @ConditionalOnClass did not find required class 'org.springframework.data.ldap.repository.LdapRepository' (OnClassCondition)

   LettuceConnectionConfiguration#redisConnectionFactoryVirtualThreads:
      Did not match:
         - @ConditionalOnMissingBean (types: org.springframework.data.redis.connection.RedisConnectionFactory; SearchStrategy: all) found beans of type 'org.springframework.data.redis.connection.RedisConnectionFactory' redisConnectionFactory (OnBeanCondition)

   LiquibaseAutoConfiguration:
      Did not match:
         - @ConditionalOnClass did not find required class 'liquibase.change.DatabaseChange' (OnClassCondition)

   MailSenderAutoConfiguration:
      Did not match:
         - @ConditionalOnClass did not find required class 'jakarta.mail.internet.MimeMessage' (OnClassCondition)

   MailSenderValidatorAutoConfiguration:
      Did not match:
         - @ConditionalOnProperty (spring.mail.test-connection) did not find property 'test-connection' (OnPropertyCondition)

   MessageSourceAutoConfiguration:
      Did not match:
         - ResourceBundle did not find bundle with basename messages (MessageSourceAutoConfiguration.ResourceBundleCondition)

   MomentsAutoConfiguration#timeMachine:
      Did not match:
         - @ConditionalOnProperty (spring.modulith.moments.enable-time-machine=true) did not find property 'spring.modulith.moments.enable-time-machine' (OnPropertyCondition)

   MongoAutoConfiguration:
      Did not match:
         - @ConditionalOnClass did not find required class 'com.mongodb.client.MongoClient' (OnClassCondition)

   MongoDataAutoConfiguration:
      Did not match:
         - @ConditionalOnClass did not find required class 'com.mongodb.client.MongoClient' (OnClassCondition)

   MongoReactiveAutoConfiguration:
      Did not match:
         - @ConditionalOnClass did not find required class 'com.mongodb.reactivestreams.client.MongoClient' (OnClassCondition)

   MongoReactiveDataAutoConfiguration:
      Did not match:
         - @ConditionalOnClass did not find required class 'com.mongodb.reactivestreams.client.MongoClient' (OnClassCondition)

   MongoReactiveRepositoriesAutoConfiguration:
      Did not match:
         - @ConditionalOnClass did not find required class 'com.mongodb.reactivestreams.client.MongoClient' (OnClassCondition)

   MongoRepositoriesAutoConfiguration:
      Did not match:
         - @ConditionalOnClass did not find required class 'com.mongodb.client.MongoClient' (OnClassCondition)

   MustacheAutoConfiguration:
      Did not match:
         - @ConditionalOnClass did not find required class 'com.samskivert.mustache.Mustache' (OnClassCondition)

   MybatisPlusAutoConfiguration.MapperScannerRegistrarNotFoundConfiguration:
      Did not match:
         - @ConditionalOnMissingBean (types: org.mybatis.spring.mapper.MapperFactoryBean,org.mybatis.spring.mapper.MapperScannerConfigurer; SearchStrategy: all) found beans of type 'org.mybatis.spring.mapper.MapperScannerConfigurer' com.geo.dsp.config.MyBatisPlusConfig#MapperScannerRegistrar#0 (OnBeanCondition)

   MybatisPlusInnerInterceptorAutoConfiguration:
      Did not match:
         - @ConditionalOnBean (types: com.baomidou.mybatisplus.extension.plugins.inner.InnerInterceptor; SearchStrategy: all) did not find any beans of type com.baomidou.mybatisplus.extension.plugins.inner.InnerInterceptor (OnBeanCondition)

   MybatisPlusLanguageDriverAutoConfiguration.FreeMarkerConfiguration:
      Did not match:
         - @ConditionalOnClass did not find required classes 'org.mybatis.scripting.freemarker.FreeMarkerLanguageDriver', 'org.mybatis.scripting.freemarker.FreeMarkerLanguageDriverConfig' (OnClassCondition)

   MybatisPlusLanguageDriverAutoConfiguration.LegacyFreeMarkerConfiguration:
      Did not match:
         - @ConditionalOnClass did not find required class 'org.mybatis.scripting.freemarker.FreeMarkerLanguageDriver' (OnClassCondition)

   MybatisPlusLanguageDriverAutoConfiguration.LegacyVelocityConfiguration:
      Did not match:
         - @ConditionalOnClass did not find required class 'org.mybatis.scripting.velocity.Driver' (OnClassCondition)

   MybatisPlusLanguageDriverAutoConfiguration.ThymeleafConfiguration:
      Did not match:
         - @ConditionalOnClass did not find required class 'org.mybatis.scripting.thymeleaf.ThymeleafLanguageDriver' (OnClassCondition)

   MybatisPlusLanguageDriverAutoConfiguration.VelocityConfiguration:
      Did not match:
         - @ConditionalOnClass did not find required classes 'org.mybatis.scripting.velocity.VelocityLanguageDriver', 'org.mybatis.scripting.velocity.VelocityLanguageDriverConfig' (OnClassCondition)

   Neo4jAutoConfiguration:
      Did not match:
         - @ConditionalOnClass did not find required class 'org.neo4j.driver.Driver' (OnClassCondition)

   Neo4jDataAutoConfiguration:
      Did not match:
         - @ConditionalOnClass did not find required class 'org.neo4j.driver.Driver' (OnClassCondition)

   Neo4jReactiveDataAutoConfiguration:
      Did not match:
         - @ConditionalOnClass did not find required class 'org.neo4j.driver.Driver' (OnClassCondition)

   Neo4jReactiveRepositoriesAutoConfiguration:
      Did not match:
         - @ConditionalOnClass did not find required class 'org.neo4j.driver.Driver' (OnClassCondition)

   Neo4jRepositoriesAutoConfiguration:
      Did not match:
         - @ConditionalOnClass did not find required class 'org.neo4j.driver.Driver' (OnClassCondition)

   OAuth2AuthorizationServerAutoConfiguration:
      Did not match:
         - @ConditionalOnClass did not find required class 'org.springframework.security.oauth2.server.authorization.OAuth2Authorization' (OnClassCondition)

   OAuth2AuthorizationServerJwtAutoConfiguration:
      Did not match:
         - @ConditionalOnClass did not find required class 'org.springframework.security.oauth2.server.authorization.OAuth2Authorization' (OnClassCondition)

   OAuth2ClientAutoConfiguration:
      Did not match:
         - @ConditionalOnClass did not find required class 'org.springframework.security.oauth2.client.registration.ClientRegistration' (OnClassCondition)

   OAuth2ResourceServerAutoConfiguration:
      Did not match:
         - @ConditionalOnClass did not find required class 'org.springframework.security.oauth2.server.resource.authentication.BearerTokenAuthenticationToken' (OnClassCondition)

   ProjectInfoAutoConfiguration#buildProperties:
      Did not match:
         - @ConditionalOnResource did not find resource '${spring.info.build.location:classpath:META-INF/build-info.properties}' (OnResourceCondition)

   ProjectInfoAutoConfiguration#gitProperties:
      Did not match:
         - GitResource did not find git info at classpath:git.properties (ProjectInfoAutoConfiguration.GitResourceAvailableCondition)

   PulsarAutoConfiguration:
      Did not match:
         - @ConditionalOnClass did not find required class 'org.apache.pulsar.client.api.PulsarClient' (OnClassCondition)

   PulsarReactiveAutoConfiguration:
      Did not match:
         - @ConditionalOnClass did not find required class 'org.apache.pulsar.client.api.PulsarClient' (OnClassCondition)

   QuartzAutoConfiguration:
      Did not match:
         - @ConditionalOnClass did not find required class 'org.quartz.Scheduler' (OnClassCondition)

   R2dbcAutoConfiguration:
      Did not match:
         - @ConditionalOnClass did not find required class 'io.r2dbc.spi.ConnectionFactory' (OnClassCondition)

   R2dbcDataAutoConfiguration:
      Did not match:
         - @ConditionalOnClass did not find required class 'org.springframework.data.r2dbc.core.R2dbcEntityTemplate' (OnClassCondition)

   R2dbcInitializationConfiguration:
      Did not match:
         - @ConditionalOnClass did not find required classes 'io.r2dbc.spi.ConnectionFactory', 'org.springframework.r2dbc.connection.init.DatabasePopulator' (OnClassCondition)

   R2dbcProxyAutoConfiguration:
      Did not match:
         - @ConditionalOnClass did not find required class 'io.r2dbc.proxy.ProxyConnectionFactory' (OnClassCondition)

   R2dbcRepositoriesAutoConfiguration:
      Did not match:
         - @ConditionalOnClass did not find required class 'io.r2dbc.spi.ConnectionFactory' (OnClassCondition)

   R2dbcTransactionManagerAutoConfiguration:
      Did not match:
         - @ConditionalOnClass did not find required class 'org.springframework.r2dbc.connection.R2dbcTransactionManager' (OnClassCondition)

   RSocketGraphQlClientAutoConfiguration:
      Did not match:
         - @ConditionalOnClass did not find required class 'graphql.GraphQL' (OnClassCondition)

   RSocketMessagingAutoConfiguration:
      Did not match:
         - @ConditionalOnClass did not find required class 'io.rsocket.RSocket' (OnClassCondition)

   RSocketRequesterAutoConfiguration:
      Did not match:
         - @ConditionalOnClass did not find required class 'io.rsocket.RSocket' (OnClassCondition)

   RSocketSecurityAutoConfiguration:
      Did not match:
         - @ConditionalOnClass did not find required class 'org.springframework.security.rsocket.core.SecuritySocketAcceptorInterceptor' (OnClassCondition)

   RSocketServerAutoConfiguration:
      Did not match:
         - @ConditionalOnClass did not find required class 'io.rsocket.core.RSocketServer' (OnClassCondition)

   RSocketStrategiesAutoConfiguration:
      Did not match:
         - @ConditionalOnClass did not find required class 'io.rsocket.RSocket' (OnClassCondition)

   RabbitAnnotationDrivenConfiguration#directRabbitListenerContainerFactory:
      Did not match:
         - @ConditionalOnProperty (spring.rabbitmq.listener.type=direct) did not find property 'type' (OnPropertyCondition)

   RabbitAnnotationDrivenConfiguration#directRabbitListenerContainerFactoryConfigurerVirtualThreads:
      Did not match:
         - @ConditionalOnMissingBean (types: org.springframework.boot.autoconfigure.amqp.DirectRabbitListenerContainerFactoryConfigurer; SearchStrategy: all) found beans of type 'org.springframework.boot.autoconfigure.amqp.DirectRabbitListenerContainerFactoryConfigurer' directRabbitListenerContainerFactoryConfigurer (OnBeanCondition)

   RabbitAnnotationDrivenConfiguration#simpleRabbitListenerContainerFactoryConfigurerVirtualThreads:
      Did not match:
         - @ConditionalOnMissingBean (types: org.springframework.boot.autoconfigure.amqp.SimpleRabbitListenerContainerFactoryConfigurer; SearchStrategy: all) found beans of type 'org.springframework.boot.autoconfigure.amqp.SimpleRabbitListenerContainerFactoryConfigurer' simpleRabbitListenerContainerFactoryConfigurer (OnBeanCondition)

   RabbitStreamConfiguration:
      Did not match:
         - @ConditionalOnClass did not find required class 'org.springframework.rabbit.stream.config.StreamRabbitListenerContainerFactory' (OnClassCondition)

   ReactiveElasticsearchClientAutoConfiguration:
      Did not match:
         - @ConditionalOnClass did not find required class 'co.elastic.clients.transport.ElasticsearchTransport' (OnClassCondition)

   ReactiveElasticsearchRepositoriesAutoConfiguration:
      Did not match:
         - @ConditionalOnClass did not find required class 'org.springframework.data.elasticsearch.client.elc.ReactiveElasticsearchClient' (OnClassCondition)

   ReactiveMultipartAutoConfiguration:
      Did not match:
         - @ConditionalOnClass did not find required class 'org.springframework.web.reactive.config.WebFluxConfigurer' (OnClassCondition)

   ReactiveOAuth2ClientAutoConfiguration:
      Did not match:
         - @ConditionalOnClass did not find required class 'org.springframework.security.oauth2.client.registration.ClientRegistration' (OnClassCondition)

   ReactiveOAuth2ResourceServerAutoConfiguration:
      Did not match:
         - @ConditionalOnWebApplication did not find reactive web application classes (OnWebApplicationCondition)

   ReactiveSecurityAutoConfiguration:
      Did not match:
         - @ConditionalOnClass did not find required class 'org.springframework.web.reactive.config.WebFluxConfigurer' (OnClassCondition)

   ReactiveUserDetailsServiceAutoConfiguration:
      Did not match:
         - AnyNestedCondition 0 matched 2 did not; NestedCondition on ReactiveUserDetailsServiceAutoConfiguration.RSocketEnabledOrReactiveWebApplication.ReactiveWebApplicationCondition did not find reactive web application classes; NestedCondition on ReactiveUserDetailsServiceAutoConfiguration.RSocketEnabledOrReactiveWebApplication.RSocketSecurityEnabledCondition @ConditionalOnBean (types: org.springframework.messaging.rsocket.annotation.support.RSocketMessageHandler; SearchStrategy: all) did not find any beans of type org.springframework.messaging.rsocket.annotation.support.RSocketMessageHandler (ReactiveUserDetailsServiceAutoConfiguration.RSocketEnabledOrReactiveWebApplication)
      Matched:
         - @ConditionalOnClass found required class 'org.springframework.security.authentication.ReactiveAuthenticationManager' (OnClassCondition)
         - AnyNestedCondition 3 matched 0 did not; NestedCondition on ReactiveUserDetailsServiceAutoConfiguration.MissingAlternativeOrUserPropertiesConfigured.PasswordConfigured @ConditionalOnProperty (spring.security.user.password) matched; NestedCondition on ReactiveUserDetailsServiceAutoConfiguration.MissingAlternativeOrUserPropertiesConfigured.NameConfigured @ConditionalOnProperty (spring.security.user.name) matched; NestedCondition on ReactiveUserDetailsServiceAutoConfiguration.MissingAlternativeOrUserPropertiesConfigured.MissingAlternative @ConditionalOnMissingClass did not find unwanted classes 'org.springframework.security.oauth2.client.registration.ClientRegistrationRepository', 'org.springframework.security.oauth2.server.resource.introspection.ReactiveOpaqueTokenIntrospector' (ReactiveUserDetailsServiceAutoConfiguration.MissingAlternativeOrUserPropertiesConfigured)

   ReactiveWebServerFactoryAutoConfiguration:
      Did not match:
         - @ConditionalOnWebApplication did not find reactive web application classes (OnWebApplicationCondition)

   RedisAutoConfiguration#redisTemplate:
      Did not match:
         - @ConditionalOnMissingBean (names: redisTemplate; SearchStrategy: all) found beans named redisTemplate (OnBeanCondition)

   RepositoryRestMvcAutoConfiguration:
      Did not match:
         - @ConditionalOnClass did not find required class 'org.springframework.data.rest.webmvc.config.RepositoryRestMvcConfiguration' (OnClassCondition)

   Saml2RelyingPartyAutoConfiguration:
      Did not match:
         - @ConditionalOnClass did not find required class 'org.springframework.security.saml2.provider.service.registration.RelyingPartyRegistrationRepository' (OnClassCondition)

   SecurityConfig:
      Did not match:
         - @ConditionalOnProperty (security.enabled=true) found different value in property 'security.enabled' (OnPropertyCondition)

   SecurityDataConfiguration:
      Did not match:
         - @ConditionalOnClass did not find required class 'org.springframework.security.data.repository.query.SecurityEvaluationContextExtension' (OnClassCondition)

   SendGridAutoConfiguration:
      Did not match:
         - @ConditionalOnClass did not find required class 'com.sendgrid.SendGrid' (OnClassCondition)

   ServletWebServerFactoryAutoConfiguration.ForwardedHeaderFilterConfiguration:
      Did not match:
         - @ConditionalOnProperty (server.forward-headers-strategy=framework) did not find property 'server.forward-headers-strategy' (OnPropertyCondition)

   ServletWebServerFactoryConfiguration.EmbeddedJetty:
      Did not match:
         - @ConditionalOnClass did not find required classes 'org.eclipse.jetty.server.Server', 'org.eclipse.jetty.util.Loader', 'org.eclipse.jetty.ee10.webapp.WebAppContext' (OnClassCondition)

   ServletWebServerFactoryConfiguration.EmbeddedUndertow:
      Did not match:
         - @ConditionalOnClass did not find required classes 'io.undertow.Undertow', 'org.xnio.SslClientAuthMode' (OnClassCondition)

   SessionAutoConfiguration:
      Did not match:
         - @ConditionalOnClass did not find required class 'org.springframework.session.Session' (OnClassCondition)

   SpringApplicationAdminJmxAutoConfiguration:
      Did not match:
         - @ConditionalOnProperty (spring.application.admin.enabled=true) did not find property 'enabled' (OnPropertyCondition)

   SpringBootWebSecurityConfiguration.SecurityFilterChainConfiguration:
      Did not match:
         - AllNestedConditions 1 matched 1 did not; NestedCondition on DefaultWebSecurityCondition.Beans @ConditionalOnMissingBean (types: org.springframework.security.web.SecurityFilterChain; SearchStrategy: all) found beans of type 'org.springframework.security.web.SecurityFilterChain' securityFilterChain; NestedCondition on DefaultWebSecurityCondition.Classes @ConditionalOnClass found required classes 'org.springframework.security.web.SecurityFilterChain', 'org.springframework.security.config.annotation.web.builders.HttpSecurity' (DefaultWebSecurityCondition)

   TaskExecutorConfigurations.SimpleAsyncTaskExecutorBuilderConfiguration#simpleAsyncTaskExecutorBuilderVirtualThreads:
      Did not match:
         - @ConditionalOnMissingBean (types: org.springframework.boot.task.SimpleAsyncTaskExecutorBuilder; SearchStrategy: all) found beans of type 'org.springframework.boot.task.SimpleAsyncTaskExecutorBuilder' simpleAsyncTaskExecutorBuilder (OnBeanCondition)

   TaskExecutorConfigurations.TaskExecutorConfiguration#applicationTaskExecutorVirtualThreads:
      Did not match:
         - @ConditionalOnThreading did not find VIRTUAL (OnThreadingCondition)

   TaskSchedulingAutoConfiguration#scheduledBeanLazyInitializationExcludeFilter:
      Did not match:
         - @ConditionalOnBean (names: org.springframework.context.annotation.internalScheduledAnnotationProcessor; SearchStrategy: all) did not find any beans named org.springframework.context.annotation.internalScheduledAnnotationProcessor (OnBeanCondition)

   TaskSchedulingConfigurations.SimpleAsyncTaskSchedulerBuilderConfiguration#simpleAsyncTaskSchedulerBuilderVirtualThreads:
      Did not match:
         - @ConditionalOnMissingBean (types: org.springframework.boot.task.SimpleAsyncTaskSchedulerBuilder; SearchStrategy: all) found beans of type 'org.springframework.boot.task.SimpleAsyncTaskSchedulerBuilder' simpleAsyncTaskSchedulerBuilder (OnBeanCondition)

   TaskSchedulingConfigurations.TaskSchedulerConfiguration:
      Did not match:
         - @ConditionalOnBean (names: org.springframework.context.annotation.internalScheduledAnnotationProcessor; SearchStrategy: all) did not find any beans named org.springframework.context.annotation.internalScheduledAnnotationProcessor (OnBeanCondition)

   ThymeleafAutoConfiguration:
      Did not match:
         - @ConditionalOnClass did not find required class 'org.thymeleaf.spring6.SpringTemplateEngine' (OnClassCondition)

   TransactionAutoConfiguration#transactionalOperator:
      Did not match:
         - @ConditionalOnSingleCandidate (types: org.springframework.transaction.ReactiveTransactionManager; SearchStrategy: all) did not find any beans (OnBeanCondition)

   TransactionAutoConfiguration.AspectJTransactionManagementConfiguration:
      Did not match:
         - @ConditionalOnBean did not find required type 'org.springframework.transaction.aspectj.AbstractTransactionAspect' (OnBeanCondition)
         - @ConditionalOnBean (types: org.springframework.transaction.aspectj.AbstractTransactionAspect; SearchStrategy: all) did not find any beans of type org.springframework.transaction.aspectj.AbstractTransactionAspect (OnBeanCondition)

   TransactionAutoConfiguration.EnableTransactionManagementConfiguration:
      Did not match:
         - @ConditionalOnMissingBean (types: org.springframework.transaction.annotation.AbstractTransactionManagementConfiguration; SearchStrategy: all) found beans of type 'org.springframework.transaction.annotation.AbstractTransactionManagementConfiguration' org.springframework.transaction.annotation.ProxyTransactionManagementConfiguration (OnBeanCondition)

   TransactionAutoConfiguration.EnableTransactionManagementConfiguration.CglibAutoProxyConfiguration:
      Did not match:
         - Ancestor org.springframework.boot.autoconfigure.transaction.TransactionAutoConfiguration$EnableTransactionManagementConfiguration did not match (ConditionEvaluationReport.AncestorsMatchedCondition)
      Matched:
         - @ConditionalOnProperty (spring.aop.proxy-target-class=true) matched (OnPropertyCondition)

   TransactionAutoConfiguration.EnableTransactionManagementConfiguration.JdkDynamicAutoProxyConfiguration:
      Did not match:
         - @ConditionalOnProperty (spring.aop.proxy-target-class=false) did not find property 'proxy-target-class' (OnPropertyCondition)
         - Ancestor org.springframework.boot.autoconfigure.transaction.TransactionAutoConfiguration$EnableTransactionManagementConfiguration did not match (ConditionEvaluationReport.AncestorsMatchedCondition)

   WebClientAutoConfiguration:
      Did not match:
         - @ConditionalOnClass did not find required class 'org.springframework.web.reactive.function.client.WebClient' (OnClassCondition)

   WebFluxAutoConfiguration:
      Did not match:
         - @ConditionalOnClass did not find required class 'org.springframework.web.reactive.config.WebFluxConfigurer' (OnClassCondition)

   WebMvcAutoConfiguration#hiddenHttpMethodFilter:
      Did not match:
         - @ConditionalOnProperty (spring.mvc.hiddenmethod.filter.enabled) did not find property 'enabled' (OnPropertyCondition)

   WebMvcAutoConfiguration.ProblemDetailsErrorHandlingConfiguration:
      Did not match:
         - @ConditionalOnProperty (spring.mvc.problemdetails.enabled=true) did not find property 'enabled' (OnPropertyCondition)

   WebMvcAutoConfiguration.ResourceChainCustomizerConfiguration:
      Did not match:
         - @ConditionalOnEnabledResourceChain did not find class org.webjars.WebJarVersionLocator (OnEnabledResourceChainCondition)

   WebMvcAutoConfiguration.WebMvcAutoConfigurationAdapter#beanNameViewResolver:
      Did not match:
         - @ConditionalOnMissingBean (types: org.springframework.web.servlet.view.BeanNameViewResolver; SearchStrategy: all) found beans of type 'org.springframework.web.servlet.view.BeanNameViewResolver' beanNameViewResolver (OnBeanCondition)

   WebServiceTemplateAutoConfiguration:
      Did not match:
         - @ConditionalOnClass did not find required class 'org.springframework.ws.client.core.WebServiceTemplate' (OnClassCondition)

   WebServicesAutoConfiguration:
      Did not match:
         - @ConditionalOnClass did not find required class 'org.springframework.ws.transport.http.MessageDispatcherServlet' (OnClassCondition)

   WebSessionIdResolverAutoConfiguration:
      Did not match:
         - @ConditionalOnWebApplication did not find reactive web application classes (OnWebApplicationCondition)

   WebSocketMessagingAutoConfiguration:
      Did not match:
         - @ConditionalOnClass did not find required class 'org.springframework.web.socket.config.annotation.WebSocketMessageBrokerConfigurer' (OnClassCondition)

   WebSocketReactiveAutoConfiguration:
      Did not match:
         - @ConditionalOnWebApplication did not find reactive web application classes (OnWebApplicationCondition)

   WebSocketServletAutoConfiguration.JettyWebSocketConfiguration:
      Did not match:
         - @ConditionalOnClass did not find required class 'org.eclipse.jetty.ee10.websocket.jakarta.server.config.JakartaWebSocketServletContainerInitializer' (OnClassCondition)

   WebSocketServletAutoConfiguration.UndertowWebSocketConfiguration:
      Did not match:
         - @ConditionalOnClass did not find required class 'io.undertow.websockets.jsr.Bootstrap' (OnClassCondition)

   XADataSourceAutoConfiguration:
      Did not match:
         - @ConditionalOnClass did not find required class 'jakarta.transaction.TransactionManager' (OnClassCondition)


Exclusions:
-----------

    None


Unconditional classes:
----------------------

    org.springframework.boot.autoconfigure.context.ConfigurationPropertiesAutoConfiguration

    org.springframework.boot.autoconfigure.ssl.SslAutoConfiguration

    org.springframework.boot.autoconfigure.context.PropertyPlaceholderAutoConfiguration

    org.springframework.boot.autoconfigure.context.LifecycleAutoConfiguration

    org.springframework.modulith.core.config.ApplicationModuleInitializerRuntimeVerification

    cn.hutool.extra.spring.SpringUtil

    org.springframework.boot.autoconfigure.availability.ApplicationAvailabilityAutoConfiguration

    org.springframework.boot.autoconfigure.info.ProjectInfoAutoConfiguration



[31m2026-06-03 15:37:48.708[0;39m [33m[main][0;39m [34mINFO [0;39m [32mcom.geo.dsp.GeoDspApplication[0;39m - Started GeoDspApplication in 6.648 seconds (process running for 7.312)
[31m2026-06-03 15:37:48.711[0;39m [33m[main][0;39m [39mDEBUG[0;39m [32mo.s.boot.availability.ApplicationAvailabilityBean[0;39m - Application availability state LivenessState changed to CORRECT
[31m2026-06-03 15:37:48.718[0;39m [33m[main][0;39m [39mDEBUG[0;39m [32mo.s.boot.availability.ApplicationAvailabilityBean[0;39m - Application availability state ReadinessState changed to ACCEPTING_TRAFFIC
[31m2026-06-03 15:37:49.420[0;39m [33m[http-nio-9966-exec-1][0;39m [34mINFO [0;39m [32mo.a.c.c.ContainerBase.[Tomcat].[localhost].[/geo][0;39m - Initializing Spring DispatcherServlet 'dispatcherServlet'
[31m2026-06-03 15:37:49.420[0;39m [33m[http-nio-9966-exec-1][0;39m [34mINFO [0;39m [32morg.springframework.web.servlet.DispatcherServlet[0;39m - Initializing Servlet 'dispatcherServlet'
[31m2026-06-03 15:37:49.420[0;39m [33m[http-nio-9966-exec-1][0;39m [39mDEBUG[0;39m [32morg.springframework.web.servlet.DispatcherServlet[0;39m - Detected StandardServletMultipartResolver
[31m2026-06-03 15:37:49.420[0;39m [33m[http-nio-9966-exec-1][0;39m [39mDEBUG[0;39m [32morg.springframework.web.servlet.DispatcherServlet[0;39m - Detected AcceptHeaderLocaleResolver
[31m2026-06-03 15:37:49.420[0;39m [33m[http-nio-9966-exec-1][0;39m [39mDEBUG[0;39m [32morg.springframework.web.servlet.DispatcherServlet[0;39m - Detected FixedThemeResolver
[31m2026-06-03 15:37:49.421[0;39m [33m[http-nio-9966-exec-1][0;39m [39mDEBUG[0;39m [32morg.springframework.web.servlet.DispatcherServlet[0;39m - Detected org.springframework.web.servlet.view.DefaultRequestToViewNameTranslator@2411b935
[31m2026-06-03 15:37:49.421[0;39m [33m[http-nio-9966-exec-1][0;39m [39mDEBUG[0;39m [32morg.springframework.web.servlet.DispatcherServlet[0;39m - Detected org.springframework.web.servlet.support.SessionFlashMapManager@24010875
[31m2026-06-03 15:37:49.421[0;39m [33m[http-nio-9966-exec-1][0;39m [39mDEBUG[0;39m [32morg.springframework.web.servlet.DispatcherServlet[0;39m - enableLoggingRequestDetails='false': request parameters and headers will be masked to prevent unsafe logging of potentially sensitive data
[31m2026-06-03 15:37:49.421[0;39m [33m[http-nio-9966-exec-1][0;39m [34mINFO [0;39m [32morg.springframework.web.servlet.DispatcherServlet[0;39m - Completed initialization in 1 ms
[31m2026-06-03 15:37:49.445[0;39m [33m[http-nio-9966-exec-1][0;39m [39mDEBUG[0;39m [32morg.springframework.web.servlet.DispatcherServlet[0;39m - GET "/geo/test/hello", parameters={}
[31m2026-06-03 15:37:49.446[0;39m [33m[http-nio-9966-exec-1][0;39m [39mDEBUG[0;39m [32mo.s.w.s.m.m.a.RequestMappingHandlerMapping[0;39m - Mapped to com.geo.dsp.controller.TestController#hello()
[31m2026-06-03 15:37:49.472[0;39m [33m[http-nio-9966-exec-1][0;39m [39mDEBUG[0;39m [32mo.s.w.s.m.m.a.RequestResponseBodyMethodProcessor[0;39m - Using 'text/plain', given [*/*] and supported [text/plain, */*, application/json, application/*+json]
[31m2026-06-03 15:37:49.473[0;39m [33m[http-nio-9966-exec-1][0;39m [39mDEBUG[0;39m [32mo.s.w.s.m.m.a.RequestResponseBodyMethodProcessor[0;39m - Writing ["前后端打通成功！Hello World！"]
[31m2026-06-03 15:37:49.478[0;39m [33m[http-nio-9966-exec-1][0;39m [39mDEBUG[0;39m [32morg.springframework.web.servlet.DispatcherServlet[0;39m - Completed 200 OK
[31m2026-06-03 15:37:56.678[0;39m [33m[http-nio-9966-exec-2][0;39m [39mDEBUG[0;39m [32morg.springframework.web.servlet.DispatcherServlet[0;39m - POST "/geo/api/project", parameters={}
[31m2026-06-03 15:37:56.678[0;39m [33m[http-nio-9966-exec-2][0;39m [39mDEBUG[0;39m [32mo.s.w.s.m.m.a.RequestMappingHandlerMapping[0;39m - Mapped to com.geo.dsp.module.data.controller.ProjectController#create(ProjectDTO)
[31m2026-06-03 15:37:56.732[0;39m [33m[http-nio-9966-exec-2][0;39m [39mDEBUG[0;39m [32mo.s.w.s.m.m.a.RequestResponseBodyMethodProcessor[0;39m - Read "application/json;charset=UTF-8" to [ProjectDTO(companyId=21, projectName=test_fix, projectCode=null, projectAddress=null, startTime=2026 (truncated)...]
Creating a new SqlSession
SqlSession [org.apache.ibatis.session.defaults.DefaultSqlSession@77880679] was not registered for synchronization because synchronization is not active
[31m2026-06-03 15:37:56.752[0;39m [33m[http-nio-9966-exec-2][0;39m [34mINFO [0;39m [32mcom.zaxxer.hikari.HikariDataSource[0;39m - HikariPool-1 - Starting...
[31m2026-06-03 15:37:57.018[0;39m [33m[http-nio-9966-exec-2][0;39m [34mINFO [0;39m [32mcom.zaxxer.hikari.pool.HikariPool[0;39m - HikariPool-1 - Added connection org.postgresql.jdbc.PgConnection@4a691488
[31m2026-06-03 15:37:57.020[0;39m [33m[http-nio-9966-exec-2][0;39m [34mINFO [0;39m [32mcom.zaxxer.hikari.HikariDataSource[0;39m - HikariPool-1 - Start completed.
JDBC Connection [HikariProxyConnection@141761228 wrapping org.postgresql.jdbc.PgConnection@4a691488] will not be managed by Spring
==>  Preparing: INSERT INTO project ( uuid, company_id, project_name, project_code, project_address, start_time, end_time, manager_id, status, create_by, create_time, update_by, update_time, note, is_del ) VALUES ( CAST(? AS uuid), ?, ?, ?, ?, ?, ?, ?, ?, ?, ?, ?, ?, ?, ? )
==> Parameters: 6d7b71102f4b48d79434dafbbe30457a(String), 21(Long), test_fix(String), null, null, 2026-06-02T00:00+08:00(OffsetDateTime), null, null, 0(Integer), null, 2026-06-03T15:37:56.737466300+08:00(OffsetDateTime), null, 2026-06-03T15:37:56.737466300+08:00(OffsetDateTime), null, false(Boolean)
<==    Updates: 1
Closing non transactional SqlSession [org.apache.ibatis.session.defaults.DefaultSqlSession@77880679]
[31m2026-06-03 15:37:57.111[0;39m [33m[http-nio-9966-exec-2][0;39m [39mDEBUG[0;39m [32mo.s.w.s.m.m.a.RequestResponseBodyMethodProcessor[0;39m - Using 'application/json', given [*/*] and supported [application/json, application/*+json]
[31m2026-06-03 15:37:57.112[0;39m [33m[http-nio-9966-exec-2][0;39m [39mDEBUG[0;39m [32mo.s.w.s.m.m.a.RequestResponseBodyMethodProcessor[0;39m - Writing [com.geo.dsp.common.result.Result@fa18bbb]
[31m2026-06-03 15:37:57.122[0;39m [33m[http-nio-9966-exec-2][0;39m [39mDEBUG[0;39m [32morg.springframework.web.servlet.DispatcherServlet[0;39m - Completed 200 OK
[31m2026-06-03 15:37:57.186[0;39m [33m[http-nio-9966-exec-4][0;39m [39mDEBUG[0;39m [32morg.springframework.web.servlet.DispatcherServlet[0;39m - POST "/geo/api/project", parameters={}
[31m2026-06-03 15:37:57.186[0;39m [33m[http-nio-9966-exec-4][0;39m [39mDEBUG[0;39m [32mo.s.w.s.m.m.a.RequestMappingHandlerMapping[0;39m - Mapped to com.geo.dsp.module.data.controller.ProjectController#create(ProjectDTO)
[31m2026-06-03 15:37:57.187[0;39m [33m[http-nio-9966-exec-4][0;39m [39mDEBUG[0;39m [32mo.s.w.s.m.m.a.RequestResponseBodyMethodProcessor[0;39m - Read "application/json;charset=UTF-8" to [ProjectDTO(companyId=21, projectName=test_iso, projectCode=null, projectAddress=null, startTime=2026 (truncated)...]
Creating a new SqlSession
SqlSession [org.apache.ibatis.session.defaults.DefaultSqlSession@654fa957] was not registered for synchronization because synchronization is not active
JDBC Connection [HikariProxyConnection@1634738470 wrapping org.postgresql.jdbc.PgConnection@4a691488] will not be managed by Spring
==>  Preparing: INSERT INTO project ( uuid, company_id, project_name, project_code, project_address, start_time, end_time, manager_id, status, create_by, create_time, update_by, update_time, note, is_del ) VALUES ( CAST(? AS uuid), ?, ?, ?, ?, ?, ?, ?, ?, ?, ?, ?, ?, ?, ? )
==> Parameters: c63db4751aa2456097b52cc8403635f2(String), 21(Long), test_iso(String), null, null, 2026-06-02T15:30+08:00(OffsetDateTime), null, null, 0(Integer), null, 2026-06-03T15:37:57.187706900+08:00(OffsetDateTime), null, 2026-06-03T15:37:57.187706900+08:00(OffsetDateTime), null, false(Boolean)
<==    Updates: 1
Closing non transactional SqlSession [org.apache.ibatis.session.defaults.DefaultSqlSession@654fa957]
[31m2026-06-03 15:37:57.196[0;39m [33m[http-nio-9966-exec-4][0;39m [39mDEBUG[0;39m [32mo.s.w.s.m.m.a.RequestResponseBodyMethodProcessor[0;39m - Using 'application/json', given [*/*] and supported [application/json, application/*+json]
[31m2026-06-03 15:37:57.197[0;39m [33m[http-nio-9966-exec-4][0;39m [39mDEBUG[0;39m [32mo.s.w.s.m.m.a.RequestResponseBodyMethodProcessor[0;39m - Writing [com.geo.dsp.common.result.Result@2472a36c]
[31m2026-06-03 15:37:57.197[0;39m [33m[http-nio-9966-exec-4][0;39m [39mDEBUG[0;39m [32morg.springframework.web.servlet.DispatcherServlet[0;39m - Completed 200 OK
[31m2026-06-03 15:37:57.255[0;39m [33m[http-nio-9966-exec-6][0;39m [39mDEBUG[0;39m [32morg.springframework.web.servlet.DispatcherServlet[0;39m - POST "/geo/api/project", parameters={}
[31m2026-06-03 15:37:57.255[0;39m [33m[http-nio-9966-exec-6][0;39m [39mDEBUG[0;39m [32mo.s.w.s.m.m.a.RequestMappingHandlerMapping[0;39m - Mapped to com.geo.dsp.module.data.controller.ProjectController#create(ProjectDTO)
[31m2026-06-03 15:37:57.256[0;39m [33m[http-nio-9966-exec-6][0;39m [39mDEBUG[0;39m [32mo.s.w.s.m.m.a.RequestResponseBodyMethodProcessor[0;39m - Read "application/json;charset=UTF-8" to [ProjectDTO(companyId=21, projectName=test_no_date, projectCode=null, projectAddress=null, startTime= (truncated)...]
Creating a new SqlSession
SqlSession [org.apache.ibatis.session.defaults.DefaultSqlSession@230f365f] was not registered for synchronization because synchronization is not active
JDBC Connection [HikariProxyConnection@768134222 wrapping org.postgresql.jdbc.PgConnection@4a691488] will not be managed by Spring
==>  Preparing: INSERT INTO project ( uuid, company_id, project_name, project_code, project_address, start_time, end_time, manager_id, status, create_by, create_time, update_by, update_time, note, is_del ) VALUES ( CAST(? AS uuid), ?, ?, ?, ?, ?, ?, ?, ?, ?, ?, ?, ?, ?, ? )
==> Parameters: c53ec040c76d454a9082ae14d8a2f73b(String), 21(Long), test_no_date(String), null, null, null, null, null, 0(Integer), null, 2026-06-03T15:37:57.256459800+08:00(OffsetDateTime), null, 2026-06-03T15:37:57.256459800+08:00(OffsetDateTime), null, false(Boolean)
<==    Updates: 1
Closing non transactional SqlSession [org.apache.ibatis.session.defaults.DefaultSqlSession@230f365f]
[31m2026-06-03 15:37:57.260[0;39m [33m[http-nio-9966-exec-6][0;39m [39mDEBUG[0;39m [32mo.s.w.s.m.m.a.RequestResponseBodyMethodProcessor[0;39m - Using 'application/json', given [*/*] and supported [application/json, application/*+json]
[31m2026-06-03 15:37:57.260[0;39m [33m[http-nio-9966-exec-6][0;39m [39mDEBUG[0;39m [32mo.s.w.s.m.m.a.RequestResponseBodyMethodProcessor[0;39m - Writing [com.geo.dsp.common.result.Result@3612a87a]
[31m2026-06-03 15:37:57.260[0;39m [33m[http-nio-9966-exec-6][0;39m [39mDEBUG[0;39m [32morg.springframework.web.servlet.DispatcherServlet[0;39m - Completed 200 OK
