[31m2026-05-12 00:06:53.052[0;39m [33m[background-preinit][0;39m [34mINFO [0;39m [32morg.hibernate.validator.internal.util.Version[0;39m - HV000001: Hibernate Validator 8.0.1.Final
[31m2026-05-12 00:06:53.092[0;39m [33m[restartedMain][0;39m [34mINFO [0;39m [32mcom.geo.dsp.GeoDspApplication[0;39m - Starting GeoDspApplication using Java 17.0.17 with PID 47764 (C:\Users\22317\Desktop\bbb\geodspp\GeoDsp(1)\GeoDsp\target\classes started by 22317 in C:\Users\22317\Desktop\bbb\geodspp\GeoDsp(1))
[31m2026-05-12 00:06:53.093[0;39m [33m[restartedMain][0;39m [34mINFO [0;39m [32mcom.geo.dsp.GeoDspApplication[0;39m - No active profile set, falling back to 1 default profile: "default"
[31m2026-05-12 00:06:53.139[0;39m [33m[restartedMain][0;39m [34mINFO [0;39m [32mo.s.boot.devtools.restart.ChangeableUrls[0;39m - The Class-Path manifest attribute in C:\Users\22317\.m2\repository\com\sun\xml\bind\jaxb-core\4.0.5\jaxb-core-4.0.5.jar referenced one or more files that do not exist: file:/C:/Users/22317/.m2/repository/com/sun/xml/bind/jaxb-core/4.0.5/jakarta.activation-api.jar,file:/C:/Users/22317/.m2/repository/com/sun/xml/bind/jaxb-core/4.0.5/jakarta.xml.bind-api.jar
[31m2026-05-12 00:06:53.140[0;39m [33m[restartedMain][0;39m [34mINFO [0;39m [32mo.s.boot.devtools.restart.ChangeableUrls[0;39m - The Class-Path manifest attribute in C:\Users\22317\.m2\repository\com\sun\xml\bind\jaxb-impl\4.0.5\jaxb-impl-4.0.5.jar referenced one or more files that do not exist: file:/C:/Users/22317/.m2/repository/com/sun/xml/bind/jaxb-impl/4.0.5/jaxb-core.jar,file:/C:/Users/22317/.m2/repository/com/sun/xml/bind/jaxb-impl/4.0.5/angus-activation.jar
[31m2026-05-12 00:06:53.140[0;39m [33m[restartedMain][0;39m [34mINFO [0;39m [32mo.s.b.d.env.DevToolsPropertyDefaultsPostProcessor[0;39m - Devtools property defaults active! Set 'spring.devtools.add-properties' to 'false' to disable
[31m2026-05-12 00:06:53.140[0;39m [33m[restartedMain][0;39m [34mINFO [0;39m [32mo.s.b.d.env.DevToolsPropertyDefaultsPostProcessor[0;39m - For additional web related logging consider setting the 'logging.level.web' property to 'DEBUG'
[31m2026-05-12 00:06:54.501[0;39m [33m[restartedMain][0;39m [34mINFO [0;39m [32mo.s.boot.web.embedded.tomcat.TomcatWebServer[0;39m - Tomcat initialized with port 9966 (http)
[31m2026-05-12 00:06:54.511[0;39m [33m[restartedMain][0;39m [34mINFO [0;39m [32morg.apache.coyote.http11.Http11NioProtocol[0;39m - Initializing ProtocolHandler ["http-nio-9966"]
[31m2026-05-12 00:06:54.512[0;39m [33m[restartedMain][0;39m [34mINFO [0;39m [32morg.apache.catalina.core.StandardService[0;39m - Starting service [Tomcat]
[31m2026-05-12 00:06:54.512[0;39m [33m[restartedMain][0;39m [34mINFO [0;39m [32morg.apache.catalina.core.StandardEngine[0;39m - Starting Servlet engine: [Apache Tomcat/10.1.33]
[31m2026-05-12 00:06:54.556[0;39m [33m[restartedMain][0;39m [34mINFO [0;39m [32mo.a.c.c.ContainerBase.[Tomcat].[localhost].[/geo][0;39m - Initializing Spring embedded WebApplicationContext
[31m2026-05-12 00:06:54.556[0;39m [33m[restartedMain][0;39m [34mINFO [0;39m [32mo.s.b.w.s.c.ServletWebServerApplicationContext[0;39m - Root WebApplicationContext: initialization completed in 1416 ms
[31m2026-05-12 00:06:55.968[0;39m [33m[restartedMain][0;39m [34mINFO [0;39m [32mo.s.b.d.autoconfigure.OptionalLiveReloadServer[0;39m - LiveReload server is running on port 35729
[31m2026-05-12 00:06:56.011[0;39m [33m[restartedMain][0;39m [34mINFO [0;39m [32morg.apache.coyote.http11.Http11NioProtocol[0;39m - Starting ProtocolHandler ["http-nio-9966"]
[31m2026-05-12 00:06:56.023[0;39m [33m[restartedMain][0;39m [34mINFO [0;39m [32mo.s.boot.web.embedded.tomcat.TomcatWebServer[0;39m - Tomcat started on port 9966 (http) with context path '/geo'
[31m2026-05-12 00:06:56.040[0;39m [33m[restartedMain][0;39m [34mINFO [0;39m [32mcom.geo.dsp.GeoDspApplication[0;39m - Started GeoDspApplication in 3.332 seconds (process running for 3.969)
[31m2026-05-12 00:07:49.152[0;39m [33m[http-nio-9966-exec-1][0;39m [34mINFO [0;39m [32mo.a.c.c.ContainerBase.[Tomcat].[localhost].[/geo][0;39m - Initializing Spring DispatcherServlet 'dispatcherServlet'
[31m2026-05-12 00:07:49.152[0;39m [33m[http-nio-9966-exec-1][0;39m [34mINFO [0;39m [32morg.springframework.web.servlet.DispatcherServlet[0;39m - Initializing Servlet 'dispatcherServlet'
[31m2026-05-12 00:07:49.155[0;39m [33m[http-nio-9966-exec-1][0;39m [34mINFO [0;39m [32morg.springframework.web.servlet.DispatcherServlet[0;39m - Completed initialization in 1 ms
[31m2026-05-12 00:07:49.344[0;39m [33m[http-nio-9966-exec-1][0;39m [34mINFO [0;39m [32mcom.zaxxer.hikari.HikariDataSource[0;39m - HikariPool-1 - Starting...
[31m2026-05-12 00:10:30.318[0;39m [33m[http-nio-9966-exec-2][0;39m [34mINFO [0;39m [32mcom.zaxxer.hikari.HikariDataSource[0;39m - HikariPool-1 - Starting...
[31m2026-05-12 00:10:36.505[0;39m [33m[http-nio-9966-exec-7][0;39m [34mINFO [0;39m [32mcom.zaxxer.hikari.HikariDataSource[0;39m - HikariPool-1 - Starting...
[31m2026-05-12 00:12:14.019[0;39m [33m[SpringApplicationShutdownHook][0;39m [34mINFO [0;39m [32mo.s.boot.web.embedded.tomcat.GracefulShutdown[0;39m - Commencing graceful shutdown. Waiting for active requests to complete
[31m2026-05-12 00:12:14.057[0;39m [33m[tomcat-shutdown][0;39m [34mINFO [0;39m [32mo.s.boot.web.embedded.tomcat.GracefulShutdown[0;39m - Graceful shutdown complete
[31m2026-05-12 12:08:06.532[0;39m [33m[background-preinit][0;39m [34mINFO [0;39m [32morg.hibernate.validator.internal.util.Version[0;39m - HV000001: Hibernate Validator 8.0.1.Final
[31m2026-05-12 12:08:06.573[0;39m [33m[restartedMain][0;39m [34mINFO [0;39m [32mcom.geo.dsp.GeoDspApplication[0;39m - Starting GeoDspApplication using Java 17.0.17 with PID 39728 (C:\Users\22317\Desktop\bbb\geodspp\GeoDsp(1)\GeoDsp\target\classes started by 22317 in C:\Users\22317\Desktop\bbb\geodspp\GeoDsp(1))
[31m2026-05-12 12:08:06.573[0;39m [33m[restartedMain][0;39m [34mINFO [0;39m [32mcom.geo.dsp.GeoDspApplication[0;39m - No active profile set, falling back to 1 default profile: "default"
[31m2026-05-12 12:08:06.610[0;39m [33m[restartedMain][0;39m [34mINFO [0;39m [32mo.s.boot.devtools.restart.ChangeableUrls[0;39m - The Class-Path manifest attribute in C:\Users\22317\.m2\repository\com\sun\xml\bind\jaxb-core\4.0.5\jaxb-core-4.0.5.jar referenced one or more files that do not exist: file:/C:/Users/22317/.m2/repository/com/sun/xml/bind/jaxb-core/4.0.5/jakarta.activation-api.jar,file:/C:/Users/22317/.m2/repository/com/sun/xml/bind/jaxb-core/4.0.5/jakarta.xml.bind-api.jar
[31m2026-05-12 12:08:06.610[0;39m [33m[restartedMain][0;39m [34mINFO [0;39m [32mo.s.boot.devtools.restart.ChangeableUrls[0;39m - The Class-Path manifest attribute in C:\Users\22317\.m2\repository\com\sun\xml\bind\jaxb-impl\4.0.5\jaxb-impl-4.0.5.jar referenced one or more files that do not exist: file:/C:/Users/22317/.m2/repository/com/sun/xml/bind/jaxb-impl/4.0.5/jaxb-core.jar,file:/C:/Users/22317/.m2/repository/com/sun/xml/bind/jaxb-impl/4.0.5/angus-activation.jar
[31m2026-05-12 12:08:06.610[0;39m [33m[restartedMain][0;39m [34mINFO [0;39m [32mo.s.b.d.env.DevToolsPropertyDefaultsPostProcessor[0;39m - Devtools property defaults active! Set 'spring.devtools.add-properties' to 'false' to disable
[31m2026-05-12 12:08:06.610[0;39m [33m[restartedMain][0;39m [34mINFO [0;39m [32mo.s.b.d.env.DevToolsPropertyDefaultsPostProcessor[0;39m - For additional web related logging consider setting the 'logging.level.web' property to 'DEBUG'
[31m2026-05-12 12:08:08.041[0;39m [33m[restartedMain][0;39m [34mINFO [0;39m [32mo.s.boot.web.embedded.tomcat.TomcatWebServer[0;39m - Tomcat initialized with port 9966 (http)
[31m2026-05-12 12:08:08.052[0;39m [33m[restartedMain][0;39m [34mINFO [0;39m [32morg.apache.coyote.http11.Http11NioProtocol[0;39m - Initializing ProtocolHandler ["http-nio-9966"]
[31m2026-05-12 12:08:08.053[0;39m [33m[restartedMain][0;39m [34mINFO [0;39m [32morg.apache.catalina.core.StandardService[0;39m - Starting service [Tomcat]
[31m2026-05-12 12:08:08.054[0;39m [33m[restartedMain][0;39m [34mINFO [0;39m [32morg.apache.catalina.core.StandardEngine[0;39m - Starting Servlet engine: [Apache Tomcat/10.1.33]
[31m2026-05-12 12:08:08.102[0;39m [33m[restartedMain][0;39m [34mINFO [0;39m [32mo.a.c.c.ContainerBase.[Tomcat].[localhost].[/geo][0;39m - Initializing Spring embedded WebApplicationContext
[31m2026-05-12 12:08:08.102[0;39m [33m[restartedMain][0;39m [34mINFO [0;39m [32mo.s.b.w.s.c.ServletWebServerApplicationContext[0;39m - Root WebApplicationContext: initialization completed in 1492 ms
[31m2026-05-12 12:08:09.577[0;39m [33m[restartedMain][0;39m [34mINFO [0;39m [32mo.s.b.d.autoconfigure.OptionalLiveReloadServer[0;39m - LiveReload server is running on port 35729
[31m2026-05-12 12:08:09.620[0;39m [33m[restartedMain][0;39m [34mINFO [0;39m [32morg.apache.coyote.http11.Http11NioProtocol[0;39m - Starting ProtocolHandler ["http-nio-9966"]
[31m2026-05-12 12:08:09.633[0;39m [33m[restartedMain][0;39m [34mINFO [0;39m [32mo.s.boot.web.embedded.tomcat.TomcatWebServer[0;39m - Tomcat started on port 9966 (http) with context path '/geo'
[31m2026-05-12 12:08:09.648[0;39m [33m[restartedMain][0;39m [34mINFO [0;39m [32mcom.geo.dsp.GeoDspApplication[0;39m - Started GeoDspApplication in 3.445 seconds (process running for 9.42)
[31m2026-05-12 12:08:43.039[0;39m [33m[http-nio-9966-exec-2][0;39m [34mINFO [0;39m [32mo.a.c.c.ContainerBase.[Tomcat].[localhost].[/geo][0;39m - Initializing Spring DispatcherServlet 'dispatcherServlet'
[31m2026-05-12 12:08:43.039[0;39m [33m[http-nio-9966-exec-2][0;39m [34mINFO [0;39m [32morg.springframework.web.servlet.DispatcherServlet[0;39m - Initializing Servlet 'dispatcherServlet'
[31m2026-05-12 12:08:43.041[0;39m [33m[http-nio-9966-exec-2][0;39m [34mINFO [0;39m [32morg.springframework.web.servlet.DispatcherServlet[0;39m - Completed initialization in 2 ms
[31m2026-05-12 12:08:43.222[0;39m [33m[http-nio-9966-exec-2][0;39m [34mINFO [0;39m [32mcom.zaxxer.hikari.HikariDataSource[0;39m - HikariPool-1 - Starting...
[31m2026-05-12 12:08:50.325[0;39m [33m[http-nio-9966-exec-1][0;39m [34mINFO [0;39m [32mcom.zaxxer.hikari.HikariDataSource[0;39m - HikariPool-1 - Starting...
[31m2026-05-12 12:20:52.257[0;39m [33m[File Watcher][0;39m [34mINFO [0;39m [32mo.s.b.d.a.LocalDevToolsAutoConfiguration$RestartingClassPathChangeChangedEventListener[0;39m - Restarting due to 1 class path change (0 additions, 0 deletions, 1 modification)
[31m2026-05-12 12:20:52.283[0;39m [33m[Thread-5][0;39m [34mINFO [0;39m [32mo.s.boot.web.embedded.tomcat.GracefulShutdown[0;39m - Commencing graceful shutdown. Waiting for active requests to complete
[31m2026-05-12 12:20:52.288[0;39m [33m[tomcat-shutdown][0;39m [34mINFO [0;39m [32morg.apache.coyote.http11.Http11NioProtocol[0;39m - Pausing ProtocolHandler ["http-nio-9966"]
[31m2026-05-12 12:20:52.727[0;39m [33m[tomcat-shutdown][0;39m [34mINFO [0;39m [32mo.s.boot.web.embedded.tomcat.GracefulShutdown[0;39m - Graceful shutdown complete
[31m2026-05-12 12:20:52.728[0;39m [33m[Thread-5][0;39m [34mINFO [0;39m [32morg.apache.coyote.http11.Http11NioProtocol[0;39m - Stopping ProtocolHandler ["http-nio-9966"]
[31m2026-05-12 12:20:52.870[0;39m [33m[restartedMain][0;39m [34mINFO [0;39m [32mcom.geo.dsp.GeoDspApplication[0;39m - Starting GeoDspApplication using Java 17.0.17 with PID 39728 (C:\Users\22317\Desktop\bbb\geodspp\GeoDsp(1)\GeoDsp\target\classes started by 22317 in C:\Users\22317\Desktop\bbb\geodspp\GeoDsp(1))
[31m2026-05-12 12:20:52.870[0;39m [33m[restartedMain][0;39m [34mINFO [0;39m [32mcom.geo.dsp.GeoDspApplication[0;39m - No active profile set, falling back to 1 default profile: "default"
[31m2026-05-12 12:20:53.345[0;39m [33m[restartedMain][0;39m [34mINFO [0;39m [32mo.s.boot.web.embedded.tomcat.TomcatWebServer[0;39m - Tomcat initialized with port 9966 (http)
[31m2026-05-12 12:20:53.345[0;39m [33m[restartedMain][0;39m [34mINFO [0;39m [32morg.apache.coyote.http11.Http11NioProtocol[0;39m - Initializing ProtocolHandler ["http-nio-9966"]
[31m2026-05-12 12:20:53.346[0;39m [33m[restartedMain][0;39m [34mINFO [0;39m [32morg.apache.catalina.core.StandardService[0;39m - Starting service [Tomcat]
[31m2026-05-12 12:20:53.346[0;39m [33m[restartedMain][0;39m [34mINFO [0;39m [32morg.apache.catalina.core.StandardEngine[0;39m - Starting Servlet engine: [Apache Tomcat/10.1.33]
[31m2026-05-12 12:20:53.370[0;39m [33m[restartedMain][0;39m [34mINFO [0;39m [32mo.a.c.c.ContainerBase.[Tomcat].[localhost].[/geo][0;39m - Initializing Spring embedded WebApplicationContext
[31m2026-05-12 12:20:53.370[0;39m [33m[restartedMain][0;39m [34mINFO [0;39m [32mo.s.b.w.s.c.ServletWebServerApplicationContext[0;39m - Root WebApplicationContext: initialization completed in 499 ms
[31m2026-05-12 12:20:53.881[0;39m [33m[restartedMain][0;39m [34mINFO [0;39m [32mo.s.b.d.autoconfigure.OptionalLiveReloadServer[0;39m - LiveReload server is running on port 35729
[31m2026-05-12 12:20:53.906[0;39m [33m[restartedMain][0;39m [34mINFO [0;39m [32morg.apache.coyote.http11.Http11NioProtocol[0;39m - Starting ProtocolHandler ["http-nio-9966"]
[31m2026-05-12 12:20:53.908[0;39m [33m[restartedMain][0;39m [34mINFO [0;39m [32mo.s.boot.web.embedded.tomcat.TomcatWebServer[0;39m - Tomcat started on port 9966 (http) with context path '/geo'
[31m2026-05-12 12:20:53.917[0;39m [33m[restartedMain][0;39m [34mINFO [0;39m [32mcom.geo.dsp.GeoDspApplication[0;39m - Started GeoDspApplication in 1.077 seconds (process running for 773.689)
[31m2026-05-12 12:20:53.919[0;39m [33m[restartedMain][0;39m [34mINFO [0;39m [32mo.s.b.d.a.ConditionEvaluationDeltaLoggingListener[0;39m - Condition evaluation unchanged
[31m2026-05-12 12:20:55.380[0;39m [33m[File Watcher][0;39m [34mINFO [0;39m [32mo.s.b.d.a.LocalDevToolsAutoConfiguration$RestartingClassPathChangeChangedEventListener[0;39m - Restarting due to 1 class path change (0 additions, 0 deletions, 1 modification)
[31m2026-05-12 12:20:55.381[0;39m [33m[Thread-7][0;39m [34mINFO [0;39m [32mo.s.boot.web.embedded.tomcat.GracefulShutdown[0;39m - Commencing graceful shutdown. Waiting for active requests to complete
[31m2026-05-12 12:20:55.381[0;39m [33m[tomcat-shutdown][0;39m [34mINFO [0;39m [32morg.apache.coyote.http11.Http11NioProtocol[0;39m - Pausing ProtocolHandler ["http-nio-9966"]
[31m2026-05-12 12:20:55.798[0;39m [33m[tomcat-shutdown][0;39m [34mINFO [0;39m [32mo.s.boot.web.embedded.tomcat.GracefulShutdown[0;39m - Graceful shutdown complete
[31m2026-05-12 12:20:55.798[0;39m [33m[Thread-7][0;39m [34mINFO [0;39m [32morg.apache.coyote.http11.Http11NioProtocol[0;39m - Stopping ProtocolHandler ["http-nio-9966"]
[31m2026-05-12 12:20:55.883[0;39m [33m[restartedMain][0;39m [34mINFO [0;39m [32mcom.geo.dsp.GeoDspApplication[0;39m - Starting GeoDspApplication using Java 17.0.17 with PID 39728 (C:\Users\22317\Desktop\bbb\geodspp\GeoDsp(1)\GeoDsp\target\classes started by 22317 in C:\Users\22317\Desktop\bbb\geodspp\GeoDsp(1))
[31m2026-05-12 12:20:55.883[0;39m [33m[restartedMain][0;39m [34mINFO [0;39m [32mcom.geo.dsp.GeoDspApplication[0;39m - No active profile set, falling back to 1 default profile: "default"
[31m2026-05-12 12:20:56.361[0;39m [33m[restartedMain][0;39m [34mINFO [0;39m [32mo.s.boot.web.embedded.tomcat.TomcatWebServer[0;39m - Tomcat initialized with port 9966 (http)
[31m2026-05-12 12:20:56.361[0;39m [33m[restartedMain][0;39m [34mINFO [0;39m [32morg.apache.coyote.http11.Http11NioProtocol[0;39m - Initializing ProtocolHandler ["http-nio-9966"]
[31m2026-05-12 12:20:56.361[0;39m [33m[restartedMain][0;39m [34mINFO [0;39m [32morg.apache.catalina.core.StandardService[0;39m - Starting service [Tomcat]
[31m2026-05-12 12:20:56.361[0;39m [33m[restartedMain][0;39m [34mINFO [0;39m [32morg.apache.catalina.core.StandardEngine[0;39m - Starting Servlet engine: [Apache Tomcat/10.1.33]
[31m2026-05-12 12:20:56.398[0;39m [33m[restartedMain][0;39m [34mINFO [0;39m [32mo.a.c.c.ContainerBase.[Tomcat].[localhost].[/geo][0;39m - Initializing Spring embedded WebApplicationContext
[31m2026-05-12 12:20:56.398[0;39m [33m[restartedMain][0;39m [34mINFO [0;39m [32mo.s.b.w.s.c.ServletWebServerApplicationContext[0;39m - Root WebApplicationContext: initialization completed in 514 ms
[31m2026-05-12 12:20:56.867[0;39m [33m[restartedMain][0;39m [34mINFO [0;39m [32mo.s.b.d.autoconfigure.OptionalLiveReloadServer[0;39m - LiveReload server is running on port 35729
[31m2026-05-12 12:20:56.891[0;39m [33m[restartedMain][0;39m [34mINFO [0;39m [32morg.apache.coyote.http11.Http11NioProtocol[0;39m - Starting ProtocolHandler ["http-nio-9966"]
[31m2026-05-12 12:20:56.894[0;39m [33m[restartedMain][0;39m [34mINFO [0;39m [32mo.s.boot.web.embedded.tomcat.TomcatWebServer[0;39m - Tomcat started on port 9966 (http) with context path '/geo'
[31m2026-05-12 12:20:56.901[0;39m [33m[restartedMain][0;39m [34mINFO [0;39m [32mcom.geo.dsp.GeoDspApplication[0;39m - Started GeoDspApplication in 1.049 seconds (process running for 776.673)
[31m2026-05-12 12:20:56.902[0;39m [33m[restartedMain][0;39m [34mINFO [0;39m [32mo.s.b.d.a.ConditionEvaluationDeltaLoggingListener[0;39m - Condition evaluation unchanged
[31m2026-05-12 12:20:58.343[0;39m [33m[File Watcher][0;39m [34mINFO [0;39m [32mo.s.b.d.a.LocalDevToolsAutoConfiguration$RestartingClassPathChangeChangedEventListener[0;39m - Restarting due to 1 class path change (0 additions, 0 deletions, 1 modification)
[31m2026-05-12 12:20:58.344[0;39m [33m[Thread-11][0;39m [34mINFO [0;39m [32mo.s.boot.web.embedded.tomcat.GracefulShutdown[0;39m - Commencing graceful shutdown. Waiting for active requests to complete
[31m2026-05-12 12:20:58.344[0;39m [33m[tomcat-shutdown][0;39m [34mINFO [0;39m [32morg.apache.coyote.http11.Http11NioProtocol[0;39m - Pausing ProtocolHandler ["http-nio-9966"]
[31m2026-05-12 12:20:58.800[0;39m [33m[tomcat-shutdown][0;39m [34mINFO [0;39m [32mo.s.boot.web.embedded.tomcat.GracefulShutdown[0;39m - Graceful shutdown complete
[31m2026-05-12 12:20:58.800[0;39m [33m[Thread-11][0;39m [34mINFO [0;39m [32morg.apache.coyote.http11.Http11NioProtocol[0;39m - Stopping ProtocolHandler ["http-nio-9966"]
[31m2026-05-12 12:20:58.881[0;39m [33m[restartedMain][0;39m [34mINFO [0;39m [32mcom.geo.dsp.GeoDspApplication[0;39m - Starting GeoDspApplication using Java 17.0.17 with PID 39728 (C:\Users\22317\Desktop\bbb\geodspp\GeoDsp(1)\GeoDsp\target\classes started by 22317 in C:\Users\22317\Desktop\bbb\geodspp\GeoDsp(1))
[31m2026-05-12 12:20:58.882[0;39m [33m[restartedMain][0;39m [34mINFO [0;39m [32mcom.geo.dsp.GeoDspApplication[0;39m - No active profile set, falling back to 1 default profile: "default"
[31m2026-05-12 12:20:59.215[0;39m [33m[restartedMain][0;39m [34mINFO [0;39m [32mo.s.boot.web.embedded.tomcat.TomcatWebServer[0;39m - Tomcat initialized with port 9966 (http)
[31m2026-05-12 12:20:59.216[0;39m [33m[restartedMain][0;39m [34mINFO [0;39m [32morg.apache.coyote.http11.Http11NioProtocol[0;39m - Initializing ProtocolHandler ["http-nio-9966"]
[31m2026-05-12 12:20:59.216[0;39m [33m[restartedMain][0;39m [34mINFO [0;39m [32morg.apache.catalina.core.StandardService[0;39m - Starting service [Tomcat]
[31m2026-05-12 12:20:59.216[0;39m [33m[restartedMain][0;39m [34mINFO [0;39m [32morg.apache.catalina.core.StandardEngine[0;39m - Starting Servlet engine: [Apache Tomcat/10.1.33]
[31m2026-05-12 12:20:59.241[0;39m [33m[restartedMain][0;39m [34mINFO [0;39m [32mo.a.c.c.ContainerBase.[Tomcat].[localhost].[/geo][0;39m - Initializing Spring embedded WebApplicationContext
[31m2026-05-12 12:20:59.241[0;39m [33m[restartedMain][0;39m [34mINFO [0;39m [32mo.s.b.w.s.c.ServletWebServerApplicationContext[0;39m - Root WebApplicationContext: initialization completed in 357 ms
[31m2026-05-12 12:20:59.650[0;39m [33m[restartedMain][0;39m [34mINFO [0;39m [32mo.s.b.d.autoconfigure.OptionalLiveReloadServer[0;39m - LiveReload server is running on port 35729
[31m2026-05-12 12:20:59.662[0;39m [33m[restartedMain][0;39m [34mINFO [0;39m [32morg.apache.coyote.http11.Http11NioProtocol[0;39m - Starting ProtocolHandler ["http-nio-9966"]
[31m2026-05-12 12:20:59.664[0;39m [33m[restartedMain][0;39m [34mINFO [0;39m [32mo.s.boot.web.embedded.tomcat.TomcatWebServer[0;39m - Tomcat started on port 9966 (http) with context path '/geo'
[31m2026-05-12 12:20:59.672[0;39m [33m[restartedMain][0;39m [34mINFO [0;39m [32mcom.geo.dsp.GeoDspApplication[0;39m - Started GeoDspApplication in 0.823 seconds (process running for 779.444)
[31m2026-05-12 12:20:59.672[0;39m [33m[restartedMain][0;39m [34mINFO [0;39m [32mo.s.b.d.a.ConditionEvaluationDeltaLoggingListener[0;39m - Condition evaluation unchanged
[31m2026-05-12 12:21:01.132[0;39m [33m[File Watcher][0;39m [34mINFO [0;39m [32mo.s.b.d.a.LocalDevToolsAutoConfiguration$RestartingClassPathChangeChangedEventListener[0;39m - Restarting due to 1 class path change (0 additions, 0 deletions, 1 modification)
[31m2026-05-12 12:21:01.134[0;39m [33m[Thread-15][0;39m [34mINFO [0;39m [32mo.s.boot.web.embedded.tomcat.GracefulShutdown[0;39m - Commencing graceful shutdown. Waiting for active requests to complete
[31m2026-05-12 12:21:01.135[0;39m [33m[tomcat-shutdown][0;39m [34mINFO [0;39m [32morg.apache.coyote.http11.Http11NioProtocol[0;39m - Pausing ProtocolHandler ["http-nio-9966"]
[31m2026-05-12 12:21:01.603[0;39m [33m[tomcat-shutdown][0;39m [34mINFO [0;39m [32mo.s.boot.web.embedded.tomcat.GracefulShutdown[0;39m - Graceful shutdown complete
[31m2026-05-12 12:21:01.603[0;39m [33m[Thread-15][0;39m [34mINFO [0;39m [32morg.apache.coyote.http11.Http11NioProtocol[0;39m - Stopping ProtocolHandler ["http-nio-9966"]
[31m2026-05-12 12:21:01.663[0;39m [33m[restartedMain][0;39m [34mINFO [0;39m [32mcom.geo.dsp.GeoDspApplication[0;39m - Starting GeoDspApplication using Java 17.0.17 with PID 39728 (C:\Users\22317\Desktop\bbb\geodspp\GeoDsp(1)\GeoDsp\target\classes started by 22317 in C:\Users\22317\Desktop\bbb\geodspp\GeoDsp(1))
[31m2026-05-12 12:21:01.664[0;39m [33m[restartedMain][0;39m [34mINFO [0;39m [32mcom.geo.dsp.GeoDspApplication[0;39m - No active profile set, falling back to 1 default profile: "default"
[31m2026-05-12 12:21:01.961[0;39m [33m[restartedMain][0;39m [34mINFO [0;39m [32mo.s.boot.web.embedded.tomcat.TomcatWebServer[0;39m - Tomcat initialized with port 9966 (http)
[31m2026-05-12 12:21:01.961[0;39m [33m[restartedMain][0;39m [34mINFO [0;39m [32morg.apache.coyote.http11.Http11NioProtocol[0;39m - Initializing ProtocolHandler ["http-nio-9966"]
[31m2026-05-12 12:21:01.961[0;39m [33m[restartedMain][0;39m [34mINFO [0;39m [32morg.apache.catalina.core.StandardService[0;39m - Starting service [Tomcat]
[31m2026-05-12 12:21:01.961[0;39m [33m[restartedMain][0;39m [34mINFO [0;39m [32morg.apache.catalina.core.StandardEngine[0;39m - Starting Servlet engine: [Apache Tomcat/10.1.33]
[31m2026-05-12 12:21:01.979[0;39m [33m[restartedMain][0;39m [34mINFO [0;39m [32mo.a.c.c.ContainerBase.[Tomcat].[localhost].[/geo][0;39m - Initializing Spring embedded WebApplicationContext
[31m2026-05-12 12:21:01.979[0;39m [33m[restartedMain][0;39m [34mINFO [0;39m [32mo.s.b.w.s.c.ServletWebServerApplicationContext[0;39m - Root WebApplicationContext: initialization completed in 314 ms
[31m2026-05-12 12:21:02.407[0;39m [33m[restartedMain][0;39m [34mINFO [0;39m [32mo.s.b.d.autoconfigure.OptionalLiveReloadServer[0;39m - LiveReload server is running on port 35729
[31m2026-05-12 12:21:02.427[0;39m [33m[restartedMain][0;39m [34mINFO [0;39m [32morg.apache.coyote.http11.Http11NioProtocol[0;39m - Starting ProtocolHandler ["http-nio-9966"]
[31m2026-05-12 12:21:02.429[0;39m [33m[restartedMain][0;39m [34mINFO [0;39m [32mo.s.boot.web.embedded.tomcat.TomcatWebServer[0;39m - Tomcat started on port 9966 (http) with context path '/geo'
[31m2026-05-12 12:21:02.436[0;39m [33m[restartedMain][0;39m [34mINFO [0;39m [32mcom.geo.dsp.GeoDspApplication[0;39m - Started GeoDspApplication in 0.792 seconds (process running for 782.208)
[31m2026-05-12 12:21:02.438[0;39m [33m[restartedMain][0;39m [34mINFO [0;39m [32mo.s.b.d.a.ConditionEvaluationDeltaLoggingListener[0;39m - Condition evaluation unchanged
[31m2026-05-12 12:21:41.058[0;39m [33m[SpringApplicationShutdownHook][0;39m [34mINFO [0;39m [32mo.s.boot.web.embedded.tomcat.GracefulShutdown[0;39m - Commencing graceful shutdown. Waiting for active requests to complete
[31m2026-05-12 12:21:41.306[0;39m [33m[tomcat-shutdown][0;39m [34mINFO [0;39m [32mo.s.boot.web.embedded.tomcat.GracefulShutdown[0;39m - Graceful shutdown complete
[31m2026-05-12 12:21:45.864[0;39m [33m[background-preinit][0;39m [34mINFO [0;39m [32morg.hibernate.validator.internal.util.Version[0;39m - HV000001: Hibernate Validator 8.0.1.Final
[31m2026-05-12 12:21:45.896[0;39m [33m[restartedMain][0;39m [34mINFO [0;39m [32mcom.geo.dsp.GeoDspApplication[0;39m - Starting GeoDspApplication using Java 17.0.17 with PID 46320 (C:\Users\22317\Desktop\bbb\geodspp\GeoDsp(1)\GeoDsp\target\classes started by 22317 in C:\Users\22317\Desktop\bbb\geodspp\GeoDsp(1))
[31m2026-05-12 12:21:45.896[0;39m [33m[restartedMain][0;39m [34mINFO [0;39m [32mcom.geo.dsp.GeoDspApplication[0;39m - No active profile set, falling back to 1 default profile: "default"
[31m2026-05-12 12:21:45.931[0;39m [33m[restartedMain][0;39m [34mINFO [0;39m [32mo.s.boot.devtools.restart.ChangeableUrls[0;39m - The Class-Path manifest attribute in C:\Users\22317\.m2\repository\com\sun\xml\bind\jaxb-core\4.0.5\jaxb-core-4.0.5.jar referenced one or more files that do not exist: file:/C:/Users/22317/.m2/repository/com/sun/xml/bind/jaxb-core/4.0.5/jakarta.activation-api.jar,file:/C:/Users/22317/.m2/repository/com/sun/xml/bind/jaxb-core/4.0.5/jakarta.xml.bind-api.jar
[31m2026-05-12 12:21:45.931[0;39m [33m[restartedMain][0;39m [34mINFO [0;39m [32mo.s.boot.devtools.restart.ChangeableUrls[0;39m - The Class-Path manifest attribute in C:\Users\22317\.m2\repository\com\sun\xml\bind\jaxb-impl\4.0.5\jaxb-impl-4.0.5.jar referenced one or more files that do not exist: file:/C:/Users/22317/.m2/repository/com/sun/xml/bind/jaxb-impl/4.0.5/jaxb-core.jar,file:/C:/Users/22317/.m2/repository/com/sun/xml/bind/jaxb-impl/4.0.5/angus-activation.jar
[31m2026-05-12 12:21:45.931[0;39m [33m[restartedMain][0;39m [34mINFO [0;39m [32mo.s.b.d.env.DevToolsPropertyDefaultsPostProcessor[0;39m - Devtools property defaults active! Set 'spring.devtools.add-properties' to 'false' to disable
[31m2026-05-12 12:21:45.931[0;39m [33m[restartedMain][0;39m [34mINFO [0;39m [32mo.s.b.d.env.DevToolsPropertyDefaultsPostProcessor[0;39m - For additional web related logging consider setting the 'logging.level.web' property to 'DEBUG'
[31m2026-05-12 12:21:47.130[0;39m [33m[restartedMain][0;39m [34mINFO [0;39m [32mo.s.boot.web.embedded.tomcat.TomcatWebServer[0;39m - Tomcat initialized with port 9966 (http)
[31m2026-05-12 12:21:47.140[0;39m [33m[restartedMain][0;39m [34mINFO [0;39m [32morg.apache.coyote.http11.Http11NioProtocol[0;39m - Initializing ProtocolHandler ["http-nio-9966"]
[31m2026-05-12 12:21:47.141[0;39m [33m[restartedMain][0;39m [34mINFO [0;39m [32morg.apache.catalina.core.StandardService[0;39m - Starting service [Tomcat]
[31m2026-05-12 12:21:47.142[0;39m [33m[restartedMain][0;39m [34mINFO [0;39m [32morg.apache.catalina.core.StandardEngine[0;39m - Starting Servlet engine: [Apache Tomcat/10.1.33]
[31m2026-05-12 12:21:47.189[0;39m [33m[restartedMain][0;39m [34mINFO [0;39m [32mo.a.c.c.ContainerBase.[Tomcat].[localhost].[/geo][0;39m - Initializing Spring embedded WebApplicationContext
[31m2026-05-12 12:21:47.190[0;39m [33m[restartedMain][0;39m [34mINFO [0;39m [32mo.s.b.w.s.c.ServletWebServerApplicationContext[0;39m - Root WebApplicationContext: initialization completed in 1258 ms
[31m2026-05-12 12:21:48.504[0;39m [33m[restartedMain][0;39m [34mINFO [0;39m [32mo.s.b.d.autoconfigure.OptionalLiveReloadServer[0;39m - LiveReload server is running on port 35729
[31m2026-05-12 12:21:48.556[0;39m [33m[restartedMain][0;39m [34mINFO [0;39m [32morg.apache.coyote.http11.Http11NioProtocol[0;39m - Starting ProtocolHandler ["http-nio-9966"]
[31m2026-05-12 12:21:48.570[0;39m [33m[restartedMain][0;39m [34mINFO [0;39m [32mo.s.boot.web.embedded.tomcat.TomcatWebServer[0;39m - Tomcat started on port 9966 (http) with context path '/geo'
[31m2026-05-12 12:21:48.588[0;39m [33m[restartedMain][0;39m [34mINFO [0;39m [32mcom.geo.dsp.GeoDspApplication[0;39m - Started GeoDspApplication in 3.055 seconds (process running for 3.538)
[31m2026-05-12 12:21:59.408[0;39m [33m[http-nio-9966-exec-1][0;39m [34mINFO [0;39m [32mo.a.c.c.ContainerBase.[Tomcat].[localhost].[/geo][0;39m - Initializing Spring DispatcherServlet 'dispatcherServlet'
[31m2026-05-12 12:21:59.408[0;39m [33m[http-nio-9966-exec-1][0;39m [34mINFO [0;39m [32morg.springframework.web.servlet.DispatcherServlet[0;39m - Initializing Servlet 'dispatcherServlet'
[31m2026-05-12 12:21:59.411[0;39m [33m[http-nio-9966-exec-1][0;39m [34mINFO [0;39m [32morg.springframework.web.servlet.DispatcherServlet[0;39m - Completed initialization in 2 ms
[31m2026-05-12 12:21:59.614[0;39m [33m[http-nio-9966-exec-1][0;39m [34mINFO [0;39m [32mcom.zaxxer.hikari.HikariDataSource[0;39m - HikariPool-1 - Starting...
[31m2026-05-12 12:21:59.998[0;39m [33m[http-nio-9966-exec-1][0;39m [34mINFO [0;39m [32mcom.zaxxer.hikari.pool.HikariPool[0;39m - HikariPool-1 - Added connection org.postgresql.jdbc.PgConnection@153db1b6
[31m2026-05-12 12:21:59.999[0;39m [33m[http-nio-9966-exec-1][0;39m [34mINFO [0;39m [32mcom.zaxxer.hikari.HikariDataSource[0;39m - HikariPool-1 - Start completed.
[31m2026-05-12 12:25:00.898[0;39m [33m[SpringApplicationShutdownHook][0;39m [34mINFO [0;39m [32mo.s.boot.web.embedded.tomcat.GracefulShutdown[0;39m - Commencing graceful shutdown. Waiting for active requests to complete
[31m2026-05-12 12:25:01.140[0;39m [33m[tomcat-shutdown][0;39m [34mINFO [0;39m [32mo.s.boot.web.embedded.tomcat.GracefulShutdown[0;39m - Graceful shutdown complete
[31m2026-05-12 12:25:01.156[0;39m [33m[SpringApplicationShutdownHook][0;39m [34mINFO [0;39m [32mcom.zaxxer.hikari.HikariDataSource[0;39m - HikariPool-1 - Shutdown initiated...
[31m2026-05-12 12:25:01.158[0;39m [33m[SpringApplicationShutdownHook][0;39m [34mINFO [0;39m [32mcom.zaxxer.hikari.HikariDataSource[0;39m - HikariPool-1 - Shutdown completed.
[31m2026-05-12 12:25:04.240[0;39m [33m[background-preinit][0;39m [34mINFO [0;39m [32morg.hibernate.validator.internal.util.Version[0;39m - HV000001: Hibernate Validator 8.0.1.Final
[31m2026-05-12 12:25:04.270[0;39m [33m[restartedMain][0;39m [34mINFO [0;39m [32mcom.geo.dsp.GeoDspApplication[0;39m - Starting GeoDspApplication using Java 17.0.17 with PID 17204 (C:\Users\22317\Desktop\bbb\geodspp\GeoDsp(1)\GeoDsp\target\classes started by 22317 in C:\Users\22317\Desktop\bbb\geodspp\GeoDsp(1))
[31m2026-05-12 12:25:04.271[0;39m [33m[restartedMain][0;39m [34mINFO [0;39m [32mcom.geo.dsp.GeoDspApplication[0;39m - No active profile set, falling back to 1 default profile: "default"
[31m2026-05-12 12:25:04.307[0;39m [33m[restartedMain][0;39m [34mINFO [0;39m [32mo.s.boot.devtools.restart.ChangeableUrls[0;39m - The Class-Path manifest attribute in C:\Users\22317\.m2\repository\com\sun\xml\bind\jaxb-core\4.0.5\jaxb-core-4.0.5.jar referenced one or more files that do not exist: file:/C:/Users/22317/.m2/repository/com/sun/xml/bind/jaxb-core/4.0.5/jakarta.activation-api.jar,file:/C:/Users/22317/.m2/repository/com/sun/xml/bind/jaxb-core/4.0.5/jakarta.xml.bind-api.jar
[31m2026-05-12 12:25:04.307[0;39m [33m[restartedMain][0;39m [34mINFO [0;39m [32mo.s.boot.devtools.restart.ChangeableUrls[0;39m - The Class-Path manifest attribute in C:\Users\22317\.m2\repository\com\sun\xml\bind\jaxb-impl\4.0.5\jaxb-impl-4.0.5.jar referenced one or more files that do not exist: file:/C:/Users/22317/.m2/repository/com/sun/xml/bind/jaxb-impl/4.0.5/jaxb-core.jar,file:/C:/Users/22317/.m2/repository/com/sun/xml/bind/jaxb-impl/4.0.5/angus-activation.jar
[31m2026-05-12 12:25:04.308[0;39m [33m[restartedMain][0;39m [34mINFO [0;39m [32mo.s.b.d.env.DevToolsPropertyDefaultsPostProcessor[0;39m - Devtools property defaults active! Set 'spring.devtools.add-properties' to 'false' to disable
[31m2026-05-12 12:25:04.308[0;39m [33m[restartedMain][0;39m [34mINFO [0;39m [32mo.s.b.d.env.DevToolsPropertyDefaultsPostProcessor[0;39m - For additional web related logging consider setting the 'logging.level.web' property to 'DEBUG'
[31m2026-05-12 12:25:05.425[0;39m [33m[restartedMain][0;39m [34mINFO [0;39m [32mo.s.boot.web.embedded.tomcat.TomcatWebServer[0;39m - Tomcat initialized with port 9966 (http)
[31m2026-05-12 12:25:05.433[0;39m [33m[restartedMain][0;39m [34mINFO [0;39m [32morg.apache.coyote.http11.Http11NioProtocol[0;39m - Initializing ProtocolHandler ["http-nio-9966"]
[31m2026-05-12 12:25:05.434[0;39m [33m[restartedMain][0;39m [34mINFO [0;39m [32morg.apache.catalina.core.StandardService[0;39m - Starting service [Tomcat]
[31m2026-05-12 12:25:05.434[0;39m [33m[restartedMain][0;39m [34mINFO [0;39m [32morg.apache.catalina.core.StandardEngine[0;39m - Starting Servlet engine: [Apache Tomcat/10.1.33]
[31m2026-05-12 12:25:05.475[0;39m [33m[restartedMain][0;39m [34mINFO [0;39m [32mo.a.c.c.ContainerBase.[Tomcat].[localhost].[/geo][0;39m - Initializing Spring embedded WebApplicationContext
[31m2026-05-12 12:25:05.475[0;39m [33m[restartedMain][0;39m [34mINFO [0;39m [32mo.s.b.w.s.c.ServletWebServerApplicationContext[0;39m - Root WebApplicationContext: initialization completed in 1167 ms
[31m2026-05-12 12:25:06.672[0;39m [33m[restartedMain][0;39m [34mINFO [0;39m [32mo.s.b.d.autoconfigure.OptionalLiveReloadServer[0;39m - LiveReload server is running on port 35729
[31m2026-05-12 12:25:06.709[0;39m [33m[restartedMain][0;39m [34mINFO [0;39m [32morg.apache.coyote.http11.Http11NioProtocol[0;39m - Starting ProtocolHandler ["http-nio-9966"]
[31m2026-05-12 12:25:06.720[0;39m [33m[restartedMain][0;39m [34mINFO [0;39m [32mo.s.boot.web.embedded.tomcat.TomcatWebServer[0;39m - Tomcat started on port 9966 (http) with context path '/geo'
[31m2026-05-12 12:25:06.734[0;39m [33m[restartedMain][0;39m [34mINFO [0;39m [32mcom.geo.dsp.GeoDspApplication[0;39m - Started GeoDspApplication in 2.797 seconds (process running for 3.227)
[31m2026-05-12 12:25:12.907[0;39m [33m[http-nio-9966-exec-2][0;39m [34mINFO [0;39m [32mo.a.c.c.ContainerBase.[Tomcat].[localhost].[/geo][0;39m - Initializing Spring DispatcherServlet 'dispatcherServlet'
[31m2026-05-12 12:25:12.908[0;39m [33m[http-nio-9966-exec-2][0;39m [34mINFO [0;39m [32morg.springframework.web.servlet.DispatcherServlet[0;39m - Initializing Servlet 'dispatcherServlet'
[31m2026-05-12 12:25:12.909[0;39m [33m[http-nio-9966-exec-2][0;39m [34mINFO [0;39m [32morg.springframework.web.servlet.DispatcherServlet[0;39m - Completed initialization in 1 ms
[31m2026-05-12 12:25:13.097[0;39m [33m[http-nio-9966-exec-2][0;39m [34mINFO [0;39m [32mcom.zaxxer.hikari.HikariDataSource[0;39m - HikariPool-1 - Starting...
[31m2026-05-12 12:25:13.236[0;39m [33m[http-nio-9966-exec-2][0;39m [34mINFO [0;39m [32mcom.zaxxer.hikari.pool.HikariPool[0;39m - HikariPool-1 - Added connection org.postgresql.jdbc.PgConnection@3a799e11
[31m2026-05-12 12:25:13.237[0;39m [33m[http-nio-9966-exec-2][0;39m [34mINFO [0;39m [32mcom.zaxxer.hikari.HikariDataSource[0;39m - HikariPool-1 - Start completed.
[31m2026-05-12 12:26:37.173[0;39m [33m[SpringApplicationShutdownHook][0;39m [34mINFO [0;39m [32mo.s.boot.web.embedded.tomcat.GracefulShutdown[0;39m - Commencing graceful shutdown. Waiting for active requests to complete
[31m2026-05-12 12:26:37.411[0;39m [33m[tomcat-shutdown][0;39m [34mINFO [0;39m [32mo.s.boot.web.embedded.tomcat.GracefulShutdown[0;39m - Graceful shutdown complete
[31m2026-05-12 12:26:37.427[0;39m [33m[SpringApplicationShutdownHook][0;39m [34mINFO [0;39m [32mcom.zaxxer.hikari.HikariDataSource[0;39m - HikariPool-1 - Shutdown initiated...
[31m2026-05-12 12:26:37.429[0;39m [33m[SpringApplicationShutdownHook][0;39m [34mINFO [0;39m [32mcom.zaxxer.hikari.HikariDataSource[0;39m - HikariPool-1 - Shutdown completed.
[31m2026-05-12 12:26:40.753[0;39m [33m[background-preinit][0;39m [34mINFO [0;39m [32morg.hibernate.validator.internal.util.Version[0;39m - HV000001: Hibernate Validator 8.0.1.Final
[31m2026-05-12 12:26:40.785[0;39m [33m[restartedMain][0;39m [34mINFO [0;39m [32mcom.geo.dsp.GeoDspApplication[0;39m - Starting GeoDspApplication using Java 17.0.17 with PID 37652 (C:\Users\22317\Desktop\bbb\geodspp\GeoDsp(1)\GeoDsp\target\classes started by 22317 in C:\Users\22317\Desktop\bbb\geodspp\GeoDsp(1))
[31m2026-05-12 12:26:40.786[0;39m [33m[restartedMain][0;39m [34mINFO [0;39m [32mcom.geo.dsp.GeoDspApplication[0;39m - No active profile set, falling back to 1 default profile: "default"
[31m2026-05-12 12:26:40.822[0;39m [33m[restartedMain][0;39m [34mINFO [0;39m [32mo.s.boot.devtools.restart.ChangeableUrls[0;39m - The Class-Path manifest attribute in C:\Users\22317\.m2\repository\com\sun\xml\bind\jaxb-core\4.0.5\jaxb-core-4.0.5.jar referenced one or more files that do not exist: file:/C:/Users/22317/.m2/repository/com/sun/xml/bind/jaxb-core/4.0.5/jakarta.activation-api.jar,file:/C:/Users/22317/.m2/repository/com/sun/xml/bind/jaxb-core/4.0.5/jakarta.xml.bind-api.jar
[31m2026-05-12 12:26:40.823[0;39m [33m[restartedMain][0;39m [34mINFO [0;39m [32mo.s.boot.devtools.restart.ChangeableUrls[0;39m - The Class-Path manifest attribute in C:\Users\22317\.m2\repository\com\sun\xml\bind\jaxb-impl\4.0.5\jaxb-impl-4.0.5.jar referenced one or more files that do not exist: file:/C:/Users/22317/.m2/repository/com/sun/xml/bind/jaxb-impl/4.0.5/jaxb-core.jar,file:/C:/Users/22317/.m2/repository/com/sun/xml/bind/jaxb-impl/4.0.5/angus-activation.jar
[31m2026-05-12 12:26:40.823[0;39m [33m[restartedMain][0;39m [34mINFO [0;39m [32mo.s.b.d.env.DevToolsPropertyDefaultsPostProcessor[0;39m - Devtools property defaults active! Set 'spring.devtools.add-properties' to 'false' to disable
[31m2026-05-12 12:26:40.823[0;39m [33m[restartedMain][0;39m [34mINFO [0;39m [32mo.s.b.d.env.DevToolsPropertyDefaultsPostProcessor[0;39m - For additional web related logging consider setting the 'logging.level.web' property to 'DEBUG'
[31m2026-05-12 12:26:41.986[0;39m [33m[restartedMain][0;39m [34mINFO [0;39m [32mo.s.boot.web.embedded.tomcat.TomcatWebServer[0;39m - Tomcat initialized with port 9966 (http)
[31m2026-05-12 12:26:41.994[0;39m [33m[restartedMain][0;39m [34mINFO [0;39m [32morg.apache.coyote.http11.Http11NioProtocol[0;39m - Initializing ProtocolHandler ["http-nio-9966"]
[31m2026-05-12 12:26:41.996[0;39m [33m[restartedMain][0;39m [34mINFO [0;39m [32morg.apache.catalina.core.StandardService[0;39m - Starting service [Tomcat]
[31m2026-05-12 12:26:41.996[0;39m [33m[restartedMain][0;39m [34mINFO [0;39m [32morg.apache.catalina.core.StandardEngine[0;39m - Starting Servlet engine: [Apache Tomcat/10.1.33]
[31m2026-05-12 12:26:42.037[0;39m [33m[restartedMain][0;39m [34mINFO [0;39m [32mo.a.c.c.ContainerBase.[Tomcat].[localhost].[/geo][0;39m - Initializing Spring embedded WebApplicationContext
[31m2026-05-12 12:26:42.037[0;39m [33m[restartedMain][0;39m [34mINFO [0;39m [32mo.s.b.w.s.c.ServletWebServerApplicationContext[0;39m - Root WebApplicationContext: initialization completed in 1214 ms
[31m2026-05-12 12:26:43.234[0;39m [33m[restartedMain][0;39m [34mINFO [0;39m [32mo.s.b.d.autoconfigure.OptionalLiveReloadServer[0;39m - LiveReload server is running on port 35729
[31m2026-05-12 12:26:43.272[0;39m [33m[restartedMain][0;39m [34mINFO [0;39m [32morg.apache.coyote.http11.Http11NioProtocol[0;39m - Starting ProtocolHandler ["http-nio-9966"]
[31m2026-05-12 12:26:43.283[0;39m [33m[restartedMain][0;39m [34mINFO [0;39m [32mo.s.boot.web.embedded.tomcat.TomcatWebServer[0;39m - Tomcat started on port 9966 (http) with context path '/geo'
[31m2026-05-12 12:26:43.297[0;39m [33m[restartedMain][0;39m [34mINFO [0;39m [32mcom.geo.dsp.GeoDspApplication[0;39m - Started GeoDspApplication in 2.851 seconds (process running for 3.292)
[31m2026-05-12 12:26:45.566[0;39m [33m[http-nio-9966-exec-1][0;39m [34mINFO [0;39m [32mo.a.c.c.ContainerBase.[Tomcat].[localhost].[/geo][0;39m - Initializing Spring DispatcherServlet 'dispatcherServlet'
[31m2026-05-12 12:26:45.566[0;39m [33m[http-nio-9966-exec-1][0;39m [34mINFO [0;39m [32morg.springframework.web.servlet.DispatcherServlet[0;39m - Initializing Servlet 'dispatcherServlet'
[31m2026-05-12 12:26:45.568[0;39m [33m[http-nio-9966-exec-1][0;39m [34mINFO [0;39m [32morg.springframework.web.servlet.DispatcherServlet[0;39m - Completed initialization in 2 ms
[31m2026-05-12 12:26:45.747[0;39m [33m[http-nio-9966-exec-1][0;39m [34mINFO [0;39m [32mcom.zaxxer.hikari.HikariDataSource[0;39m - HikariPool-1 - Starting...
[31m2026-05-12 12:26:45.890[0;39m [33m[http-nio-9966-exec-1][0;39m [34mINFO [0;39m [32mcom.zaxxer.hikari.pool.HikariPool[0;39m - HikariPool-1 - Added connection org.postgresql.jdbc.PgConnection@16c7ffbd
[31m2026-05-12 12:26:45.892[0;39m [33m[http-nio-9966-exec-1][0;39m [34mINFO [0;39m [32mcom.zaxxer.hikari.HikariDataSource[0;39m - HikariPool-1 - Start completed.
[31m2026-05-12 12:36:47.863[0;39m [33m[File Watcher][0;39m [34mINFO [0;39m [32mo.s.b.d.a.LocalDevToolsAutoConfiguration$RestartingClassPathChangeChangedEventListener[0;39m - Restarting due to 3 class path changes (0 additions, 0 deletions, 3 modifications)
[31m2026-05-12 12:36:47.869[0;39m [33m[Thread-5][0;39m [34mINFO [0;39m [32mo.s.boot.web.embedded.tomcat.GracefulShutdown[0;39m - Commencing graceful shutdown. Waiting for active requests to complete
[31m2026-05-12 12:36:47.871[0;39m [33m[tomcat-shutdown][0;39m [34mINFO [0;39m [32morg.apache.coyote.http11.Http11NioProtocol[0;39m - Pausing ProtocolHandler ["http-nio-9966"]
[31m2026-05-12 12:36:48.296[0;39m [33m[tomcat-shutdown][0;39m [34mINFO [0;39m [32mo.s.boot.web.embedded.tomcat.GracefulShutdown[0;39m - Graceful shutdown complete
[31m2026-05-12 12:36:48.297[0;39m [33m[Thread-5][0;39m [34mINFO [0;39m [32morg.apache.coyote.http11.Http11NioProtocol[0;39m - Stopping ProtocolHandler ["http-nio-9966"]
[31m2026-05-12 12:36:48.317[0;39m [33m[Thread-5][0;39m [34mINFO [0;39m [32mcom.zaxxer.hikari.HikariDataSource[0;39m - HikariPool-1 - Shutdown initiated...
[31m2026-05-12 12:36:48.320[0;39m [33m[Thread-5][0;39m [34mINFO [0;39m [32mcom.zaxxer.hikari.HikariDataSource[0;39m - HikariPool-1 - Shutdown completed.
[31m2026-05-12 12:36:48.404[0;39m [33m[restartedMain][0;39m [34mINFO [0;39m [32mcom.geo.dsp.GeoDspApplication[0;39m - Starting GeoDspApplication using Java 17.0.17 with PID 37652 (C:\Users\22317\Desktop\bbb\geodspp\GeoDsp(1)\GeoDsp\target\classes started by 22317 in C:\Users\22317\Desktop\bbb\geodspp\GeoDsp(1))
[31m2026-05-12 12:36:48.405[0;39m [33m[restartedMain][0;39m [34mINFO [0;39m [32mcom.geo.dsp.GeoDspApplication[0;39m - No active profile set, falling back to 1 default profile: "default"
[31m2026-05-12 12:36:48.803[0;39m [33m[restartedMain][0;39m [34mINFO [0;39m [32mo.s.boot.web.embedded.tomcat.TomcatWebServer[0;39m - Tomcat initialized with port 9966 (http)
[31m2026-05-12 12:36:48.804[0;39m [33m[restartedMain][0;39m [34mINFO [0;39m [32morg.apache.coyote.http11.Http11NioProtocol[0;39m - Initializing ProtocolHandler ["http-nio-9966"]
[31m2026-05-12 12:36:48.805[0;39m [33m[restartedMain][0;39m [34mINFO [0;39m [32morg.apache.catalina.core.StandardService[0;39m - Starting service [Tomcat]
[31m2026-05-12 12:36:48.805[0;39m [33m[restartedMain][0;39m [34mINFO [0;39m [32morg.apache.catalina.core.StandardEngine[0;39m - Starting Servlet engine: [Apache Tomcat/10.1.33]
[31m2026-05-12 12:36:48.837[0;39m [33m[restartedMain][0;39m [34mINFO [0;39m [32mo.a.c.c.ContainerBase.[Tomcat].[localhost].[/geo][0;39m - Initializing Spring embedded WebApplicationContext
[31m2026-05-12 12:36:48.838[0;39m [33m[restartedMain][0;39m [34mINFO [0;39m [32mo.s.b.w.s.c.ServletWebServerApplicationContext[0;39m - Root WebApplicationContext: initialization completed in 430 ms
[31m2026-05-12 12:36:49.400[0;39m [33m[restartedMain][0;39m [34mINFO [0;39m [32mo.s.b.d.autoconfigure.OptionalLiveReloadServer[0;39m - LiveReload server is running on port 35729
[31m2026-05-12 12:36:49.420[0;39m [33m[restartedMain][0;39m [34mINFO [0;39m [32morg.apache.coyote.http11.Http11NioProtocol[0;39m - Starting ProtocolHandler ["http-nio-9966"]
[31m2026-05-12 12:36:49.426[0;39m [33m[restartedMain][0;39m [34mINFO [0;39m [32mo.s.boot.web.embedded.tomcat.TomcatWebServer[0;39m - Tomcat started on port 9966 (http) with context path '/geo'
[31m2026-05-12 12:36:49.433[0;39m [33m[restartedMain][0;39m [34mINFO [0;39m [32mcom.geo.dsp.GeoDspApplication[0;39m - Started GeoDspApplication in 1.062 seconds (process running for 609.428)
[31m2026-05-12 12:36:49.434[0;39m [33m[restartedMain][0;39m [34mINFO [0;39m [32mo.s.b.d.a.ConditionEvaluationDeltaLoggingListener[0;39m - Condition evaluation unchanged
[31m2026-05-12 12:37:06.776[0;39m [33m[SpringApplicationShutdownHook][0;39m [34mINFO [0;39m [32mo.s.boot.web.embedded.tomcat.GracefulShutdown[0;39m - Commencing graceful shutdown. Waiting for active requests to complete
[31m2026-05-12 12:37:07.022[0;39m [33m[tomcat-shutdown][0;39m [34mINFO [0;39m [32mo.s.boot.web.embedded.tomcat.GracefulShutdown[0;39m - Graceful shutdown complete
[31m2026-05-12 12:37:10.320[0;39m [33m[background-preinit][0;39m [34mINFO [0;39m [32morg.hibernate.validator.internal.util.Version[0;39m - HV000001: Hibernate Validator 8.0.1.Final
[31m2026-05-12 12:37:10.353[0;39m [33m[restartedMain][0;39m [34mINFO [0;39m [32mcom.geo.dsp.GeoDspApplication[0;39m - Starting GeoDspApplication using Java 17.0.17 with PID 48064 (C:\Users\22317\Desktop\bbb\geodspp\GeoDsp(1)\GeoDsp\target\classes started by 22317 in C:\Users\22317\Desktop\bbb\geodspp\GeoDsp(1))
[31m2026-05-12 12:37:10.354[0;39m [33m[restartedMain][0;39m [34mINFO [0;39m [32mcom.geo.dsp.GeoDspApplication[0;39m - No active profile set, falling back to 1 default profile: "default"
[31m2026-05-12 12:37:10.394[0;39m [33m[restartedMain][0;39m [34mINFO [0;39m [32mo.s.boot.devtools.restart.ChangeableUrls[0;39m - The Class-Path manifest attribute in C:\Users\22317\.m2\repository\com\sun\xml\bind\jaxb-core\4.0.5\jaxb-core-4.0.5.jar referenced one or more files that do not exist: file:/C:/Users/22317/.m2/repository/com/sun/xml/bind/jaxb-core/4.0.5/jakarta.activation-api.jar,file:/C:/Users/22317/.m2/repository/com/sun/xml/bind/jaxb-core/4.0.5/jakarta.xml.bind-api.jar
[31m2026-05-12 12:37:10.394[0;39m [33m[restartedMain][0;39m [34mINFO [0;39m [32mo.s.boot.devtools.restart.ChangeableUrls[0;39m - The Class-Path manifest attribute in C:\Users\22317\.m2\repository\com\sun\xml\bind\jaxb-impl\4.0.5\jaxb-impl-4.0.5.jar referenced one or more files that do not exist: file:/C:/Users/22317/.m2/repository/com/sun/xml/bind/jaxb-impl/4.0.5/jaxb-core.jar,file:/C:/Users/22317/.m2/repository/com/sun/xml/bind/jaxb-impl/4.0.5/angus-activation.jar
[31m2026-05-12 12:37:10.394[0;39m [33m[restartedMain][0;39m [34mINFO [0;39m [32mo.s.b.d.env.DevToolsPropertyDefaultsPostProcessor[0;39m - Devtools property defaults active! Set 'spring.devtools.add-properties' to 'false' to disable
[31m2026-05-12 12:37:10.394[0;39m [33m[restartedMain][0;39m [34mINFO [0;39m [32mo.s.b.d.env.DevToolsPropertyDefaultsPostProcessor[0;39m - For additional web related logging consider setting the 'logging.level.web' property to 'DEBUG'
[31m2026-05-12 12:37:11.525[0;39m [33m[restartedMain][0;39m [34mINFO [0;39m [32mo.s.boot.web.embedded.tomcat.TomcatWebServer[0;39m - Tomcat initialized with port 9966 (http)
[31m2026-05-12 12:37:11.534[0;39m [33m[restartedMain][0;39m [34mINFO [0;39m [32morg.apache.coyote.http11.Http11NioProtocol[0;39m - Initializing ProtocolHandler ["http-nio-9966"]
[31m2026-05-12 12:37:11.535[0;39m [33m[restartedMain][0;39m [34mINFO [0;39m [32morg.apache.catalina.core.StandardService[0;39m - Starting service [Tomcat]
[31m2026-05-12 12:37:11.535[0;39m [33m[restartedMain][0;39m [34mINFO [0;39m [32morg.apache.catalina.core.StandardEngine[0;39m - Starting Servlet engine: [Apache Tomcat/10.1.33]
[31m2026-05-12 12:37:11.580[0;39m [33m[restartedMain][0;39m [34mINFO [0;39m [32mo.a.c.c.ContainerBase.[Tomcat].[localhost].[/geo][0;39m - Initializing Spring embedded WebApplicationContext
[31m2026-05-12 12:37:11.580[0;39m [33m[restartedMain][0;39m [34mINFO [0;39m [32mo.s.b.w.s.c.ServletWebServerApplicationContext[0;39m - Root WebApplicationContext: initialization completed in 1185 ms
[31m2026-05-12 12:37:12.777[0;39m [33m[restartedMain][0;39m [34mINFO [0;39m [32mo.s.b.d.autoconfigure.OptionalLiveReloadServer[0;39m - LiveReload server is running on port 35729
[31m2026-05-12 12:37:12.814[0;39m [33m[restartedMain][0;39m [34mINFO [0;39m [32morg.apache.coyote.http11.Http11NioProtocol[0;39m - Starting ProtocolHandler ["http-nio-9966"]
[31m2026-05-12 12:37:12.825[0;39m [33m[restartedMain][0;39m [34mINFO [0;39m [32mo.s.boot.web.embedded.tomcat.TomcatWebServer[0;39m - Tomcat started on port 9966 (http) with context path '/geo'
[31m2026-05-12 12:37:12.840[0;39m [33m[restartedMain][0;39m [34mINFO [0;39m [32mcom.geo.dsp.GeoDspApplication[0;39m - Started GeoDspApplication in 2.825 seconds (process running for 3.262)
[31m2026-05-12 12:37:17.330[0;39m [33m[http-nio-9966-exec-1][0;39m [34mINFO [0;39m [32mo.a.c.c.ContainerBase.[Tomcat].[localhost].[/geo][0;39m - Initializing Spring DispatcherServlet 'dispatcherServlet'
[31m2026-05-12 12:37:17.330[0;39m [33m[http-nio-9966-exec-1][0;39m [34mINFO [0;39m [32morg.springframework.web.servlet.DispatcherServlet[0;39m - Initializing Servlet 'dispatcherServlet'
[31m2026-05-12 12:37:17.331[0;39m [33m[http-nio-9966-exec-1][0;39m [34mINFO [0;39m [32morg.springframework.web.servlet.DispatcherServlet[0;39m - Completed initialization in 1 ms
[31m2026-05-12 12:37:17.515[0;39m [33m[http-nio-9966-exec-1][0;39m [34mINFO [0;39m [32mcom.zaxxer.hikari.HikariDataSource[0;39m - HikariPool-1 - Starting...
[31m2026-05-12 12:37:17.668[0;39m [33m[http-nio-9966-exec-1][0;39m [34mINFO [0;39m [32mcom.zaxxer.hikari.pool.HikariPool[0;39m - HikariPool-1 - Added connection org.postgresql.jdbc.PgConnection@48d0fd5
[31m2026-05-12 12:37:17.670[0;39m [33m[http-nio-9966-exec-1][0;39m [34mINFO [0;39m [32mcom.zaxxer.hikari.HikariDataSource[0;39m - HikariPool-1 - Start completed.
[31m2026-05-12 12:38:47.466[0;39m [33m[File Watcher][0;39m [34mINFO [0;39m [32mo.s.b.d.a.LocalDevToolsAutoConfiguration$RestartingClassPathChangeChangedEventListener[0;39m - Restarting due to 2 class path changes (0 additions, 0 deletions, 2 modifications)
[31m2026-05-12 12:38:47.470[0;39m [33m[Thread-5][0;39m [34mINFO [0;39m [32mo.s.boot.web.embedded.tomcat.GracefulShutdown[0;39m - Commencing graceful shutdown. Waiting for active requests to complete
[31m2026-05-12 12:38:47.471[0;39m [33m[tomcat-shutdown][0;39m [34mINFO [0;39m [32morg.apache.coyote.http11.Http11NioProtocol[0;39m - Pausing ProtocolHandler ["http-nio-9966"]
[31m2026-05-12 12:38:47.937[0;39m [33m[tomcat-shutdown][0;39m [34mINFO [0;39m [32mo.s.boot.web.embedded.tomcat.GracefulShutdown[0;39m - Graceful shutdown complete
[31m2026-05-12 12:38:47.938[0;39m [33m[Thread-5][0;39m [34mINFO [0;39m [32morg.apache.coyote.http11.Http11NioProtocol[0;39m - Stopping ProtocolHandler ["http-nio-9966"]
[31m2026-05-12 12:38:47.964[0;39m [33m[Thread-5][0;39m [34mINFO [0;39m [32mcom.zaxxer.hikari.HikariDataSource[0;39m - HikariPool-1 - Shutdown initiated...
[31m2026-05-12 12:38:47.967[0;39m [33m[Thread-5][0;39m [34mINFO [0;39m [32mcom.zaxxer.hikari.HikariDataSource[0;39m - HikariPool-1 - Shutdown completed.
[31m2026-05-12 12:38:48.033[0;39m [33m[restartedMain][0;39m [34mINFO [0;39m [32mcom.geo.dsp.GeoDspApplication[0;39m - Starting GeoDspApplication using Java 17.0.17 with PID 48064 (C:\Users\22317\Desktop\bbb\geodspp\GeoDsp(1)\GeoDsp\target\classes started by 22317 in C:\Users\22317\Desktop\bbb\geodspp\GeoDsp(1))
[31m2026-05-12 12:38:48.034[0;39m [33m[restartedMain][0;39m [34mINFO [0;39m [32mcom.geo.dsp.GeoDspApplication[0;39m - No active profile set, falling back to 1 default profile: "default"
[31m2026-05-12 12:38:48.415[0;39m [33m[restartedMain][0;39m [34mINFO [0;39m [32mo.s.boot.web.embedded.tomcat.TomcatWebServer[0;39m - Tomcat initialized with port 9966 (http)
[31m2026-05-12 12:38:48.416[0;39m [33m[restartedMain][0;39m [34mINFO [0;39m [32morg.apache.coyote.http11.Http11NioProtocol[0;39m - Initializing ProtocolHandler ["http-nio-9966"]
[31m2026-05-12 12:38:48.416[0;39m [33m[restartedMain][0;39m [34mINFO [0;39m [32morg.apache.catalina.core.StandardService[0;39m - Starting service [Tomcat]
[31m2026-05-12 12:38:48.417[0;39m [33m[restartedMain][0;39m [34mINFO [0;39m [32morg.apache.catalina.core.StandardEngine[0;39m - Starting Servlet engine: [Apache Tomcat/10.1.33]
[31m2026-05-12 12:38:48.441[0;39m [33m[restartedMain][0;39m [34mINFO [0;39m [32mo.a.c.c.ContainerBase.[Tomcat].[localhost].[/geo][0;39m - Initializing Spring embedded WebApplicationContext
[31m2026-05-12 12:38:48.441[0;39m [33m[restartedMain][0;39m [34mINFO [0;39m [32mo.s.b.w.s.c.ServletWebServerApplicationContext[0;39m - Root WebApplicationContext: initialization completed in 406 ms
[31m2026-05-12 12:38:48.912[0;39m [33m[restartedMain][0;39m [34mINFO [0;39m [32mo.s.b.d.autoconfigure.OptionalLiveReloadServer[0;39m - LiveReload server is running on port 35729
[31m2026-05-12 12:38:48.935[0;39m [33m[restartedMain][0;39m [34mINFO [0;39m [32morg.apache.coyote.http11.Http11NioProtocol[0;39m - Starting ProtocolHandler ["http-nio-9966"]
[31m2026-05-12 12:38:48.938[0;39m [33m[restartedMain][0;39m [34mINFO [0;39m [32mo.s.boot.web.embedded.tomcat.TomcatWebServer[0;39m - Tomcat started on port 9966 (http) with context path '/geo'
[31m2026-05-12 12:38:48.946[0;39m [33m[restartedMain][0;39m [34mINFO [0;39m [32mcom.geo.dsp.GeoDspApplication[0;39m - Started GeoDspApplication in 0.934 seconds (process running for 99.369)
[31m2026-05-12 12:38:48.948[0;39m [33m[restartedMain][0;39m [34mINFO [0;39m [32mo.s.b.d.a.ConditionEvaluationDeltaLoggingListener[0;39m - Condition evaluation unchanged
[31m2026-05-12 12:38:59.448[0;39m [33m[SpringApplicationShutdownHook][0;39m [34mINFO [0;39m [32mo.s.boot.web.embedded.tomcat.GracefulShutdown[0;39m - Commencing graceful shutdown. Waiting for active requests to complete
[31m2026-05-12 12:38:59.688[0;39m [33m[tomcat-shutdown][0;39m [34mINFO [0;39m [32mo.s.boot.web.embedded.tomcat.GracefulShutdown[0;39m - Graceful shutdown complete
[31m2026-05-12 12:39:01.525[0;39m [33m[background-preinit][0;39m [34mINFO [0;39m [32morg.hibernate.validator.internal.util.Version[0;39m - HV000001: Hibernate Validator 8.0.1.Final
[31m2026-05-12 12:39:01.558[0;39m [33m[restartedMain][0;39m [34mINFO [0;39m [32mcom.geo.dsp.GeoDspApplication[0;39m - Starting GeoDspApplication using Java 17.0.17 with PID 43340 (C:\Users\22317\Desktop\bbb\geodspp\GeoDsp(1)\GeoDsp\target\classes started by 22317 in C:\Users\22317\Desktop\bbb\geodspp\GeoDsp(1))
[31m2026-05-12 12:39:01.558[0;39m [33m[restartedMain][0;39m [34mINFO [0;39m [32mcom.geo.dsp.GeoDspApplication[0;39m - No active profile set, falling back to 1 default profile: "default"
[31m2026-05-12 12:39:01.595[0;39m [33m[restartedMain][0;39m [34mINFO [0;39m [32mo.s.boot.devtools.restart.ChangeableUrls[0;39m - The Class-Path manifest attribute in C:\Users\22317\.m2\repository\com\sun\xml\bind\jaxb-core\4.0.5\jaxb-core-4.0.5.jar referenced one or more files that do not exist: file:/C:/Users/22317/.m2/repository/com/sun/xml/bind/jaxb-core/4.0.5/jakarta.activation-api.jar,file:/C:/Users/22317/.m2/repository/com/sun/xml/bind/jaxb-core/4.0.5/jakarta.xml.bind-api.jar
[31m2026-05-12 12:39:01.595[0;39m [33m[restartedMain][0;39m [34mINFO [0;39m [32mo.s.boot.devtools.restart.ChangeableUrls[0;39m - The Class-Path manifest attribute in C:\Users\22317\.m2\repository\com\sun\xml\bind\jaxb-impl\4.0.5\jaxb-impl-4.0.5.jar referenced one or more files that do not exist: file:/C:/Users/22317/.m2/repository/com/sun/xml/bind/jaxb-impl/4.0.5/jaxb-core.jar,file:/C:/Users/22317/.m2/repository/com/sun/xml/bind/jaxb-impl/4.0.5/angus-activation.jar
[31m2026-05-12 12:39:01.595[0;39m [33m[restartedMain][0;39m [34mINFO [0;39m [32mo.s.b.d.env.DevToolsPropertyDefaultsPostProcessor[0;39m - Devtools property defaults active! Set 'spring.devtools.add-properties' to 'false' to disable
[31m2026-05-12 12:39:01.595[0;39m [33m[restartedMain][0;39m [34mINFO [0;39m [32mo.s.b.d.env.DevToolsPropertyDefaultsPostProcessor[0;39m - For additional web related logging consider setting the 'logging.level.web' property to 'DEBUG'
[31m2026-05-12 12:39:02.747[0;39m [33m[restartedMain][0;39m [34mINFO [0;39m [32mo.s.boot.web.embedded.tomcat.TomcatWebServer[0;39m - Tomcat initialized with port 9966 (http)
[31m2026-05-12 12:39:02.755[0;39m [33m[restartedMain][0;39m [34mINFO [0;39m [32morg.apache.coyote.http11.Http11NioProtocol[0;39m - Initializing ProtocolHandler ["http-nio-9966"]
[31m2026-05-12 12:39:02.756[0;39m [33m[restartedMain][0;39m [34mINFO [0;39m [32morg.apache.catalina.core.StandardService[0;39m - Starting service [Tomcat]
[31m2026-05-12 12:39:02.757[0;39m [33m[restartedMain][0;39m [34mINFO [0;39m [32morg.apache.catalina.core.StandardEngine[0;39m - Starting Servlet engine: [Apache Tomcat/10.1.33]
[31m2026-05-12 12:39:02.800[0;39m [33m[restartedMain][0;39m [34mINFO [0;39m [32mo.a.c.c.ContainerBase.[Tomcat].[localhost].[/geo][0;39m - Initializing Spring embedded WebApplicationContext
[31m2026-05-12 12:39:02.800[0;39m [33m[restartedMain][0;39m [34mINFO [0;39m [32mo.s.b.w.s.c.ServletWebServerApplicationContext[0;39m - Root WebApplicationContext: initialization completed in 1204 ms
[31m2026-05-12 12:39:03.985[0;39m [33m[restartedMain][0;39m [34mINFO [0;39m [32mo.s.b.d.autoconfigure.OptionalLiveReloadServer[0;39m - LiveReload server is running on port 35729
[31m2026-05-12 12:39:04.024[0;39m [33m[restartedMain][0;39m [34mINFO [0;39m [32morg.apache.coyote.http11.Http11NioProtocol[0;39m - Starting ProtocolHandler ["http-nio-9966"]
[31m2026-05-12 12:39:04.035[0;39m [33m[restartedMain][0;39m [34mINFO [0;39m [32mo.s.boot.web.embedded.tomcat.TomcatWebServer[0;39m - Tomcat started on port 9966 (http) with context path '/geo'
[31m2026-05-12 12:39:04.050[0;39m [33m[restartedMain][0;39m [34mINFO [0;39m [32mcom.geo.dsp.GeoDspApplication[0;39m - Started GeoDspApplication in 2.821 seconds (process running for 3.288)
[31m2026-05-12 12:39:08.774[0;39m [33m[http-nio-9966-exec-1][0;39m [34mINFO [0;39m [32mo.a.c.c.ContainerBase.[Tomcat].[localhost].[/geo][0;39m - Initializing Spring DispatcherServlet 'dispatcherServlet'
[31m2026-05-12 12:39:08.775[0;39m [33m[http-nio-9966-exec-1][0;39m [34mINFO [0;39m [32morg.springframework.web.servlet.DispatcherServlet[0;39m - Initializing Servlet 'dispatcherServlet'
[31m2026-05-12 12:39:08.776[0;39m [33m[http-nio-9966-exec-1][0;39m [34mINFO [0;39m [32morg.springframework.web.servlet.DispatcherServlet[0;39m - Completed initialization in 1 ms
[31m2026-05-12 12:39:08.957[0;39m [33m[http-nio-9966-exec-1][0;39m [34mINFO [0;39m [32mcom.zaxxer.hikari.HikariDataSource[0;39m - HikariPool-1 - Starting...
[31m2026-05-12 12:39:09.096[0;39m [33m[http-nio-9966-exec-1][0;39m [34mINFO [0;39m [32mcom.zaxxer.hikari.pool.HikariPool[0;39m - HikariPool-1 - Added connection org.postgresql.jdbc.PgConnection@7d15648b
[31m2026-05-12 12:39:09.097[0;39m [33m[http-nio-9966-exec-1][0;39m [34mINFO [0;39m [32mcom.zaxxer.hikari.HikariDataSource[0;39m - HikariPool-1 - Start completed.
[31m2026-05-12 12:43:41.985[0;39m [33m[SpringApplicationShutdownHook][0;39m [34mINFO [0;39m [32mo.s.boot.web.embedded.tomcat.GracefulShutdown[0;39m - Commencing graceful shutdown. Waiting for active requests to complete
[31m2026-05-12 12:43:42.227[0;39m [33m[tomcat-shutdown][0;39m [34mINFO [0;39m [32mo.s.boot.web.embedded.tomcat.GracefulShutdown[0;39m - Graceful shutdown complete
[31m2026-05-12 12:43:42.256[0;39m [33m[SpringApplicationShutdownHook][0;39m [34mINFO [0;39m [32mcom.zaxxer.hikari.HikariDataSource[0;39m - HikariPool-1 - Shutdown initiated...
[31m2026-05-12 12:43:42.260[0;39m [33m[SpringApplicationShutdownHook][0;39m [34mINFO [0;39m [32mcom.zaxxer.hikari.HikariDataSource[0;39m - HikariPool-1 - Shutdown completed.
[31m2026-05-12 12:43:43.992[0;39m [33m[background-preinit][0;39m [34mINFO [0;39m [32morg.hibernate.validator.internal.util.Version[0;39m - HV000001: Hibernate Validator 8.0.1.Final
[31m2026-05-12 12:43:44.026[0;39m [33m[restartedMain][0;39m [34mINFO [0;39m [32mcom.geo.dsp.GeoDspApplication[0;39m - Starting GeoDspApplication using Java 17.0.17 with PID 1712 (C:\Users\22317\Desktop\bbb\geodspp\GeoDsp(1)\GeoDsp\target\classes started by 22317 in C:\Users\22317\Desktop\bbb\geodspp\GeoDsp(1))
[31m2026-05-12 12:43:44.026[0;39m [33m[restartedMain][0;39m [34mINFO [0;39m [32mcom.geo.dsp.GeoDspApplication[0;39m - No active profile set, falling back to 1 default profile: "default"
[31m2026-05-12 12:43:44.061[0;39m [33m[restartedMain][0;39m [34mINFO [0;39m [32mo.s.boot.devtools.restart.ChangeableUrls[0;39m - The Class-Path manifest attribute in C:\Users\22317\.m2\repository\com\sun\xml\bind\jaxb-core\4.0.5\jaxb-core-4.0.5.jar referenced one or more files that do not exist: file:/C:/Users/22317/.m2/repository/com/sun/xml/bind/jaxb-core/4.0.5/jakarta.activation-api.jar,file:/C:/Users/22317/.m2/repository/com/sun/xml/bind/jaxb-core/4.0.5/jakarta.xml.bind-api.jar
[31m2026-05-12 12:43:44.062[0;39m [33m[restartedMain][0;39m [34mINFO [0;39m [32mo.s.boot.devtools.restart.ChangeableUrls[0;39m - The Class-Path manifest attribute in C:\Users\22317\.m2\repository\com\sun\xml\bind\jaxb-impl\4.0.5\jaxb-impl-4.0.5.jar referenced one or more files that do not exist: file:/C:/Users/22317/.m2/repository/com/sun/xml/bind/jaxb-impl/4.0.5/jaxb-core.jar,file:/C:/Users/22317/.m2/repository/com/sun/xml/bind/jaxb-impl/4.0.5/angus-activation.jar
[31m2026-05-12 12:43:44.062[0;39m [33m[restartedMain][0;39m [34mINFO [0;39m [32mo.s.b.d.env.DevToolsPropertyDefaultsPostProcessor[0;39m - Devtools property defaults active! Set 'spring.devtools.add-properties' to 'false' to disable
[31m2026-05-12 12:43:44.062[0;39m [33m[restartedMain][0;39m [34mINFO [0;39m [32mo.s.b.d.env.DevToolsPropertyDefaultsPostProcessor[0;39m - For additional web related logging consider setting the 'logging.level.web' property to 'DEBUG'
[31m2026-05-12 12:43:45.151[0;39m [33m[restartedMain][0;39m [34mINFO [0;39m [32mo.s.boot.web.embedded.tomcat.TomcatWebServer[0;39m - Tomcat initialized with port 9966 (http)
[31m2026-05-12 12:43:45.159[0;39m [33m[restartedMain][0;39m [34mINFO [0;39m [32morg.apache.coyote.http11.Http11NioProtocol[0;39m - Initializing ProtocolHandler ["http-nio-9966"]
[31m2026-05-12 12:43:45.160[0;39m [33m[restartedMain][0;39m [34mINFO [0;39m [32morg.apache.catalina.core.StandardService[0;39m - Starting service [Tomcat]
[31m2026-05-12 12:43:45.161[0;39m [33m[restartedMain][0;39m [34mINFO [0;39m [32morg.apache.catalina.core.StandardEngine[0;39m - Starting Servlet engine: [Apache Tomcat/10.1.33]
[31m2026-05-12 12:43:45.202[0;39m [33m[restartedMain][0;39m [34mINFO [0;39m [32mo.a.c.c.ContainerBase.[Tomcat].[localhost].[/geo][0;39m - Initializing Spring embedded WebApplicationContext
[31m2026-05-12 12:43:45.202[0;39m [33m[restartedMain][0;39m [34mINFO [0;39m [32mo.s.b.w.s.c.ServletWebServerApplicationContext[0;39m - Root WebApplicationContext: initialization completed in 1140 ms
[31m2026-05-12 12:43:46.380[0;39m [33m[restartedMain][0;39m [34mINFO [0;39m [32mo.s.b.d.autoconfigure.OptionalLiveReloadServer[0;39m - LiveReload server is running on port 35729
[31m2026-05-12 12:43:46.417[0;39m [33m[restartedMain][0;39m [34mINFO [0;39m [32morg.apache.coyote.http11.Http11NioProtocol[0;39m - Starting ProtocolHandler ["http-nio-9966"]
[31m2026-05-12 12:43:46.429[0;39m [33m[restartedMain][0;39m [34mINFO [0;39m [32mo.s.boot.web.embedded.tomcat.TomcatWebServer[0;39m - Tomcat started on port 9966 (http) with context path '/geo'
[31m2026-05-12 12:43:46.443[0;39m [33m[restartedMain][0;39m [34mINFO [0;39m [32mcom.geo.dsp.GeoDspApplication[0;39m - Started GeoDspApplication in 2.744 seconds (process running for 3.243)
[31m2026-05-12 12:43:54.811[0;39m [33m[http-nio-9966-exec-1][0;39m [34mINFO [0;39m [32mo.a.c.c.ContainerBase.[Tomcat].[localhost].[/geo][0;39m - Initializing Spring DispatcherServlet 'dispatcherServlet'
[31m2026-05-12 12:43:54.811[0;39m [33m[http-nio-9966-exec-1][0;39m [34mINFO [0;39m [32morg.springframework.web.servlet.DispatcherServlet[0;39m - Initializing Servlet 'dispatcherServlet'
[31m2026-05-12 12:43:54.813[0;39m [33m[http-nio-9966-exec-1][0;39m [34mINFO [0;39m [32morg.springframework.web.servlet.DispatcherServlet[0;39m - Completed initialization in 2 ms
[31m2026-05-12 12:43:54.956[0;39m [33m[http-nio-9966-exec-1][0;39m [34mINFO [0;39m [32mcom.zaxxer.hikari.HikariDataSource[0;39m - HikariPool-1 - Starting...
[31m2026-05-12 12:43:55.084[0;39m [33m[http-nio-9966-exec-1][0;39m [34mINFO [0;39m [32mcom.zaxxer.hikari.pool.HikariPool[0;39m - HikariPool-1 - Added connection org.postgresql.jdbc.PgConnection@3eb26ae9
[31m2026-05-12 12:43:55.085[0;39m [33m[http-nio-9966-exec-1][0;39m [34mINFO [0;39m [32mcom.zaxxer.hikari.HikariDataSource[0;39m - HikariPool-1 - Start completed.
[31m2026-05-12 12:44:35.903[0;39m [33m[SpringApplicationShutdownHook][0;39m [34mINFO [0;39m [32mo.s.boot.web.embedded.tomcat.GracefulShutdown[0;39m - Commencing graceful shutdown. Waiting for active requests to complete
[31m2026-05-12 12:44:36.141[0;39m [33m[tomcat-shutdown][0;39m [34mINFO [0;39m [32mo.s.boot.web.embedded.tomcat.GracefulShutdown[0;39m - Graceful shutdown complete
[31m2026-05-12 12:44:36.155[0;39m [33m[SpringApplicationShutdownHook][0;39m [34mINFO [0;39m [32mcom.zaxxer.hikari.HikariDataSource[0;39m - HikariPool-1 - Shutdown initiated...
[31m2026-05-12 12:44:36.158[0;39m [33m[SpringApplicationShutdownHook][0;39m [34mINFO [0;39m [32mcom.zaxxer.hikari.HikariDataSource[0;39m - HikariPool-1 - Shutdown completed.
[31m2026-05-12 12:44:37.913[0;39m [33m[background-preinit][0;39m [34mINFO [0;39m [32morg.hibernate.validator.internal.util.Version[0;39m - HV000001: Hibernate Validator 8.0.1.Final
[31m2026-05-12 12:44:37.945[0;39m [33m[restartedMain][0;39m [34mINFO [0;39m [32mcom.geo.dsp.GeoDspApplication[0;39m - Starting GeoDspApplication using Java 17.0.17 with PID 46656 (C:\Users\22317\Desktop\bbb\geodspp\GeoDsp(1)\GeoDsp\target\classes started by 22317 in C:\Users\22317\Desktop\bbb\geodspp\GeoDsp(1))
[31m2026-05-12 12:44:37.946[0;39m [33m[restartedMain][0;39m [34mINFO [0;39m [32mcom.geo.dsp.GeoDspApplication[0;39m - No active profile set, falling back to 1 default profile: "default"
[31m2026-05-12 12:44:37.980[0;39m [33m[restartedMain][0;39m [34mINFO [0;39m [32mo.s.boot.devtools.restart.ChangeableUrls[0;39m - The Class-Path manifest attribute in C:\Users\22317\.m2\repository\com\sun\xml\bind\jaxb-core\4.0.5\jaxb-core-4.0.5.jar referenced one or more files that do not exist: file:/C:/Users/22317/.m2/repository/com/sun/xml/bind/jaxb-core/4.0.5/jakarta.activation-api.jar,file:/C:/Users/22317/.m2/repository/com/sun/xml/bind/jaxb-core/4.0.5/jakarta.xml.bind-api.jar
[31m2026-05-12 12:44:37.981[0;39m [33m[restartedMain][0;39m [34mINFO [0;39m [32mo.s.boot.devtools.restart.ChangeableUrls[0;39m - The Class-Path manifest attribute in C:\Users\22317\.m2\repository\com\sun\xml\bind\jaxb-impl\4.0.5\jaxb-impl-4.0.5.jar referenced one or more files that do not exist: file:/C:/Users/22317/.m2/repository/com/sun/xml/bind/jaxb-impl/4.0.5/jaxb-core.jar,file:/C:/Users/22317/.m2/repository/com/sun/xml/bind/jaxb-impl/4.0.5/angus-activation.jar
[31m2026-05-12 12:44:37.981[0;39m [33m[restartedMain][0;39m [34mINFO [0;39m [32mo.s.b.d.env.DevToolsPropertyDefaultsPostProcessor[0;39m - Devtools property defaults active! Set 'spring.devtools.add-properties' to 'false' to disable
[31m2026-05-12 12:44:37.981[0;39m [33m[restartedMain][0;39m [34mINFO [0;39m [32mo.s.b.d.env.DevToolsPropertyDefaultsPostProcessor[0;39m - For additional web related logging consider setting the 'logging.level.web' property to 'DEBUG'
[31m2026-05-12 12:44:39.096[0;39m [33m[restartedMain][0;39m [34mINFO [0;39m [32mo.s.boot.web.embedded.tomcat.TomcatWebServer[0;39m - Tomcat initialized with port 9966 (http)
[31m2026-05-12 12:44:39.104[0;39m [33m[restartedMain][0;39m [34mINFO [0;39m [32morg.apache.coyote.http11.Http11NioProtocol[0;39m - Initializing ProtocolHandler ["http-nio-9966"]
[31m2026-05-12 12:44:39.105[0;39m [33m[restartedMain][0;39m [34mINFO [0;39m [32morg.apache.catalina.core.StandardService[0;39m - Starting service [Tomcat]
[31m2026-05-12 12:44:39.106[0;39m [33m[restartedMain][0;39m [34mINFO [0;39m [32morg.apache.catalina.core.StandardEngine[0;39m - Starting Servlet engine: [Apache Tomcat/10.1.33]
[31m2026-05-12 12:44:39.145[0;39m [33m[restartedMain][0;39m [34mINFO [0;39m [32mo.a.c.c.ContainerBase.[Tomcat].[localhost].[/geo][0;39m - Initializing Spring embedded WebApplicationContext
[31m2026-05-12 12:44:39.146[0;39m [33m[restartedMain][0;39m [34mINFO [0;39m [32mo.s.b.w.s.c.ServletWebServerApplicationContext[0;39m - Root WebApplicationContext: initialization completed in 1165 ms
[31m2026-05-12 12:44:40.311[0;39m [33m[restartedMain][0;39m [34mINFO [0;39m [32mo.s.b.d.autoconfigure.OptionalLiveReloadServer[0;39m - LiveReload server is running on port 35729
[31m2026-05-12 12:44:40.350[0;39m [33m[restartedMain][0;39m [34mINFO [0;39m [32morg.apache.coyote.http11.Http11NioProtocol[0;39m - Starting ProtocolHandler ["http-nio-9966"]
[31m2026-05-12 12:44:40.361[0;39m [33m[restartedMain][0;39m [34mINFO [0;39m [32mo.s.boot.web.embedded.tomcat.TomcatWebServer[0;39m - Tomcat started on port 9966 (http) with context path '/geo'
[31m2026-05-12 12:44:40.375[0;39m [33m[restartedMain][0;39m [34mINFO [0;39m [32mcom.geo.dsp.GeoDspApplication[0;39m - Started GeoDspApplication in 2.763 seconds (process running for 3.202)
[31m2026-05-12 12:44:45.564[0;39m [33m[http-nio-9966-exec-1][0;39m [34mINFO [0;39m [32mo.a.c.c.ContainerBase.[Tomcat].[localhost].[/geo][0;39m - Initializing Spring DispatcherServlet 'dispatcherServlet'
[31m2026-05-12 12:44:45.564[0;39m [33m[http-nio-9966-exec-1][0;39m [34mINFO [0;39m [32morg.springframework.web.servlet.DispatcherServlet[0;39m - Initializing Servlet 'dispatcherServlet'
[31m2026-05-12 12:44:45.566[0;39m [33m[http-nio-9966-exec-1][0;39m [34mINFO [0;39m [32morg.springframework.web.servlet.DispatcherServlet[0;39m - Completed initialization in 2 ms
[31m2026-05-12 12:44:45.743[0;39m [33m[http-nio-9966-exec-1][0;39m [34mINFO [0;39m [32mcom.zaxxer.hikari.HikariDataSource[0;39m - HikariPool-1 - Starting...
[31m2026-05-12 12:44:45.895[0;39m [33m[http-nio-9966-exec-1][0;39m [34mINFO [0;39m [32mcom.zaxxer.hikari.pool.HikariPool[0;39m - HikariPool-1 - Added connection org.postgresql.jdbc.PgConnection@211dabb9
[31m2026-05-12 12:44:45.897[0;39m [33m[http-nio-9966-exec-1][0;39m [34mINFO [0;39m [32mcom.zaxxer.hikari.HikariDataSource[0;39m - HikariPool-1 - Start completed.
[31m2026-05-12 12:45:50.625[0;39m [33m[File Watcher][0;39m [34mINFO [0;39m [32mo.s.b.d.a.LocalDevToolsAutoConfiguration$RestartingClassPathChangeChangedEventListener[0;39m - Restarting due to 1 class path change (0 additions, 0 deletions, 1 modification)
[31m2026-05-12 12:45:50.628[0;39m [33m[Thread-5][0;39m [34mINFO [0;39m [32mo.s.boot.web.embedded.tomcat.GracefulShutdown[0;39m - Commencing graceful shutdown. Waiting for active requests to complete
[31m2026-05-12 12:45:50.630[0;39m [33m[tomcat-shutdown][0;39m [34mINFO [0;39m [32morg.apache.coyote.http11.Http11NioProtocol[0;39m - Pausing ProtocolHandler ["http-nio-9966"]
[31m2026-05-12 12:45:51.043[0;39m [33m[tomcat-shutdown][0;39m [34mINFO [0;39m [32mo.s.boot.web.embedded.tomcat.GracefulShutdown[0;39m - Graceful shutdown complete
[31m2026-05-12 12:45:51.044[0;39m [33m[Thread-5][0;39m [34mINFO [0;39m [32morg.apache.coyote.http11.Http11NioProtocol[0;39m - Stopping ProtocolHandler ["http-nio-9966"]
[31m2026-05-12 12:45:51.060[0;39m [33m[Thread-5][0;39m [34mINFO [0;39m [32mcom.zaxxer.hikari.HikariDataSource[0;39m - HikariPool-1 - Shutdown initiated...
[31m2026-05-12 12:45:51.061[0;39m [33m[Thread-5][0;39m [34mINFO [0;39m [32mcom.zaxxer.hikari.HikariDataSource[0;39m - HikariPool-1 - Shutdown completed.
[31m2026-05-12 12:45:51.135[0;39m [33m[restartedMain][0;39m [34mINFO [0;39m [32mcom.geo.dsp.GeoDspApplication[0;39m - Starting GeoDspApplication using Java 17.0.17 with PID 46656 (C:\Users\22317\Desktop\bbb\geodspp\GeoDsp(1)\GeoDsp\target\classes started by 22317 in C:\Users\22317\Desktop\bbb\geodspp\GeoDsp(1))
[31m2026-05-12 12:45:51.135[0;39m [33m[restartedMain][0;39m [34mINFO [0;39m [32mcom.geo.dsp.GeoDspApplication[0;39m - No active profile set, falling back to 1 default profile: "default"
[31m2026-05-12 12:45:51.503[0;39m [33m[restartedMain][0;39m [34mINFO [0;39m [32mo.s.boot.web.embedded.tomcat.TomcatWebServer[0;39m - Tomcat initialized with port 9966 (http)
[31m2026-05-12 12:45:51.503[0;39m [33m[restartedMain][0;39m [34mINFO [0;39m [32morg.apache.coyote.http11.Http11NioProtocol[0;39m - Initializing ProtocolHandler ["http-nio-9966"]
[31m2026-05-12 12:45:51.504[0;39m [33m[restartedMain][0;39m [34mINFO [0;39m [32morg.apache.catalina.core.StandardService[0;39m - Starting service [Tomcat]
[31m2026-05-12 12:45:51.504[0;39m [33m[restartedMain][0;39m [34mINFO [0;39m [32morg.apache.catalina.core.StandardEngine[0;39m - Starting Servlet engine: [Apache Tomcat/10.1.33]
[31m2026-05-12 12:45:51.537[0;39m [33m[restartedMain][0;39m [34mINFO [0;39m [32mo.a.c.c.ContainerBase.[Tomcat].[localhost].[/geo][0;39m - Initializing Spring embedded WebApplicationContext
[31m2026-05-12 12:45:51.537[0;39m [33m[restartedMain][0;39m [34mINFO [0;39m [32mo.s.b.w.s.c.ServletWebServerApplicationContext[0;39m - Root WebApplicationContext: initialization completed in 400 ms
[31m2026-05-12 12:45:52.032[0;39m [33m[restartedMain][0;39m [34mINFO [0;39m [32mo.s.b.d.autoconfigure.OptionalLiveReloadServer[0;39m - LiveReload server is running on port 35729
[31m2026-05-12 12:45:52.054[0;39m [33m[restartedMain][0;39m [34mINFO [0;39m [32morg.apache.coyote.http11.Http11NioProtocol[0;39m - Starting ProtocolHandler ["http-nio-9966"]
[31m2026-05-12 12:45:52.058[0;39m [33m[restartedMain][0;39m [34mINFO [0;39m [32mo.s.boot.web.embedded.tomcat.TomcatWebServer[0;39m - Tomcat started on port 9966 (http) with context path '/geo'
[31m2026-05-12 12:45:52.066[0;39m [33m[restartedMain][0;39m [34mINFO [0;39m [32mcom.geo.dsp.GeoDspApplication[0;39m - Started GeoDspApplication in 0.957 seconds (process running for 74.893)
[31m2026-05-12 12:45:52.067[0;39m [33m[restartedMain][0;39m [34mINFO [0;39m [32mo.s.b.d.a.ConditionEvaluationDeltaLoggingListener[0;39m - Condition evaluation unchanged
[31m2026-05-12 12:46:02.732[0;39m [33m[SpringApplicationShutdownHook][0;39m [34mINFO [0;39m [32mo.s.boot.web.embedded.tomcat.GracefulShutdown[0;39m - Commencing graceful shutdown. Waiting for active requests to complete
[31m2026-05-12 12:46:02.975[0;39m [33m[tomcat-shutdown][0;39m [34mINFO [0;39m [32mo.s.boot.web.embedded.tomcat.GracefulShutdown[0;39m - Graceful shutdown complete
[31m2026-05-12 12:46:04.748[0;39m [33m[background-preinit][0;39m [34mINFO [0;39m [32morg.hibernate.validator.internal.util.Version[0;39m - HV000001: Hibernate Validator 8.0.1.Final
[31m2026-05-12 12:46:04.782[0;39m [33m[restartedMain][0;39m [34mINFO [0;39m [32mcom.geo.dsp.GeoDspApplication[0;39m - Starting GeoDspApplication using Java 17.0.17 with PID 17516 (C:\Users\22317\Desktop\bbb\geodspp\GeoDsp(1)\GeoDsp\target\classes started by 22317 in C:\Users\22317\Desktop\bbb\geodspp\GeoDsp(1))
[31m2026-05-12 12:46:04.782[0;39m [33m[restartedMain][0;39m [34mINFO [0;39m [32mcom.geo.dsp.GeoDspApplication[0;39m - No active profile set, falling back to 1 default profile: "default"
[31m2026-05-12 12:46:04.818[0;39m [33m[restartedMain][0;39m [34mINFO [0;39m [32mo.s.boot.devtools.restart.ChangeableUrls[0;39m - The Class-Path manifest attribute in C:\Users\22317\.m2\repository\com\sun\xml\bind\jaxb-core\4.0.5\jaxb-core-4.0.5.jar referenced one or more files that do not exist: file:/C:/Users/22317/.m2/repository/com/sun/xml/bind/jaxb-core/4.0.5/jakarta.activation-api.jar,file:/C:/Users/22317/.m2/repository/com/sun/xml/bind/jaxb-core/4.0.5/jakarta.xml.bind-api.jar
[31m2026-05-12 12:46:04.818[0;39m [33m[restartedMain][0;39m [34mINFO [0;39m [32mo.s.boot.devtools.restart.ChangeableUrls[0;39m - The Class-Path manifest attribute in C:\Users\22317\.m2\repository\com\sun\xml\bind\jaxb-impl\4.0.5\jaxb-impl-4.0.5.jar referenced one or more files that do not exist: file:/C:/Users/22317/.m2/repository/com/sun/xml/bind/jaxb-impl/4.0.5/jaxb-core.jar,file:/C:/Users/22317/.m2/repository/com/sun/xml/bind/jaxb-impl/4.0.5/angus-activation.jar
[31m2026-05-12 12:46:04.819[0;39m [33m[restartedMain][0;39m [34mINFO [0;39m [32mo.s.b.d.env.DevToolsPropertyDefaultsPostProcessor[0;39m - Devtools property defaults active! Set 'spring.devtools.add-properties' to 'false' to disable
[31m2026-05-12 12:46:04.819[0;39m [33m[restartedMain][0;39m [34mINFO [0;39m [32mo.s.b.d.env.DevToolsPropertyDefaultsPostProcessor[0;39m - For additional web related logging consider setting the 'logging.level.web' property to 'DEBUG'
[31m2026-05-12 12:46:05.950[0;39m [33m[restartedMain][0;39m [34mINFO [0;39m [32mo.s.boot.web.embedded.tomcat.TomcatWebServer[0;39m - Tomcat initialized with port 9966 (http)
[31m2026-05-12 12:46:05.959[0;39m [33m[restartedMain][0;39m [34mINFO [0;39m [32morg.apache.coyote.http11.Http11NioProtocol[0;39m - Initializing ProtocolHandler ["http-nio-9966"]
[31m2026-05-12 12:46:05.960[0;39m [33m[restartedMain][0;39m [34mINFO [0;39m [32morg.apache.catalina.core.StandardService[0;39m - Starting service [Tomcat]
[31m2026-05-12 12:46:05.960[0;39m [33m[restartedMain][0;39m [34mINFO [0;39m [32morg.apache.catalina.core.StandardEngine[0;39m - Starting Servlet engine: [Apache Tomcat/10.1.33]
[31m2026-05-12 12:46:06.004[0;39m [33m[restartedMain][0;39m [34mINFO [0;39m [32mo.a.c.c.ContainerBase.[Tomcat].[localhost].[/geo][0;39m - Initializing Spring embedded WebApplicationContext
[31m2026-05-12 12:46:06.005[0;39m [33m[restartedMain][0;39m [34mINFO [0;39m [32mo.s.b.w.s.c.ServletWebServerApplicationContext[0;39m - Root WebApplicationContext: initialization completed in 1185 ms
[31m2026-05-12 12:46:07.198[0;39m [33m[restartedMain][0;39m [34mINFO [0;39m [32mo.s.b.d.autoconfigure.OptionalLiveReloadServer[0;39m - LiveReload server is running on port 35729
[31m2026-05-12 12:46:07.236[0;39m [33m[restartedMain][0;39m [34mINFO [0;39m [32morg.apache.coyote.http11.Http11NioProtocol[0;39m - Starting ProtocolHandler ["http-nio-9966"]
[31m2026-05-12 12:46:07.247[0;39m [33m[restartedMain][0;39m [34mINFO [0;39m [32mo.s.boot.web.embedded.tomcat.TomcatWebServer[0;39m - Tomcat started on port 9966 (http) with context path '/geo'
[31m2026-05-12 12:46:07.261[0;39m [33m[restartedMain][0;39m [34mINFO [0;39m [32mcom.geo.dsp.GeoDspApplication[0;39m - Started GeoDspApplication in 2.83 seconds (process running for 3.28)
[31m2026-05-12 12:46:12.192[0;39m [33m[http-nio-9966-exec-1][0;39m [34mINFO [0;39m [32mo.a.c.c.ContainerBase.[Tomcat].[localhost].[/geo][0;39m - Initializing Spring DispatcherServlet 'dispatcherServlet'
[31m2026-05-12 12:46:12.192[0;39m [33m[http-nio-9966-exec-1][0;39m [34mINFO [0;39m [32morg.springframework.web.servlet.DispatcherServlet[0;39m - Initializing Servlet 'dispatcherServlet'
[31m2026-05-12 12:46:12.193[0;39m [33m[http-nio-9966-exec-1][0;39m [34mINFO [0;39m [32morg.springframework.web.servlet.DispatcherServlet[0;39m - Completed initialization in 1 ms
[31m2026-05-12 12:46:12.368[0;39m [33m[http-nio-9966-exec-1][0;39m [34mINFO [0;39m [32mcom.zaxxer.hikari.HikariDataSource[0;39m - HikariPool-1 - Starting...
[31m2026-05-12 12:46:12.506[0;39m [33m[http-nio-9966-exec-1][0;39m [34mINFO [0;39m [32mcom.zaxxer.hikari.pool.HikariPool[0;39m - HikariPool-1 - Added connection org.postgresql.jdbc.PgConnection@383ffab6
[31m2026-05-12 12:46:12.508[0;39m [33m[http-nio-9966-exec-1][0;39m [34mINFO [0;39m [32mcom.zaxxer.hikari.HikariDataSource[0;39m - HikariPool-1 - Start completed.
[31m2026-05-12 12:46:12.710[0;39m [33m[http-nio-9966-exec-1][0;39m [34mINFO [0;39m [32mc.g.dsp.module.login.service.impl.LoginServiceImpl[0;39m - 用户 test001 登录成功
[31m2026-05-12 12:48:26.472[0;39m [33m[File Watcher][0;39m [34mINFO [0;39m [32mo.s.b.d.a.LocalDevToolsAutoConfiguration$RestartingClassPathChangeChangedEventListener[0;39m - Restarting due to 1 class path change (0 additions, 0 deletions, 1 modification)
[31m2026-05-12 12:48:26.477[0;39m [33m[Thread-5][0;39m [34mINFO [0;39m [32mo.s.boot.web.embedded.tomcat.GracefulShutdown[0;39m - Commencing graceful shutdown. Waiting for active requests to complete
[31m2026-05-12 12:48:26.478[0;39m [33m[tomcat-shutdown][0;39m [34mINFO [0;39m [32morg.apache.coyote.http11.Http11NioProtocol[0;39m - Pausing ProtocolHandler ["http-nio-9966"]
[31m2026-05-12 12:48:26.896[0;39m [33m[tomcat-shutdown][0;39m [34mINFO [0;39m [32mo.s.boot.web.embedded.tomcat.GracefulShutdown[0;39m - Graceful shutdown complete
[31m2026-05-12 12:48:26.897[0;39m [33m[Thread-5][0;39m [34mINFO [0;39m [32morg.apache.coyote.http11.Http11NioProtocol[0;39m - Stopping ProtocolHandler ["http-nio-9966"]
[31m2026-05-12 12:48:26.915[0;39m [33m[Thread-5][0;39m [34mINFO [0;39m [32mcom.zaxxer.hikari.HikariDataSource[0;39m - HikariPool-1 - Shutdown initiated...
[31m2026-05-12 12:48:26.916[0;39m [33m[Thread-5][0;39m [34mINFO [0;39m [32mcom.zaxxer.hikari.HikariDataSource[0;39m - HikariPool-1 - Shutdown completed.
[31m2026-05-12 12:48:26.987[0;39m [33m[restartedMain][0;39m [34mINFO [0;39m [32mcom.geo.dsp.GeoDspApplication[0;39m - Starting GeoDspApplication using Java 17.0.17 with PID 17516 (C:\Users\22317\Desktop\bbb\geodspp\GeoDsp(1)\GeoDsp\target\classes started by 22317 in C:\Users\22317\Desktop\bbb\geodspp\GeoDsp(1))
[31m2026-05-12 12:48:26.988[0;39m [33m[restartedMain][0;39m [34mINFO [0;39m [32mcom.geo.dsp.GeoDspApplication[0;39m - No active profile set, falling back to 1 default profile: "default"
[31m2026-05-12 12:48:27.342[0;39m [33m[restartedMain][0;39m [34mINFO [0;39m [32mo.s.boot.web.embedded.tomcat.TomcatWebServer[0;39m - Tomcat initialized with port 9966 (http)
[31m2026-05-12 12:48:27.343[0;39m [33m[restartedMain][0;39m [34mINFO [0;39m [32morg.apache.coyote.http11.Http11NioProtocol[0;39m - Initializing ProtocolHandler ["http-nio-9966"]
[31m2026-05-12 12:48:27.343[0;39m [33m[restartedMain][0;39m [34mINFO [0;39m [32morg.apache.catalina.core.StandardService[0;39m - Starting service [Tomcat]
[31m2026-05-12 12:48:27.343[0;39m [33m[restartedMain][0;39m [34mINFO [0;39m [32morg.apache.catalina.core.StandardEngine[0;39m - Starting Servlet engine: [Apache Tomcat/10.1.33]
[31m2026-05-12 12:48:27.365[0;39m [33m[restartedMain][0;39m [34mINFO [0;39m [32mo.a.c.c.ContainerBase.[Tomcat].[localhost].[/geo][0;39m - Initializing Spring embedded WebApplicationContext
[31m2026-05-12 12:48:27.366[0;39m [33m[restartedMain][0;39m [34mINFO [0;39m [32mo.s.b.w.s.c.ServletWebServerApplicationContext[0;39m - Root WebApplicationContext: initialization completed in 376 ms
[31m2026-05-12 12:48:27.859[0;39m [33m[restartedMain][0;39m [34mINFO [0;39m [32mo.s.b.d.autoconfigure.OptionalLiveReloadServer[0;39m - LiveReload server is running on port 35729
[31m2026-05-12 12:48:27.884[0;39m [33m[restartedMain][0;39m [34mINFO [0;39m [32morg.apache.coyote.http11.Http11NioProtocol[0;39m - Starting ProtocolHandler ["http-nio-9966"]
[31m2026-05-12 12:48:27.889[0;39m [33m[restartedMain][0;39m [34mINFO [0;39m [32mo.s.boot.web.embedded.tomcat.TomcatWebServer[0;39m - Tomcat started on port 9966 (http) with context path '/geo'
[31m2026-05-12 12:48:27.901[0;39m [33m[restartedMain][0;39m [34mINFO [0;39m [32mcom.geo.dsp.GeoDspApplication[0;39m - Started GeoDspApplication in 0.944 seconds (process running for 143.919)
[31m2026-05-12 12:48:27.903[0;39m [33m[restartedMain][0;39m [34mINFO [0;39m [32mo.s.b.d.a.ConditionEvaluationDeltaLoggingListener[0;39m - Condition evaluation unchanged
[31m2026-05-12 12:48:38.798[0;39m [33m[SpringApplicationShutdownHook][0;39m [34mINFO [0;39m [32mo.s.boot.web.embedded.tomcat.GracefulShutdown[0;39m - Commencing graceful shutdown. Waiting for active requests to complete
[31m2026-05-12 12:48:39.042[0;39m [33m[tomcat-shutdown][0;39m [34mINFO [0;39m [32mo.s.boot.web.embedded.tomcat.GracefulShutdown[0;39m - Graceful shutdown complete
[31m2026-05-12 12:48:42.244[0;39m [33m[background-preinit][0;39m [34mINFO [0;39m [32morg.hibernate.validator.internal.util.Version[0;39m - HV000001: Hibernate Validator 8.0.1.Final
[31m2026-05-12 12:48:42.277[0;39m [33m[restartedMain][0;39m [34mINFO [0;39m [32mcom.geo.dsp.GeoDspApplication[0;39m - Starting GeoDspApplication using Java 17.0.17 with PID 46320 (C:\Users\22317\Desktop\bbb\geodspp\GeoDsp(1)\GeoDsp\target\classes started by 22317 in C:\Users\22317\Desktop\bbb\geodspp\GeoDsp(1))
[31m2026-05-12 12:48:42.278[0;39m [33m[restartedMain][0;39m [34mINFO [0;39m [32mcom.geo.dsp.GeoDspApplication[0;39m - No active profile set, falling back to 1 default profile: "default"
[31m2026-05-12 12:48:42.313[0;39m [33m[restartedMain][0;39m [34mINFO [0;39m [32mo.s.boot.devtools.restart.ChangeableUrls[0;39m - The Class-Path manifest attribute in C:\Users\22317\.m2\repository\com\sun\xml\bind\jaxb-core\4.0.5\jaxb-core-4.0.5.jar referenced one or more files that do not exist: file:/C:/Users/22317/.m2/repository/com/sun/xml/bind/jaxb-core/4.0.5/jakarta.activation-api.jar,file:/C:/Users/22317/.m2/repository/com/sun/xml/bind/jaxb-core/4.0.5/jakarta.xml.bind-api.jar
[31m2026-05-12 12:48:42.313[0;39m [33m[restartedMain][0;39m [34mINFO [0;39m [32mo.s.boot.devtools.restart.ChangeableUrls[0;39m - The Class-Path manifest attribute in C:\Users\22317\.m2\repository\com\sun\xml\bind\jaxb-impl\4.0.5\jaxb-impl-4.0.5.jar referenced one or more files that do not exist: file:/C:/Users/22317/.m2/repository/com/sun/xml/bind/jaxb-impl/4.0.5/jaxb-core.jar,file:/C:/Users/22317/.m2/repository/com/sun/xml/bind/jaxb-impl/4.0.5/angus-activation.jar
[31m2026-05-12 12:48:42.313[0;39m [33m[restartedMain][0;39m [34mINFO [0;39m [32mo.s.b.d.env.DevToolsPropertyDefaultsPostProcessor[0;39m - Devtools property defaults active! Set 'spring.devtools.add-properties' to 'false' to disable
[31m2026-05-12 12:48:42.313[0;39m [33m[restartedMain][0;39m [34mINFO [0;39m [32mo.s.b.d.env.DevToolsPropertyDefaultsPostProcessor[0;39m - For additional web related logging consider setting the 'logging.level.web' property to 'DEBUG'
[31m2026-05-12 12:48:43.426[0;39m [33m[restartedMain][0;39m [34mINFO [0;39m [32mo.s.boot.web.embedded.tomcat.TomcatWebServer[0;39m - Tomcat initialized with port 9966 (http)
[31m2026-05-12 12:48:43.434[0;39m [33m[restartedMain][0;39m [34mINFO [0;39m [32morg.apache.coyote.http11.Http11NioProtocol[0;39m - Initializing ProtocolHandler ["http-nio-9966"]
[31m2026-05-12 12:48:43.435[0;39m [33m[restartedMain][0;39m [34mINFO [0;39m [32morg.apache.catalina.core.StandardService[0;39m - Starting service [Tomcat]
[31m2026-05-12 12:48:43.435[0;39m [33m[restartedMain][0;39m [34mINFO [0;39m [32morg.apache.catalina.core.StandardEngine[0;39m - Starting Servlet engine: [Apache Tomcat/10.1.33]
[31m2026-05-12 12:48:43.477[0;39m [33m[restartedMain][0;39m [34mINFO [0;39m [32mo.a.c.c.ContainerBase.[Tomcat].[localhost].[/geo][0;39m - Initializing Spring embedded WebApplicationContext
[31m2026-05-12 12:48:43.477[0;39m [33m[restartedMain][0;39m [34mINFO [0;39m [32mo.s.b.w.s.c.ServletWebServerApplicationContext[0;39m - Root WebApplicationContext: initialization completed in 1164 ms
[31m2026-05-12 12:48:44.690[0;39m [33m[restartedMain][0;39m [34mINFO [0;39m [32mo.s.b.d.autoconfigure.OptionalLiveReloadServer[0;39m - LiveReload server is running on port 35729
[31m2026-05-12 12:48:44.727[0;39m [33m[restartedMain][0;39m [34mINFO [0;39m [32morg.apache.coyote.http11.Http11NioProtocol[0;39m - Starting ProtocolHandler ["http-nio-9966"]
[31m2026-05-12 12:48:44.738[0;39m [33m[restartedMain][0;39m [34mINFO [0;39m [32mo.s.boot.web.embedded.tomcat.TomcatWebServer[0;39m - Tomcat started on port 9966 (http) with context path '/geo'
[31m2026-05-12 12:48:44.753[0;39m [33m[restartedMain][0;39m [34mINFO [0;39m [32mcom.geo.dsp.GeoDspApplication[0;39m - Started GeoDspApplication in 2.812 seconds (process running for 3.25)
[31m2026-05-12 12:48:59.065[0;39m [33m[http-nio-9966-exec-1][0;39m [34mINFO [0;39m [32mo.a.c.c.ContainerBase.[Tomcat].[localhost].[/geo][0;39m - Initializing Spring DispatcherServlet 'dispatcherServlet'
[31m2026-05-12 12:48:59.065[0;39m [33m[http-nio-9966-exec-1][0;39m [34mINFO [0;39m [32morg.springframework.web.servlet.DispatcherServlet[0;39m - Initializing Servlet 'dispatcherServlet'
[31m2026-05-12 12:48:59.066[0;39m [33m[http-nio-9966-exec-1][0;39m [34mINFO [0;39m [32morg.springframework.web.servlet.DispatcherServlet[0;39m - Completed initialization in 1 ms
[31m2026-05-12 12:48:59.237[0;39m [33m[http-nio-9966-exec-1][0;39m [34mINFO [0;39m [32mcom.zaxxer.hikari.HikariDataSource[0;39m - HikariPool-1 - Starting...
[31m2026-05-12 12:48:59.393[0;39m [33m[http-nio-9966-exec-1][0;39m [34mINFO [0;39m [32mcom.zaxxer.hikari.pool.HikariPool[0;39m - HikariPool-1 - Added connection org.postgresql.jdbc.PgConnection@7798c82a
[31m2026-05-12 12:48:59.394[0;39m [33m[http-nio-9966-exec-1][0;39m [34mINFO [0;39m [32mcom.zaxxer.hikari.HikariDataSource[0;39m - HikariPool-1 - Start completed.
[31m2026-05-12 12:48:59.620[0;39m [33m[http-nio-9966-exec-1][0;39m [34mINFO [0;39m [32mc.g.dsp.module.login.service.impl.LoginServiceImpl[0;39m - 用户 test001 登录成功
[31m2026-05-12 12:54:42.948[0;39m [33m[SpringApplicationShutdownHook][0;39m [34mINFO [0;39m [32mo.s.boot.web.embedded.tomcat.GracefulShutdown[0;39m - Commencing graceful shutdown. Waiting for active requests to complete
[31m2026-05-12 12:54:43.186[0;39m [33m[tomcat-shutdown][0;39m [34mINFO [0;39m [32mo.s.boot.web.embedded.tomcat.GracefulShutdown[0;39m - Graceful shutdown complete
[31m2026-05-12 12:54:43.201[0;39m [33m[SpringApplicationShutdownHook][0;39m [34mINFO [0;39m [32mcom.zaxxer.hikari.HikariDataSource[0;39m - HikariPool-1 - Shutdown initiated...
[31m2026-05-12 12:54:43.203[0;39m [33m[SpringApplicationShutdownHook][0;39m [34mINFO [0;39m [32mcom.zaxxer.hikari.HikariDataSource[0;39m - HikariPool-1 - Shutdown completed.
[31m2026-05-12 12:54:44.920[0;39m [33m[background-preinit][0;39m [34mINFO [0;39m [32morg.hibernate.validator.internal.util.Version[0;39m - HV000001: Hibernate Validator 8.0.1.Final
[31m2026-05-12 12:54:44.958[0;39m [33m[restartedMain][0;39m [34mINFO [0;39m [32mcom.geo.dsp.GeoDspApplication[0;39m - Starting GeoDspApplication using Java 17.0.17 with PID 31492 (C:\Users\22317\Desktop\bbb\geodspp\GeoDsp(1)\GeoDsp\target\classes started by 22317 in C:\Users\22317\Desktop\bbb\geodspp\GeoDsp(1))
[31m2026-05-12 12:54:44.958[0;39m [33m[restartedMain][0;39m [34mINFO [0;39m [32mcom.geo.dsp.GeoDspApplication[0;39m - No active profile set, falling back to 1 default profile: "default"
[31m2026-05-12 12:54:44.992[0;39m [33m[restartedMain][0;39m [34mINFO [0;39m [32mo.s.boot.devtools.restart.ChangeableUrls[0;39m - The Class-Path manifest attribute in C:\Users\22317\.m2\repository\com\sun\xml\bind\jaxb-core\4.0.5\jaxb-core-4.0.5.jar referenced one or more files that do not exist: file:/C:/Users/22317/.m2/repository/com/sun/xml/bind/jaxb-core/4.0.5/jakarta.activation-api.jar,file:/C:/Users/22317/.m2/repository/com/sun/xml/bind/jaxb-core/4.0.5/jakarta.xml.bind-api.jar
[31m2026-05-12 12:54:44.992[0;39m [33m[restartedMain][0;39m [34mINFO [0;39m [32mo.s.boot.devtools.restart.ChangeableUrls[0;39m - The Class-Path manifest attribute in C:\Users\22317\.m2\repository\com\sun\xml\bind\jaxb-impl\4.0.5\jaxb-impl-4.0.5.jar referenced one or more files that do not exist: file:/C:/Users/22317/.m2/repository/com/sun/xml/bind/jaxb-impl/4.0.5/jaxb-core.jar,file:/C:/Users/22317/.m2/repository/com/sun/xml/bind/jaxb-impl/4.0.5/angus-activation.jar
[31m2026-05-12 12:54:44.992[0;39m [33m[restartedMain][0;39m [34mINFO [0;39m [32mo.s.b.d.env.DevToolsPropertyDefaultsPostProcessor[0;39m - Devtools property defaults active! Set 'spring.devtools.add-properties' to 'false' to disable
[31m2026-05-12 12:54:44.992[0;39m [33m[restartedMain][0;39m [34mINFO [0;39m [32mo.s.b.d.env.DevToolsPropertyDefaultsPostProcessor[0;39m - For additional web related logging consider setting the 'logging.level.web' property to 'DEBUG'
[31m2026-05-12 12:54:46.118[0;39m [33m[restartedMain][0;39m [34mINFO [0;39m [32mo.s.boot.web.embedded.tomcat.TomcatWebServer[0;39m - Tomcat initialized with port 9966 (http)
[31m2026-05-12 12:54:46.127[0;39m [33m[restartedMain][0;39m [34mINFO [0;39m [32morg.apache.coyote.http11.Http11NioProtocol[0;39m - Initializing ProtocolHandler ["http-nio-9966"]
[31m2026-05-12 12:54:46.128[0;39m [33m[restartedMain][0;39m [34mINFO [0;39m [32morg.apache.catalina.core.StandardService[0;39m - Starting service [Tomcat]
[31m2026-05-12 12:54:46.128[0;39m [33m[restartedMain][0;39m [34mINFO [0;39m [32morg.apache.catalina.core.StandardEngine[0;39m - Starting Servlet engine: [Apache Tomcat/10.1.33]
[31m2026-05-12 12:54:46.175[0;39m [33m[restartedMain][0;39m [34mINFO [0;39m [32mo.a.c.c.ContainerBase.[Tomcat].[localhost].[/geo][0;39m - Initializing Spring embedded WebApplicationContext
[31m2026-05-12 12:54:46.176[0;39m [33m[restartedMain][0;39m [34mINFO [0;39m [32mo.s.b.w.s.c.ServletWebServerApplicationContext[0;39m - Root WebApplicationContext: initialization completed in 1184 ms
[31m2026-05-12 12:54:47.409[0;39m [33m[restartedMain][0;39m [34mINFO [0;39m [32mo.s.b.d.autoconfigure.OptionalLiveReloadServer[0;39m - LiveReload server is running on port 35729
[31m2026-05-12 12:54:47.446[0;39m [33m[restartedMain][0;39m [34mINFO [0;39m [32morg.apache.coyote.http11.Http11NioProtocol[0;39m - Starting ProtocolHandler ["http-nio-9966"]
[31m2026-05-12 12:54:47.459[0;39m [33m[restartedMain][0;39m [34mINFO [0;39m [32mo.s.boot.web.embedded.tomcat.TomcatWebServer[0;39m - Tomcat started on port 9966 (http) with context path '/geo'
[31m2026-05-12 12:54:47.474[0;39m [33m[restartedMain][0;39m [34mINFO [0;39m [32mcom.geo.dsp.GeoDspApplication[0;39m - Started GeoDspApplication in 2.864 seconds (process running for 3.318)
[31m2026-05-12 12:55:02.972[0;39m [33m[http-nio-9966-exec-1][0;39m [34mINFO [0;39m [32mo.a.c.c.ContainerBase.[Tomcat].[localhost].[/geo][0;39m - Initializing Spring DispatcherServlet 'dispatcherServlet'
[31m2026-05-12 12:55:02.972[0;39m [33m[http-nio-9966-exec-1][0;39m [34mINFO [0;39m [32morg.springframework.web.servlet.DispatcherServlet[0;39m - Initializing Servlet 'dispatcherServlet'
[31m2026-05-12 12:55:02.974[0;39m [33m[http-nio-9966-exec-1][0;39m [34mINFO [0;39m [32morg.springframework.web.servlet.DispatcherServlet[0;39m - Completed initialization in 2 ms
[31m2026-05-12 12:55:03.117[0;39m [33m[http-nio-9966-exec-1][0;39m [34mINFO [0;39m [32mcom.zaxxer.hikari.HikariDataSource[0;39m - HikariPool-1 - Starting...
[31m2026-05-12 12:55:03.260[0;39m [33m[http-nio-9966-exec-1][0;39m [34mINFO [0;39m [32mcom.zaxxer.hikari.pool.HikariPool[0;39m - HikariPool-1 - Added connection org.postgresql.jdbc.PgConnection@681ca6f2
[31m2026-05-12 12:55:03.262[0;39m [33m[http-nio-9966-exec-1][0;39m [34mINFO [0;39m [32mcom.zaxxer.hikari.HikariDataSource[0;39m - HikariPool-1 - Start completed.
[31m2026-05-12 12:55:03.497[0;39m [33m[http-nio-9966-exec-1][0;39m [34mINFO [0;39m [32mc.g.dsp.module.login.service.impl.LoginServiceImpl[0;39m - 用户 test001 登录成功
[31m2026-05-12 12:55:44.643[0;39m [33m[SpringApplicationShutdownHook][0;39m [34mINFO [0;39m [32mo.s.boot.web.embedded.tomcat.GracefulShutdown[0;39m - Commencing graceful shutdown. Waiting for active requests to complete
[31m2026-05-12 12:55:44.884[0;39m [33m[tomcat-shutdown][0;39m [34mINFO [0;39m [32mo.s.boot.web.embedded.tomcat.GracefulShutdown[0;39m - Graceful shutdown complete
[31m2026-05-12 12:55:44.898[0;39m [33m[SpringApplicationShutdownHook][0;39m [34mINFO [0;39m [32mcom.zaxxer.hikari.HikariDataSource[0;39m - HikariPool-1 - Shutdown initiated...
[31m2026-05-12 12:55:44.900[0;39m [33m[SpringApplicationShutdownHook][0;39m [34mINFO [0;39m [32mcom.zaxxer.hikari.HikariDataSource[0;39m - HikariPool-1 - Shutdown completed.
[31m2026-05-12 12:55:46.561[0;39m [33m[background-preinit][0;39m [34mINFO [0;39m [32morg.hibernate.validator.internal.util.Version[0;39m - HV000001: Hibernate Validator 8.0.1.Final
[31m2026-05-12 12:55:46.592[0;39m [33m[restartedMain][0;39m [34mINFO [0;39m [32mcom.geo.dsp.GeoDspApplication[0;39m - Starting GeoDspApplication using Java 17.0.17 with PID 37996 (C:\Users\22317\Desktop\bbb\geodspp\GeoDsp(1)\GeoDsp\target\classes started by 22317 in C:\Users\22317\Desktop\bbb\geodspp\GeoDsp(1))
[31m2026-05-12 12:55:46.593[0;39m [33m[restartedMain][0;39m [34mINFO [0;39m [32mcom.geo.dsp.GeoDspApplication[0;39m - No active profile set, falling back to 1 default profile: "default"
[31m2026-05-12 12:55:46.628[0;39m [33m[restartedMain][0;39m [34mINFO [0;39m [32mo.s.boot.devtools.restart.ChangeableUrls[0;39m - The Class-Path manifest attribute in C:\Users\22317\.m2\repository\com\sun\xml\bind\jaxb-core\4.0.5\jaxb-core-4.0.5.jar referenced one or more files that do not exist: file:/C:/Users/22317/.m2/repository/com/sun/xml/bind/jaxb-core/4.0.5/jakarta.activation-api.jar,file:/C:/Users/22317/.m2/repository/com/sun/xml/bind/jaxb-core/4.0.5/jakarta.xml.bind-api.jar
[31m2026-05-12 12:55:46.628[0;39m [33m[restartedMain][0;39m [34mINFO [0;39m [32mo.s.boot.devtools.restart.ChangeableUrls[0;39m - The Class-Path manifest attribute in C:\Users\22317\.m2\repository\com\sun\xml\bind\jaxb-impl\4.0.5\jaxb-impl-4.0.5.jar referenced one or more files that do not exist: file:/C:/Users/22317/.m2/repository/com/sun/xml/bind/jaxb-impl/4.0.5/jaxb-core.jar,file:/C:/Users/22317/.m2/repository/com/sun/xml/bind/jaxb-impl/4.0.5/angus-activation.jar
[31m2026-05-12 12:55:46.628[0;39m [33m[restartedMain][0;39m [34mINFO [0;39m [32mo.s.b.d.env.DevToolsPropertyDefaultsPostProcessor[0;39m - Devtools property defaults active! Set 'spring.devtools.add-properties' to 'false' to disable
[31m2026-05-12 12:55:46.628[0;39m [33m[restartedMain][0;39m [34mINFO [0;39m [32mo.s.b.d.env.DevToolsPropertyDefaultsPostProcessor[0;39m - For additional web related logging consider setting the 'logging.level.web' property to 'DEBUG'
[31m2026-05-12 12:55:47.750[0;39m [33m[restartedMain][0;39m [34mINFO [0;39m [32mo.s.boot.web.embedded.tomcat.TomcatWebServer[0;39m - Tomcat initialized with port 9966 (http)
[31m2026-05-12 12:55:47.763[0;39m [33m[restartedMain][0;39m [34mINFO [0;39m [32morg.apache.coyote.http11.Http11NioProtocol[0;39m - Initializing ProtocolHandler ["http-nio-9966"]
[31m2026-05-12 12:55:47.765[0;39m [33m[restartedMain][0;39m [34mINFO [0;39m [32morg.apache.catalina.core.StandardService[0;39m - Starting service [Tomcat]
[31m2026-05-12 12:55:47.765[0;39m [33m[restartedMain][0;39m [34mINFO [0;39m [32morg.apache.catalina.core.StandardEngine[0;39m - Starting Servlet engine: [Apache Tomcat/10.1.33]
[31m2026-05-12 12:55:47.816[0;39m [33m[restartedMain][0;39m [34mINFO [0;39m [32mo.a.c.c.ContainerBase.[Tomcat].[localhost].[/geo][0;39m - Initializing Spring embedded WebApplicationContext
[31m2026-05-12 12:55:47.816[0;39m [33m[restartedMain][0;39m [34mINFO [0;39m [32mo.s.b.w.s.c.ServletWebServerApplicationContext[0;39m - Root WebApplicationContext: initialization completed in 1188 ms
[31m2026-05-12 12:55:49.067[0;39m [33m[restartedMain][0;39m [34mINFO [0;39m [32mo.s.b.d.autoconfigure.OptionalLiveReloadServer[0;39m - LiveReload server is running on port 35729
[31m2026-05-12 12:55:49.109[0;39m [33m[restartedMain][0;39m [34mINFO [0;39m [32morg.apache.coyote.http11.Http11NioProtocol[0;39m - Starting ProtocolHandler ["http-nio-9966"]
[31m2026-05-12 12:55:49.120[0;39m [33m[restartedMain][0;39m [34mINFO [0;39m [32mo.s.boot.web.embedded.tomcat.TomcatWebServer[0;39m - Tomcat started on port 9966 (http) with context path '/geo'
[31m2026-05-12 12:55:49.135[0;39m [33m[restartedMain][0;39m [34mINFO [0;39m [32mcom.geo.dsp.GeoDspApplication[0;39m - Started GeoDspApplication in 2.857 seconds (process running for 3.283)
[31m2026-05-12 12:56:07.391[0;39m [33m[http-nio-9966-exec-1][0;39m [34mINFO [0;39m [32mo.a.c.c.ContainerBase.[Tomcat].[localhost].[/geo][0;39m - Initializing Spring DispatcherServlet 'dispatcherServlet'
[31m2026-05-12 12:56:07.392[0;39m [33m[http-nio-9966-exec-1][0;39m [34mINFO [0;39m [32morg.springframework.web.servlet.DispatcherServlet[0;39m - Initializing Servlet 'dispatcherServlet'
[31m2026-05-12 12:56:07.393[0;39m [33m[http-nio-9966-exec-1][0;39m [34mINFO [0;39m [32morg.springframework.web.servlet.DispatcherServlet[0;39m - Completed initialization in 1 ms
[31m2026-05-12 12:56:07.569[0;39m [33m[http-nio-9966-exec-1][0;39m [34mINFO [0;39m [32mcom.zaxxer.hikari.HikariDataSource[0;39m - HikariPool-1 - Starting...
[31m2026-05-12 12:56:07.725[0;39m [33m[http-nio-9966-exec-1][0;39m [34mINFO [0;39m [32mcom.zaxxer.hikari.pool.HikariPool[0;39m - HikariPool-1 - Added connection org.postgresql.jdbc.PgConnection@7d15648b
[31m2026-05-12 12:56:07.726[0;39m [33m[http-nio-9966-exec-1][0;39m [34mINFO [0;39m [32mcom.zaxxer.hikari.HikariDataSource[0;39m - HikariPool-1 - Start completed.
[31m2026-05-12 12:56:07.956[0;39m [33m[http-nio-9966-exec-1][0;39m [34mINFO [0;39m [32mc.g.dsp.module.login.service.impl.LoginServiceImpl[0;39m - 用户 test001 登录成功
[31m2026-05-12 12:57:29.357[0;39m [33m[SpringApplicationShutdownHook][0;39m [34mINFO [0;39m [32mo.s.boot.web.embedded.tomcat.GracefulShutdown[0;39m - Commencing graceful shutdown. Waiting for active requests to complete
[31m2026-05-12 12:57:29.604[0;39m [33m[tomcat-shutdown][0;39m [34mINFO [0;39m [32mo.s.boot.web.embedded.tomcat.GracefulShutdown[0;39m - Graceful shutdown complete
[31m2026-05-12 12:57:29.619[0;39m [33m[SpringApplicationShutdownHook][0;39m [34mINFO [0;39m [32mcom.zaxxer.hikari.HikariDataSource[0;39m - HikariPool-1 - Shutdown initiated...
[31m2026-05-12 12:57:29.621[0;39m [33m[SpringApplicationShutdownHook][0;39m [34mINFO [0;39m [32mcom.zaxxer.hikari.HikariDataSource[0;39m - HikariPool-1 - Shutdown completed.
[31m2026-05-12 12:57:31.282[0;39m [33m[background-preinit][0;39m [34mINFO [0;39m [32morg.hibernate.validator.internal.util.Version[0;39m - HV000001: Hibernate Validator 8.0.1.Final
[31m2026-05-12 12:57:31.313[0;39m [33m[restartedMain][0;39m [34mINFO [0;39m [32mcom.geo.dsp.GeoDspApplication[0;39m - Starting GeoDspApplication using Java 17.0.17 with PID 46156 (C:\Users\22317\Desktop\bbb\geodspp\GeoDsp(1)\GeoDsp\target\classes started by 22317 in C:\Users\22317\Desktop\bbb\geodspp\GeoDsp(1))
[31m2026-05-12 12:57:31.314[0;39m [33m[restartedMain][0;39m [34mINFO [0;39m [32mcom.geo.dsp.GeoDspApplication[0;39m - No active profile set, falling back to 1 default profile: "default"
[31m2026-05-12 12:57:31.347[0;39m [33m[restartedMain][0;39m [34mINFO [0;39m [32mo.s.boot.devtools.restart.ChangeableUrls[0;39m - The Class-Path manifest attribute in C:\Users\22317\.m2\repository\com\sun\xml\bind\jaxb-core\4.0.5\jaxb-core-4.0.5.jar referenced one or more files that do not exist: file:/C:/Users/22317/.m2/repository/com/sun/xml/bind/jaxb-core/4.0.5/jakarta.activation-api.jar,file:/C:/Users/22317/.m2/repository/com/sun/xml/bind/jaxb-core/4.0.5/jakarta.xml.bind-api.jar
[31m2026-05-12 12:57:31.347[0;39m [33m[restartedMain][0;39m [34mINFO [0;39m [32mo.s.boot.devtools.restart.ChangeableUrls[0;39m - The Class-Path manifest attribute in C:\Users\22317\.m2\repository\com\sun\xml\bind\jaxb-impl\4.0.5\jaxb-impl-4.0.5.jar referenced one or more files that do not exist: file:/C:/Users/22317/.m2/repository/com/sun/xml/bind/jaxb-impl/4.0.5/jaxb-core.jar,file:/C:/Users/22317/.m2/repository/com/sun/xml/bind/jaxb-impl/4.0.5/angus-activation.jar
[31m2026-05-12 12:57:31.347[0;39m [33m[restartedMain][0;39m [34mINFO [0;39m [32mo.s.b.d.env.DevToolsPropertyDefaultsPostProcessor[0;39m - Devtools property defaults active! Set 'spring.devtools.add-properties' to 'false' to disable
[31m2026-05-12 12:57:31.347[0;39m [33m[restartedMain][0;39m [34mINFO [0;39m [32mo.s.b.d.env.DevToolsPropertyDefaultsPostProcessor[0;39m - For additional web related logging consider setting the 'logging.level.web' property to 'DEBUG'
[31m2026-05-12 12:57:32.446[0;39m [33m[restartedMain][0;39m [34mINFO [0;39m [32mo.s.boot.web.embedded.tomcat.TomcatWebServer[0;39m - Tomcat initialized with port 9966 (http)
[31m2026-05-12 12:57:32.454[0;39m [33m[restartedMain][0;39m [34mINFO [0;39m [32morg.apache.coyote.http11.Http11NioProtocol[0;39m - Initializing ProtocolHandler ["http-nio-9966"]
[31m2026-05-12 12:57:32.455[0;39m [33m[restartedMain][0;39m [34mINFO [0;39m [32morg.apache.catalina.core.StandardService[0;39m - Starting service [Tomcat]
[31m2026-05-12 12:57:32.455[0;39m [33m[restartedMain][0;39m [34mINFO [0;39m [32morg.apache.catalina.core.StandardEngine[0;39m - Starting Servlet engine: [Apache Tomcat/10.1.33]
[31m2026-05-12 12:57:32.496[0;39m [33m[restartedMain][0;39m [34mINFO [0;39m [32mo.a.c.c.ContainerBase.[Tomcat].[localhost].[/geo][0;39m - Initializing Spring embedded WebApplicationContext
[31m2026-05-12 12:57:32.496[0;39m [33m[restartedMain][0;39m [34mINFO [0;39m [32mo.s.b.w.s.c.ServletWebServerApplicationContext[0;39m - Root WebApplicationContext: initialization completed in 1148 ms
[31m2026-05-12 12:57:33.671[0;39m [33m[restartedMain][0;39m [34mINFO [0;39m [32mo.s.b.d.autoconfigure.OptionalLiveReloadServer[0;39m - LiveReload server is running on port 35729
[31m2026-05-12 12:57:33.708[0;39m [33m[restartedMain][0;39m [34mINFO [0;39m [32morg.apache.coyote.http11.Http11NioProtocol[0;39m - Starting ProtocolHandler ["http-nio-9966"]
[31m2026-05-12 12:57:33.719[0;39m [33m[restartedMain][0;39m [34mINFO [0;39m [32mo.s.boot.web.embedded.tomcat.TomcatWebServer[0;39m - Tomcat started on port 9966 (http) with context path '/geo'
[31m2026-05-12 12:57:33.734[0;39m [33m[restartedMain][0;39m [34mINFO [0;39m [32mcom.geo.dsp.GeoDspApplication[0;39m - Started GeoDspApplication in 2.741 seconds (process running for 3.163)
[31m2026-05-12 12:57:45.441[0;39m [33m[http-nio-9966-exec-1][0;39m [34mINFO [0;39m [32mo.a.c.c.ContainerBase.[Tomcat].[localhost].[/geo][0;39m - Initializing Spring DispatcherServlet 'dispatcherServlet'
[31m2026-05-12 12:57:45.441[0;39m [33m[http-nio-9966-exec-1][0;39m [34mINFO [0;39m [32morg.springframework.web.servlet.DispatcherServlet[0;39m - Initializing Servlet 'dispatcherServlet'
[31m2026-05-12 12:57:45.443[0;39m [33m[http-nio-9966-exec-1][0;39m [34mINFO [0;39m [32morg.springframework.web.servlet.DispatcherServlet[0;39m - Completed initialization in 2 ms
[31m2026-05-12 12:57:45.638[0;39m [33m[http-nio-9966-exec-1][0;39m [34mINFO [0;39m [32mcom.zaxxer.hikari.HikariDataSource[0;39m - HikariPool-1 - Starting...
[31m2026-05-12 12:57:45.764[0;39m [33m[http-nio-9966-exec-1][0;39m [34mINFO [0;39m [32mcom.zaxxer.hikari.pool.HikariPool[0;39m - HikariPool-1 - Added connection org.postgresql.jdbc.PgConnection@153db1b6
[31m2026-05-12 12:57:45.766[0;39m [33m[http-nio-9966-exec-1][0;39m [34mINFO [0;39m [32mcom.zaxxer.hikari.HikariDataSource[0;39m - HikariPool-1 - Start completed.
[31m2026-05-12 12:57:46.003[0;39m [33m[http-nio-9966-exec-1][0;39m [34mINFO [0;39m [32mc.g.dsp.module.login.service.impl.LoginServiceImpl[0;39m - 用户 test001 登录成功
[31m2026-05-12 13:04:29.004[0;39m [33m[SpringApplicationShutdownHook][0;39m [34mINFO [0;39m [32mo.s.boot.web.embedded.tomcat.GracefulShutdown[0;39m - Commencing graceful shutdown. Waiting for active requests to complete
[31m2026-05-12 13:04:29.244[0;39m [33m[tomcat-shutdown][0;39m [34mINFO [0;39m [32mo.s.boot.web.embedded.tomcat.GracefulShutdown[0;39m - Graceful shutdown complete
[31m2026-05-12 13:04:29.264[0;39m [33m[SpringApplicationShutdownHook][0;39m [34mINFO [0;39m [32mcom.zaxxer.hikari.HikariDataSource[0;39m - HikariPool-1 - Shutdown initiated...
[31m2026-05-12 13:04:29.267[0;39m [33m[SpringApplicationShutdownHook][0;39m [34mINFO [0;39m [32mcom.zaxxer.hikari.HikariDataSource[0;39m - HikariPool-1 - Shutdown completed.
[31m2026-05-12 22:18:31.600[0;39m [33m[background-preinit][0;39m [34mINFO [0;39m [32morg.hibernate.validator.internal.util.Version[0;39m - HV000001: Hibernate Validator 8.0.1.Final
[31m2026-05-12 22:18:31.685[0;39m [33m[restartedMain][0;39m [34mINFO [0;39m [32mcom.geo.dsp.GeoDspApplication[0;39m - Starting GeoDspApplication using Java 17.0.17 with PID 43888 (C:\Users\22317\Desktop\bbb\geodspp\GeoDsp(1)\GeoDsp\target\classes started by 22317 in C:\Users\22317\Desktop\bbb\geodspp\GeoDsp(1))
[31m2026-05-12 22:18:31.687[0;39m [33m[restartedMain][0;39m [34mINFO [0;39m [32mcom.geo.dsp.GeoDspApplication[0;39m - No active profile set, falling back to 1 default profile: "default"
[31m2026-05-12 22:18:31.764[0;39m [33m[restartedMain][0;39m [34mINFO [0;39m [32mo.s.boot.devtools.restart.ChangeableUrls[0;39m - The Class-Path manifest attribute in C:\Users\22317\.m2\repository\com\sun\xml\bind\jaxb-core\4.0.5\jaxb-core-4.0.5.jar referenced one or more files that do not exist: file:/C:/Users/22317/.m2/repository/com/sun/xml/bind/jaxb-core/4.0.5/jakarta.activation-api.jar,file:/C:/Users/22317/.m2/repository/com/sun/xml/bind/jaxb-core/4.0.5/jakarta.xml.bind-api.jar
[31m2026-05-12 22:18:31.764[0;39m [33m[restartedMain][0;39m [34mINFO [0;39m [32mo.s.boot.devtools.restart.ChangeableUrls[0;39m - The Class-Path manifest attribute in C:\Users\22317\.m2\repository\com\sun\xml\bind\jaxb-impl\4.0.5\jaxb-impl-4.0.5.jar referenced one or more files that do not exist: file:/C:/Users/22317/.m2/repository/com/sun/xml/bind/jaxb-impl/4.0.5/jaxb-core.jar,file:/C:/Users/22317/.m2/repository/com/sun/xml/bind/jaxb-impl/4.0.5/angus-activation.jar
[31m2026-05-12 22:18:31.764[0;39m [33m[restartedMain][0;39m [34mINFO [0;39m [32mo.s.b.d.env.DevToolsPropertyDefaultsPostProcessor[0;39m - Devtools property defaults active! Set 'spring.devtools.add-properties' to 'false' to disable
[31m2026-05-12 22:18:31.764[0;39m [33m[restartedMain][0;39m [34mINFO [0;39m [32mo.s.b.d.env.DevToolsPropertyDefaultsPostProcessor[0;39m - For additional web related logging consider setting the 'logging.level.web' property to 'DEBUG'
[31m2026-05-12 22:18:34.298[0;39m [33m[restartedMain][0;39m [34mINFO [0;39m [32mo.s.boot.web.embedded.tomcat.TomcatWebServer[0;39m - Tomcat initialized with port 9966 (http)
[31m2026-05-12 22:18:34.314[0;39m [33m[restartedMain][0;39m [34mINFO [0;39m [32morg.apache.coyote.http11.Http11NioProtocol[0;39m - Initializing ProtocolHandler ["http-nio-9966"]
[31m2026-05-12 22:18:34.316[0;39m [33m[restartedMain][0;39m [34mINFO [0;39m [32morg.apache.catalina.core.StandardService[0;39m - Starting service [Tomcat]
[31m2026-05-12 22:18:34.316[0;39m [33m[restartedMain][0;39m [34mINFO [0;39m [32morg.apache.catalina.core.StandardEngine[0;39m - Starting Servlet engine: [Apache Tomcat/10.1.33]
[31m2026-05-12 22:18:34.404[0;39m [33m[restartedMain][0;39m [34mINFO [0;39m [32mo.a.c.c.ContainerBase.[Tomcat].[localhost].[/geo][0;39m - Initializing Spring embedded WebApplicationContext
[31m2026-05-12 22:18:34.405[0;39m [33m[restartedMain][0;39m [34mINFO [0;39m [32mo.s.b.w.s.c.ServletWebServerApplicationContext[0;39m - Root WebApplicationContext: initialization completed in 2640 ms
[31m2026-05-12 22:18:37.345[0;39m [33m[restartedMain][0;39m [34mINFO [0;39m [32mo.s.b.d.autoconfigure.OptionalLiveReloadServer[0;39m - LiveReload server is running on port 35729
[31m2026-05-12 22:18:37.420[0;39m [33m[restartedMain][0;39m [34mINFO [0;39m [32morg.apache.coyote.http11.Http11NioProtocol[0;39m - Starting ProtocolHandler ["http-nio-9966"]
[31m2026-05-12 22:18:37.438[0;39m [33m[restartedMain][0;39m [34mINFO [0;39m [32mo.s.boot.web.embedded.tomcat.TomcatWebServer[0;39m - Tomcat started on port 9966 (http) with context path '/geo'
[31m2026-05-12 22:18:37.467[0;39m [33m[restartedMain][0;39m [34mINFO [0;39m [32mcom.geo.dsp.GeoDspApplication[0;39m - Started GeoDspApplication in 6.546 seconds (process running for 23.41)
[31m2026-05-12 22:20:07.405[0;39m [33m[http-nio-9966-exec-1][0;39m [34mINFO [0;39m [32mo.a.c.c.ContainerBase.[Tomcat].[localhost].[/geo][0;39m - Initializing Spring DispatcherServlet 'dispatcherServlet'
[31m2026-05-12 22:20:07.407[0;39m [33m[http-nio-9966-exec-1][0;39m [34mINFO [0;39m [32morg.springframework.web.servlet.DispatcherServlet[0;39m - Initializing Servlet 'dispatcherServlet'
[31m2026-05-12 22:20:07.418[0;39m [33m[http-nio-9966-exec-1][0;39m [34mINFO [0;39m [32morg.springframework.web.servlet.DispatcherServlet[0;39m - Completed initialization in 11 ms
[31m2026-05-12 22:20:08.081[0;39m [33m[http-nio-9966-exec-1][0;39m [34mINFO [0;39m [32mcom.zaxxer.hikari.HikariDataSource[0;39m - HikariPool-1 - Starting...
[31m2026-05-12 22:20:09.059[0;39m [33m[http-nio-9966-exec-1][0;39m [34mINFO [0;39m [32mcom.zaxxer.hikari.pool.HikariPool[0;39m - HikariPool-1 - Added connection org.postgresql.jdbc.PgConnection@b4da56
[31m2026-05-12 22:20:09.065[0;39m [33m[http-nio-9966-exec-1][0;39m [34mINFO [0;39m [32mcom.zaxxer.hikari.HikariDataSource[0;39m - HikariPool-1 - Start completed.
[31m2026-05-12 22:20:10.176[0;39m [33m[http-nio-9966-exec-1][0;39m [34mINFO [0;39m [32mc.g.dsp.module.login.service.impl.LoginServiceImpl[0;39m - 用户 test001 登录成功
[31m2026-05-12 22:21:51.955[0;39m [33m[SpringApplicationShutdownHook][0;39m [34mINFO [0;39m [32mo.s.boot.web.embedded.tomcat.GracefulShutdown[0;39m - Commencing graceful shutdown. Waiting for active requests to complete
[31m2026-05-12 22:21:52.478[0;39m [33m[tomcat-shutdown][0;39m [34mINFO [0;39m [32mo.s.boot.web.embedded.tomcat.GracefulShutdown[0;39m - Graceful shutdown complete
[31m2026-05-12 22:21:52.509[0;39m [33m[SpringApplicationShutdownHook][0;39m [34mINFO [0;39m [32mcom.zaxxer.hikari.HikariDataSource[0;39m - HikariPool-1 - Shutdown initiated...
[31m2026-05-12 22:21:52.514[0;39m [33m[SpringApplicationShutdownHook][0;39m [34mINFO [0;39m [32mcom.zaxxer.hikari.HikariDataSource[0;39m - HikariPool-1 - Shutdown completed.
[31m2026-05-12 22:26:42.013[0;39m [33m[background-preinit][0;39m [34mINFO [0;39m [32morg.hibernate.validator.internal.util.Version[0;39m - HV000001: Hibernate Validator 8.0.1.Final
[31m2026-05-12 22:26:42.066[0;39m [33m[restartedMain][0;39m [34mINFO [0;39m [32mcom.geo.dsp.GeoDspApplication[0;39m - Starting GeoDspApplication using Java 17.0.17 with PID 48208 (C:\Users\22317\Desktop\bbb\geodspp\GeoDsp(1)\GeoDsp\target\classes started by 22317 in C:\Users\22317\Desktop\bbb\geodspp\GeoDsp(1))
[31m2026-05-12 22:26:42.067[0;39m [33m[restartedMain][0;39m [34mINFO [0;39m [32mcom.geo.dsp.GeoDspApplication[0;39m - No active profile set, falling back to 1 default profile: "default"
[31m2026-05-12 22:26:42.127[0;39m [33m[restartedMain][0;39m [34mINFO [0;39m [32mo.s.boot.devtools.restart.ChangeableUrls[0;39m - The Class-Path manifest attribute in C:\Users\22317\.m2\repository\com\sun\xml\bind\jaxb-core\4.0.5\jaxb-core-4.0.5.jar referenced one or more files that do not exist: file:/C:/Users/22317/.m2/repository/com/sun/xml/bind/jaxb-core/4.0.5/jakarta.activation-api.jar,file:/C:/Users/22317/.m2/repository/com/sun/xml/bind/jaxb-core/4.0.5/jakarta.xml.bind-api.jar
[31m2026-05-12 22:26:42.127[0;39m [33m[restartedMain][0;39m [34mINFO [0;39m [32mo.s.boot.devtools.restart.ChangeableUrls[0;39m - The Class-Path manifest attribute in C:\Users\22317\.m2\repository\com\sun\xml\bind\jaxb-impl\4.0.5\jaxb-impl-4.0.5.jar referenced one or more files that do not exist: file:/C:/Users/22317/.m2/repository/com/sun/xml/bind/jaxb-impl/4.0.5/jaxb-core.jar,file:/C:/Users/22317/.m2/repository/com/sun/xml/bind/jaxb-impl/4.0.5/angus-activation.jar
[31m2026-05-12 22:26:42.127[0;39m [33m[restartedMain][0;39m [34mINFO [0;39m [32mo.s.b.d.env.DevToolsPropertyDefaultsPostProcessor[0;39m - Devtools property defaults active! Set 'spring.devtools.add-properties' to 'false' to disable
[31m2026-05-12 22:26:42.127[0;39m [33m[restartedMain][0;39m [34mINFO [0;39m [32mo.s.b.d.env.DevToolsPropertyDefaultsPostProcessor[0;39m - For additional web related logging consider setting the 'logging.level.web' property to 'DEBUG'
[31m2026-05-12 22:26:44.683[0;39m [33m[restartedMain][0;39m [34mINFO [0;39m [32mo.s.boot.web.embedded.tomcat.TomcatWebServer[0;39m - Tomcat initialized with port 9966 (http)
[31m2026-05-12 22:26:44.699[0;39m [33m[restartedMain][0;39m [34mINFO [0;39m [32morg.apache.coyote.http11.Http11NioProtocol[0;39m - Initializing ProtocolHandler ["http-nio-9966"]
[31m2026-05-12 22:26:44.700[0;39m [33m[restartedMain][0;39m [34mINFO [0;39m [32morg.apache.catalina.core.StandardService[0;39m - Starting service [Tomcat]
[31m2026-05-12 22:26:44.700[0;39m [33m[restartedMain][0;39m [34mINFO [0;39m [32morg.apache.catalina.core.StandardEngine[0;39m - Starting Servlet engine: [Apache Tomcat/10.1.33]
[31m2026-05-12 22:26:44.773[0;39m [33m[restartedMain][0;39m [34mINFO [0;39m [32mo.a.c.c.ContainerBase.[Tomcat].[localhost].[/geo][0;39m - Initializing Spring embedded WebApplicationContext
[31m2026-05-12 22:26:44.773[0;39m [33m[restartedMain][0;39m [34mINFO [0;39m [32mo.s.b.w.s.c.ServletWebServerApplicationContext[0;39m - Root WebApplicationContext: initialization completed in 2645 ms
[31m2026-05-12 22:26:47.604[0;39m [33m[restartedMain][0;39m [34mINFO [0;39m [32mo.s.b.d.autoconfigure.OptionalLiveReloadServer[0;39m - LiveReload server is running on port 35729
[31m2026-05-12 22:26:47.670[0;39m [33m[restartedMain][0;39m [34mINFO [0;39m [32morg.apache.coyote.http11.Http11NioProtocol[0;39m - Starting ProtocolHandler ["http-nio-9966"]
[31m2026-05-12 22:26:47.703[0;39m [33m[restartedMain][0;39m [34mINFO [0;39m [32mo.s.boot.web.embedded.tomcat.TomcatWebServer[0;39m - Tomcat started on port 9966 (http) with context path '/geo'
[31m2026-05-12 22:26:47.734[0;39m [33m[restartedMain][0;39m [34mINFO [0;39m [32mcom.geo.dsp.GeoDspApplication[0;39m - Started GeoDspApplication in 6.222 seconds (process running for 7.097)
[31m2026-05-12 22:27:57.389[0;39m [33m[http-nio-9966-exec-1][0;39m [34mINFO [0;39m [32mo.a.c.c.ContainerBase.[Tomcat].[localhost].[/geo][0;39m - Initializing Spring DispatcherServlet 'dispatcherServlet'
[31m2026-05-12 22:27:57.390[0;39m [33m[http-nio-9966-exec-1][0;39m [34mINFO [0;39m [32morg.springframework.web.servlet.DispatcherServlet[0;39m - Initializing Servlet 'dispatcherServlet'
[31m2026-05-12 22:27:57.397[0;39m [33m[http-nio-9966-exec-1][0;39m [34mINFO [0;39m [32morg.springframework.web.servlet.DispatcherServlet[0;39m - Completed initialization in 6 ms
[31m2026-05-12 22:27:57.978[0;39m [33m[http-nio-9966-exec-1][0;39m [34mINFO [0;39m [32mcom.zaxxer.hikari.HikariDataSource[0;39m - HikariPool-1 - Starting...
[31m2026-05-12 22:27:58.693[0;39m [33m[http-nio-9966-exec-1][0;39m [34mINFO [0;39m [32mcom.zaxxer.hikari.pool.HikariPool[0;39m - HikariPool-1 - Added connection org.postgresql.jdbc.PgConnection@211dabb9
[31m2026-05-12 22:27:58.701[0;39m [33m[http-nio-9966-exec-1][0;39m [34mINFO [0;39m [32mcom.zaxxer.hikari.HikariDataSource[0;39m - HikariPool-1 - Start completed.
[31m2026-05-12 22:27:59.596[0;39m [33m[http-nio-9966-exec-1][0;39m [34mINFO [0;39m [32mc.g.dsp.module.login.service.impl.LoginServiceImpl[0;39m - 用户 test001 登录成功
[31m2026-05-12 22:28:09.888[0;39m [33m[http-nio-9966-exec-2][0;39m [34mINFO [0;39m [32mc.g.dsp.module.login.service.impl.LoginServiceImpl[0;39m - 用户 test001 登录成功
[31m2026-05-12 22:28:34.038[0;39m [33m[http-nio-9966-exec-5][0;39m [34mINFO [0;39m [32mc.g.dsp.module.login.service.impl.LoginServiceImpl[0;39m - 用户 test001 登录成功
[31m2026-05-12 22:48:11.637[0;39m [33m[SpringApplicationShutdownHook][0;39m [34mINFO [0;39m [32mo.s.boot.web.embedded.tomcat.GracefulShutdown[0;39m - Commencing graceful shutdown. Waiting for active requests to complete
[31m2026-05-12 22:48:12.019[0;39m [33m[tomcat-shutdown][0;39m [34mINFO [0;39m [32mo.s.boot.web.embedded.tomcat.GracefulShutdown[0;39m - Graceful shutdown complete
[31m2026-05-12 22:48:12.070[0;39m [33m[SpringApplicationShutdownHook][0;39m [34mINFO [0;39m [32mcom.zaxxer.hikari.HikariDataSource[0;39m - HikariPool-1 - Shutdown initiated...
[31m2026-05-12 22:48:12.082[0;39m [33m[SpringApplicationShutdownHook][0;39m [34mINFO [0;39m [32mcom.zaxxer.hikari.HikariDataSource[0;39m - HikariPool-1 - Shutdown completed.
[31m2026-05-12 22:48:14.697[0;39m [33m[background-preinit][0;39m [34mINFO [0;39m [32morg.hibernate.validator.internal.util.Version[0;39m - HV000001: Hibernate Validator 8.0.1.Final
[31m2026-05-12 22:48:14.747[0;39m [33m[restartedMain][0;39m [34mINFO [0;39m [32mcom.geo.dsp.GeoDspApplication[0;39m - Starting GeoDspApplication using Java 17.0.17 with PID 1892 (C:\Users\22317\Desktop\bbb\geodspp\GeoDsp(1)\GeoDsp\target\classes started by 22317 in C:\Users\22317\Desktop\bbb\geodspp\GeoDsp(1))
[31m2026-05-12 22:48:14.748[0;39m [33m[restartedMain][0;39m [34mINFO [0;39m [32mcom.geo.dsp.GeoDspApplication[0;39m - No active profile set, falling back to 1 default profile: "default"
[31m2026-05-12 22:48:14.799[0;39m [33m[restartedMain][0;39m [34mINFO [0;39m [32mo.s.boot.devtools.restart.ChangeableUrls[0;39m - The Class-Path manifest attribute in C:\Users\22317\.m2\repository\com\sun\xml\bind\jaxb-core\4.0.5\jaxb-core-4.0.5.jar referenced one or more files that do not exist: file:/C:/Users/22317/.m2/repository/com/sun/xml/bind/jaxb-core/4.0.5/jakarta.activation-api.jar,file:/C:/Users/22317/.m2/repository/com/sun/xml/bind/jaxb-core/4.0.5/jakarta.xml.bind-api.jar
[31m2026-05-12 22:48:14.799[0;39m [33m[restartedMain][0;39m [34mINFO [0;39m [32mo.s.boot.devtools.restart.ChangeableUrls[0;39m - The Class-Path manifest attribute in C:\Users\22317\.m2\repository\com\sun\xml\bind\jaxb-impl\4.0.5\jaxb-impl-4.0.5.jar referenced one or more files that do not exist: file:/C:/Users/22317/.m2/repository/com/sun/xml/bind/jaxb-impl/4.0.5/jaxb-core.jar,file:/C:/Users/22317/.m2/repository/com/sun/xml/bind/jaxb-impl/4.0.5/angus-activation.jar
[31m2026-05-12 22:48:14.799[0;39m [33m[restartedMain][0;39m [34mINFO [0;39m [32mo.s.b.d.env.DevToolsPropertyDefaultsPostProcessor[0;39m - Devtools property defaults active! Set 'spring.devtools.add-properties' to 'false' to disable
[31m2026-05-12 22:48:14.799[0;39m [33m[restartedMain][0;39m [34mINFO [0;39m [32mo.s.b.d.env.DevToolsPropertyDefaultsPostProcessor[0;39m - For additional web related logging consider setting the 'logging.level.web' property to 'DEBUG'
[31m2026-05-12 22:48:16.748[0;39m [33m[restartedMain][0;39m [34mINFO [0;39m [32mo.s.boot.web.embedded.tomcat.TomcatWebServer[0;39m - Tomcat initialized with port 9966 (http)
[31m2026-05-12 22:48:16.766[0;39m [33m[restartedMain][0;39m [34mINFO [0;39m [32morg.apache.coyote.http11.Http11NioProtocol[0;39m - Initializing ProtocolHandler ["http-nio-9966"]
[31m2026-05-12 22:48:16.767[0;39m [33m[restartedMain][0;39m [34mINFO [0;39m [32morg.apache.catalina.core.StandardService[0;39m - Starting service [Tomcat]
[31m2026-05-12 22:48:16.768[0;39m [33m[restartedMain][0;39m [34mINFO [0;39m [32morg.apache.catalina.core.StandardEngine[0;39m - Starting Servlet engine: [Apache Tomcat/10.1.33]
[31m2026-05-12 22:48:16.843[0;39m [33m[restartedMain][0;39m [34mINFO [0;39m [32mo.a.c.c.ContainerBase.[Tomcat].[localhost].[/geo][0;39m - Initializing Spring embedded WebApplicationContext
[31m2026-05-12 22:48:16.844[0;39m [33m[restartedMain][0;39m [34mINFO [0;39m [32mo.s.b.w.s.c.ServletWebServerApplicationContext[0;39m - Root WebApplicationContext: initialization completed in 2044 ms
[31m2026-05-12 22:48:18.777[0;39m [33m[restartedMain][0;39m [34mINFO [0;39m [32mo.s.b.d.autoconfigure.OptionalLiveReloadServer[0;39m - LiveReload server is running on port 35729
[31m2026-05-12 22:48:18.843[0;39m [33m[restartedMain][0;39m [34mINFO [0;39m [32morg.apache.coyote.http11.Http11NioProtocol[0;39m - Starting ProtocolHandler ["http-nio-9966"]
[31m2026-05-12 22:48:18.859[0;39m [33m[restartedMain][0;39m [34mINFO [0;39m [32mo.s.boot.web.embedded.tomcat.TomcatWebServer[0;39m - Tomcat started on port 9966 (http) with context path '/geo'
[31m2026-05-12 22:48:18.882[0;39m [33m[restartedMain][0;39m [34mINFO [0;39m [32mcom.geo.dsp.GeoDspApplication[0;39m - Started GeoDspApplication in 4.71 seconds (process running for 5.564)
[31m2026-05-12 22:48:42.653[0;39m [33m[http-nio-9966-exec-1][0;39m [34mINFO [0;39m [32mo.a.c.c.ContainerBase.[Tomcat].[localhost].[/geo][0;39m - Initializing Spring DispatcherServlet 'dispatcherServlet'
[31m2026-05-12 22:48:42.654[0;39m [33m[http-nio-9966-exec-1][0;39m [34mINFO [0;39m [32morg.springframework.web.servlet.DispatcherServlet[0;39m - Initializing Servlet 'dispatcherServlet'
[31m2026-05-12 22:48:42.663[0;39m [33m[http-nio-9966-exec-1][0;39m [34mINFO [0;39m [32morg.springframework.web.servlet.DispatcherServlet[0;39m - Completed initialization in 9 ms
[31m2026-05-12 22:48:43.221[0;39m [33m[http-nio-9966-exec-1][0;39m [34mINFO [0;39m [32mcom.zaxxer.hikari.HikariDataSource[0;39m - HikariPool-1 - Starting...
[31m2026-05-12 22:48:43.614[0;39m [33m[http-nio-9966-exec-1][0;39m [34mINFO [0;39m [32mcom.zaxxer.hikari.pool.HikariPool[0;39m - HikariPool-1 - Added connection org.postgresql.jdbc.PgConnection@681ca6f2
[31m2026-05-12 22:48:43.620[0;39m [33m[http-nio-9966-exec-1][0;39m [34mINFO [0;39m [32mcom.zaxxer.hikari.HikariDataSource[0;39m - HikariPool-1 - Start completed.
[31m2026-05-12 22:48:44.249[0;39m [33m[http-nio-9966-exec-1][0;39m [34mINFO [0;39m [32mc.g.dsp.module.login.service.impl.LoginServiceImpl[0;39m - 用户 test001 登录成功
[31m2026-05-12 22:55:22.303[0;39m [33m[File Watcher][0;39m [34mINFO [0;39m [32mo.s.b.d.a.LocalDevToolsAutoConfiguration$RestartingClassPathChangeChangedEventListener[0;39m - Restarting due to 1 class path change (0 additions, 0 deletions, 1 modification)
[31m2026-05-12 22:55:22.321[0;39m [33m[Thread-5][0;39m [34mINFO [0;39m [32mo.s.boot.web.embedded.tomcat.GracefulShutdown[0;39m - Commencing graceful shutdown. Waiting for active requests to complete
[31m2026-05-12 22:55:22.324[0;39m [33m[tomcat-shutdown][0;39m [34mINFO [0;39m [32morg.apache.coyote.http11.Http11NioProtocol[0;39m - Pausing ProtocolHandler ["http-nio-9966"]
[31m2026-05-12 22:55:23.579[0;39m [33m[tomcat-shutdown][0;39m [34mINFO [0;39m [32mo.s.boot.web.embedded.tomcat.GracefulShutdown[0;39m - Graceful shutdown complete
[31m2026-05-12 22:55:23.581[0;39m [33m[Thread-5][0;39m [34mINFO [0;39m [32morg.apache.coyote.http11.Http11NioProtocol[0;39m - Stopping ProtocolHandler ["http-nio-9966"]
[31m2026-05-12 22:55:23.668[0;39m [33m[Thread-5][0;39m [34mINFO [0;39m [32mcom.zaxxer.hikari.HikariDataSource[0;39m - HikariPool-1 - Shutdown initiated...
[31m2026-05-12 22:55:23.677[0;39m [33m[Thread-5][0;39m [34mINFO [0;39m [32mcom.zaxxer.hikari.HikariDataSource[0;39m - HikariPool-1 - Shutdown completed.
[31m2026-05-12 22:55:23.950[0;39m [33m[restartedMain][0;39m [34mINFO [0;39m [32mcom.geo.dsp.GeoDspApplication[0;39m - Starting GeoDspApplication using Java 17.0.17 with PID 1892 (C:\Users\22317\Desktop\bbb\geodspp\GeoDsp(1)\GeoDsp\target\classes started by 22317 in C:\Users\22317\Desktop\bbb\geodspp\GeoDsp(1))
[31m2026-05-12 22:55:23.951[0;39m [33m[restartedMain][0;39m [34mINFO [0;39m [32mcom.geo.dsp.GeoDspApplication[0;39m - No active profile set, falling back to 1 default profile: "default"
[31m2026-05-12 22:55:25.668[0;39m [33m[restartedMain][0;39m [34mINFO [0;39m [32mo.s.boot.web.embedded.tomcat.TomcatWebServer[0;39m - Tomcat initialized with port 9966 (http)
[31m2026-05-12 22:55:25.669[0;39m [33m[restartedMain][0;39m [34mINFO [0;39m [32morg.apache.coyote.http11.Http11NioProtocol[0;39m - Initializing ProtocolHandler ["http-nio-9966"]
[31m2026-05-12 22:55:25.670[0;39m [33m[restartedMain][0;39m [34mINFO [0;39m [32morg.apache.catalina.core.StandardService[0;39m - Starting service [Tomcat]
[31m2026-05-12 22:55:25.670[0;39m [33m[restartedMain][0;39m [34mINFO [0;39m [32morg.apache.catalina.core.StandardEngine[0;39m - Starting Servlet engine: [Apache Tomcat/10.1.33]
[31m2026-05-12 22:55:25.746[0;39m [33m[restartedMain][0;39m [34mINFO [0;39m [32mo.a.c.c.ContainerBase.[Tomcat].[localhost].[/geo][0;39m - Initializing Spring embedded WebApplicationContext
[31m2026-05-12 22:55:25.747[0;39m [33m[restartedMain][0;39m [34mINFO [0;39m [32mo.s.b.w.s.c.ServletWebServerApplicationContext[0;39m - Root WebApplicationContext: initialization completed in 1791 ms
[31m2026-05-12 22:55:27.330[0;39m [33m[restartedMain][0;39m [34mINFO [0;39m [32mo.s.b.d.autoconfigure.OptionalLiveReloadServer[0;39m - LiveReload server is running on port 35729
[31m2026-05-12 22:55:27.406[0;39m [33m[restartedMain][0;39m [34mINFO [0;39m [32morg.apache.coyote.http11.Http11NioProtocol[0;39m - Starting ProtocolHandler ["http-nio-9966"]
[31m2026-05-12 22:55:27.413[0;39m [33m[restartedMain][0;39m [34mINFO [0;39m [32mo.s.boot.web.embedded.tomcat.TomcatWebServer[0;39m - Tomcat started on port 9966 (http) with context path '/geo'
[31m2026-05-12 22:55:27.436[0;39m [33m[restartedMain][0;39m [34mINFO [0;39m [32mcom.geo.dsp.GeoDspApplication[0;39m - Started GeoDspApplication in 3.584 seconds (process running for 434.118)
[31m2026-05-12 22:55:27.440[0;39m [33m[restartedMain][0;39m [34mINFO [0;39m [32mo.s.b.d.a.ConditionEvaluationDeltaLoggingListener[0;39m - Condition evaluation unchanged
[31m2026-05-12 22:56:20.732[0;39m [33m[SpringApplicationShutdownHook][0;39m [34mINFO [0;39m [32mo.s.boot.web.embedded.tomcat.GracefulShutdown[0;39m - Commencing graceful shutdown. Waiting for active requests to complete
[31m2026-05-12 22:56:21.134[0;39m [33m[tomcat-shutdown][0;39m [34mINFO [0;39m [32mo.s.boot.web.embedded.tomcat.GracefulShutdown[0;39m - Graceful shutdown complete
[31m2026-05-12 22:56:23.605[0;39m [33m[background-preinit][0;39m [34mINFO [0;39m [32morg.hibernate.validator.internal.util.Version[0;39m - HV000001: Hibernate Validator 8.0.1.Final
[31m2026-05-12 22:56:23.676[0;39m [33m[restartedMain][0;39m [34mINFO [0;39m [32mcom.geo.dsp.GeoDspApplication[0;39m - Starting GeoDspApplication using Java 17.0.17 with PID 18332 (C:\Users\22317\Desktop\bbb\geodspp\GeoDsp(1)\GeoDsp\target\classes started by 22317 in C:\Users\22317\Desktop\bbb\geodspp\GeoDsp(1))
[31m2026-05-12 22:56:23.678[0;39m [33m[restartedMain][0;39m [34mINFO [0;39m [32mcom.geo.dsp.GeoDspApplication[0;39m - No active profile set, falling back to 1 default profile: "default"
[31m2026-05-12 22:56:23.726[0;39m [33m[restartedMain][0;39m [34mINFO [0;39m [32mo.s.boot.devtools.restart.ChangeableUrls[0;39m - The Class-Path manifest attribute in C:\Users\22317\.m2\repository\com\sun\xml\bind\jaxb-core\4.0.5\jaxb-core-4.0.5.jar referenced one or more files that do not exist: file:/C:/Users/22317/.m2/repository/com/sun/xml/bind/jaxb-core/4.0.5/jakarta.activation-api.jar,file:/C:/Users/22317/.m2/repository/com/sun/xml/bind/jaxb-core/4.0.5/jakarta.xml.bind-api.jar
[31m2026-05-12 22:56:23.727[0;39m [33m[restartedMain][0;39m [34mINFO [0;39m [32mo.s.boot.devtools.restart.ChangeableUrls[0;39m - The Class-Path manifest attribute in C:\Users\22317\.m2\repository\com\sun\xml\bind\jaxb-impl\4.0.5\jaxb-impl-4.0.5.jar referenced one or more files that do not exist: file:/C:/Users/22317/.m2/repository/com/sun/xml/bind/jaxb-impl/4.0.5/jaxb-core.jar,file:/C:/Users/22317/.m2/repository/com/sun/xml/bind/jaxb-impl/4.0.5/angus-activation.jar
[31m2026-05-12 22:56:23.727[0;39m [33m[restartedMain][0;39m [34mINFO [0;39m [32mo.s.b.d.env.DevToolsPropertyDefaultsPostProcessor[0;39m - Devtools property defaults active! Set 'spring.devtools.add-properties' to 'false' to disable
[31m2026-05-12 22:56:23.727[0;39m [33m[restartedMain][0;39m [34mINFO [0;39m [32mo.s.b.d.env.DevToolsPropertyDefaultsPostProcessor[0;39m - For additional web related logging consider setting the 'logging.level.web' property to 'DEBUG'
[31m2026-05-12 22:56:25.825[0;39m [33m[restartedMain][0;39m [34mINFO [0;39m [32mo.s.boot.web.embedded.tomcat.TomcatWebServer[0;39m - Tomcat initialized with port 9966 (http)
[31m2026-05-12 22:56:25.840[0;39m [33m[restartedMain][0;39m [34mINFO [0;39m [32morg.apache.coyote.http11.Http11NioProtocol[0;39m - Initializing ProtocolHandler ["http-nio-9966"]
[31m2026-05-12 22:56:25.841[0;39m [33m[restartedMain][0;39m [34mINFO [0;39m [32morg.apache.catalina.core.StandardService[0;39m - Starting service [Tomcat]
[31m2026-05-12 22:56:25.842[0;39m [33m[restartedMain][0;39m [34mINFO [0;39m [32morg.apache.catalina.core.StandardEngine[0;39m - Starting Servlet engine: [Apache Tomcat/10.1.33]
[31m2026-05-12 22:56:25.929[0;39m [33m[restartedMain][0;39m [34mINFO [0;39m [32mo.a.c.c.ContainerBase.[Tomcat].[localhost].[/geo][0;39m - Initializing Spring embedded WebApplicationContext
[31m2026-05-12 22:56:25.929[0;39m [33m[restartedMain][0;39m [34mINFO [0;39m [32mo.s.b.w.s.c.ServletWebServerApplicationContext[0;39m - Root WebApplicationContext: initialization completed in 2201 ms
[31m2026-05-12 22:56:28.192[0;39m [33m[restartedMain][0;39m [34mINFO [0;39m [32mo.s.b.d.autoconfigure.OptionalLiveReloadServer[0;39m - LiveReload server is running on port 35729
[31m2026-05-12 22:56:28.291[0;39m [33m[restartedMain][0;39m [34mINFO [0;39m [32morg.apache.coyote.http11.Http11NioProtocol[0;39m - Starting ProtocolHandler ["http-nio-9966"]
[31m2026-05-12 22:56:28.315[0;39m [33m[restartedMain][0;39m [34mINFO [0;39m [32mo.s.boot.web.embedded.tomcat.TomcatWebServer[0;39m - Tomcat started on port 9966 (http) with context path '/geo'
[31m2026-05-12 22:56:28.344[0;39m [33m[restartedMain][0;39m [34mINFO [0;39m [32mcom.geo.dsp.GeoDspApplication[0;39m - Started GeoDspApplication in 5.19 seconds (process running for 5.845)
[31m2026-05-12 22:56:31.968[0;39m [33m[http-nio-9966-exec-1][0;39m [34mINFO [0;39m [32mo.a.c.c.ContainerBase.[Tomcat].[localhost].[/geo][0;39m - Initializing Spring DispatcherServlet 'dispatcherServlet'
[31m2026-05-12 22:56:31.968[0;39m [33m[http-nio-9966-exec-1][0;39m [34mINFO [0;39m [32morg.springframework.web.servlet.DispatcherServlet[0;39m - Initializing Servlet 'dispatcherServlet'
[31m2026-05-12 22:56:31.972[0;39m [33m[http-nio-9966-exec-1][0;39m [34mINFO [0;39m [32morg.springframework.web.servlet.DispatcherServlet[0;39m - Completed initialization in 4 ms
[31m2026-05-12 22:56:32.684[0;39m [33m[http-nio-9966-exec-1][0;39m [34mINFO [0;39m [32mcom.zaxxer.hikari.HikariDataSource[0;39m - HikariPool-1 - Starting...
[31m2026-05-12 22:56:32.987[0;39m [33m[http-nio-9966-exec-1][0;39m [34mINFO [0;39m [32mcom.zaxxer.hikari.pool.HikariPool[0;39m - HikariPool-1 - Added connection org.postgresql.jdbc.PgConnection@28aa9e
[31m2026-05-12 22:56:32.990[0;39m [33m[http-nio-9966-exec-1][0;39m [34mINFO [0;39m [32mcom.zaxxer.hikari.HikariDataSource[0;39m - HikariPool-1 - Start completed.
[31m2026-05-12 23:04:04.628[0;39m [33m[File Watcher][0;39m [34mINFO [0;39m [32mo.s.b.d.a.LocalDevToolsAutoConfiguration$RestartingClassPathChangeChangedEventListener[0;39m - Restarting due to 1 class path change (0 additions, 0 deletions, 1 modification)
[31m2026-05-12 23:04:04.639[0;39m [33m[Thread-5][0;39m [34mINFO [0;39m [32mo.s.boot.web.embedded.tomcat.GracefulShutdown[0;39m - Commencing graceful shutdown. Waiting for active requests to complete
[31m2026-05-12 23:04:04.643[0;39m [33m[tomcat-shutdown][0;39m [34mINFO [0;39m [32morg.apache.coyote.http11.Http11NioProtocol[0;39m - Pausing ProtocolHandler ["http-nio-9966"]
[31m2026-05-12 23:04:05.958[0;39m [33m[tomcat-shutdown][0;39m [34mINFO [0;39m [32mo.s.boot.web.embedded.tomcat.GracefulShutdown[0;39m - Graceful shutdown complete
[31m2026-05-12 23:04:05.958[0;39m [33m[Thread-5][0;39m [34mINFO [0;39m [32morg.apache.coyote.http11.Http11NioProtocol[0;39m - Stopping ProtocolHandler ["http-nio-9966"]
[31m2026-05-12 23:04:06.017[0;39m [33m[Thread-5][0;39m [34mINFO [0;39m [32mcom.zaxxer.hikari.HikariDataSource[0;39m - HikariPool-1 - Shutdown initiated...
[31m2026-05-12 23:04:06.026[0;39m [33m[Thread-5][0;39m [34mINFO [0;39m [32mcom.zaxxer.hikari.HikariDataSource[0;39m - HikariPool-1 - Shutdown completed.
[31m2026-05-12 23:04:06.291[0;39m [33m[restartedMain][0;39m [34mINFO [0;39m [32mcom.geo.dsp.GeoDspApplication[0;39m - Starting GeoDspApplication using Java 17.0.17 with PID 18332 (C:\Users\22317\Desktop\bbb\geodspp\GeoDsp(1)\GeoDsp\target\classes started by 22317 in C:\Users\22317\Desktop\bbb\geodspp\GeoDsp(1))
[31m2026-05-12 23:04:06.293[0;39m [33m[restartedMain][0;39m [34mINFO [0;39m [32mcom.geo.dsp.GeoDspApplication[0;39m - No active profile set, falling back to 1 default profile: "default"
[31m2026-05-12 23:04:08.325[0;39m [33m[restartedMain][0;39m [34mINFO [0;39m [32mo.s.boot.web.embedded.tomcat.TomcatWebServer[0;39m - Tomcat initialized with port 9966 (http)
[31m2026-05-12 23:04:08.326[0;39m [33m[restartedMain][0;39m [34mINFO [0;39m [32morg.apache.coyote.http11.Http11NioProtocol[0;39m - Initializing ProtocolHandler ["http-nio-9966"]
[31m2026-05-12 23:04:08.327[0;39m [33m[restartedMain][0;39m [34mINFO [0;39m [32morg.apache.catalina.core.StandardService[0;39m - Starting service [Tomcat]
[31m2026-05-12 23:04:08.327[0;39m [33m[restartedMain][0;39m [34mINFO [0;39m [32morg.apache.catalina.core.StandardEngine[0;39m - Starting Servlet engine: [Apache Tomcat/10.1.33]
[31m2026-05-12 23:04:08.409[0;39m [33m[restartedMain][0;39m [34mINFO [0;39m [32mo.a.c.c.ContainerBase.[Tomcat].[localhost].[/geo][0;39m - Initializing Spring embedded WebApplicationContext
[31m2026-05-12 23:04:08.409[0;39m [33m[restartedMain][0;39m [34mINFO [0;39m [32mo.s.b.w.s.c.ServletWebServerApplicationContext[0;39m - Root WebApplicationContext: initialization completed in 2107 ms
[31m2026-05-12 23:04:10.367[0;39m [33m[restartedMain][0;39m [34mINFO [0;39m [32mo.s.b.d.autoconfigure.OptionalLiveReloadServer[0;39m - LiveReload server is running on port 35729
[31m2026-05-12 23:04:10.433[0;39m [33m[restartedMain][0;39m [34mINFO [0;39m [32morg.apache.coyote.http11.Http11NioProtocol[0;39m - Starting ProtocolHandler ["http-nio-9966"]
[31m2026-05-12 23:04:10.440[0;39m [33m[restartedMain][0;39m [34mINFO [0;39m [32mo.s.boot.web.embedded.tomcat.TomcatWebServer[0;39m - Tomcat started on port 9966 (http) with context path '/geo'
[31m2026-05-12 23:04:10.459[0;39m [33m[restartedMain][0;39m [34mINFO [0;39m [32mcom.geo.dsp.GeoDspApplication[0;39m - Started GeoDspApplication in 4.257 seconds (process running for 467.961)
[31m2026-05-12 23:04:10.463[0;39m [33m[restartedMain][0;39m [34mINFO [0;39m [32mo.s.b.d.a.ConditionEvaluationDeltaLoggingListener[0;39m - Condition evaluation unchanged
[31m2026-05-12 23:07:22.443[0;39m [33m[SpringApplicationShutdownHook][0;39m [34mINFO [0;39m [32mo.s.boot.web.embedded.tomcat.GracefulShutdown[0;39m - Commencing graceful shutdown. Waiting for active requests to complete
[31m2026-05-12 23:07:22.883[0;39m [33m[tomcat-shutdown][0;39m [34mINFO [0;39m [32mo.s.boot.web.embedded.tomcat.GracefulShutdown[0;39m - Graceful shutdown complete
[31m2026-05-12 23:07:25.556[0;39m [33m[background-preinit][0;39m [34mINFO [0;39m [32morg.hibernate.validator.internal.util.Version[0;39m - HV000001: Hibernate Validator 8.0.1.Final
[31m2026-05-12 23:07:25.613[0;39m [33m[restartedMain][0;39m [34mINFO [0;39m [32mcom.geo.dsp.GeoDspApplication[0;39m - Starting GeoDspApplication using Java 17.0.17 with PID 22212 (C:\Users\22317\Desktop\bbb\geodspp\GeoDsp(1)\GeoDsp\target\classes started by 22317 in C:\Users\22317\Desktop\bbb\geodspp\GeoDsp(1))
[31m2026-05-12 23:07:25.615[0;39m [33m[restartedMain][0;39m [34mINFO [0;39m [32mcom.geo.dsp.GeoDspApplication[0;39m - No active profile set, falling back to 1 default profile: "default"
[31m2026-05-12 23:07:25.661[0;39m [33m[restartedMain][0;39m [34mINFO [0;39m [32mo.s.boot.devtools.restart.ChangeableUrls[0;39m - The Class-Path manifest attribute in C:\Users\22317\.m2\repository\com\sun\xml\bind\jaxb-core\4.0.5\jaxb-core-4.0.5.jar referenced one or more files that do not exist: file:/C:/Users/22317/.m2/repository/com/sun/xml/bind/jaxb-core/4.0.5/jakarta.activation-api.jar,file:/C:/Users/22317/.m2/repository/com/sun/xml/bind/jaxb-core/4.0.5/jakarta.xml.bind-api.jar
[31m2026-05-12 23:07:25.662[0;39m [33m[restartedMain][0;39m [34mINFO [0;39m [32mo.s.boot.devtools.restart.ChangeableUrls[0;39m - The Class-Path manifest attribute in C:\Users\22317\.m2\repository\com\sun\xml\bind\jaxb-impl\4.0.5\jaxb-impl-4.0.5.jar referenced one or more files that do not exist: file:/C:/Users/22317/.m2/repository/com/sun/xml/bind/jaxb-impl/4.0.5/jaxb-core.jar,file:/C:/Users/22317/.m2/repository/com/sun/xml/bind/jaxb-impl/4.0.5/angus-activation.jar
[31m2026-05-12 23:07:25.662[0;39m [33m[restartedMain][0;39m [34mINFO [0;39m [32mo.s.b.d.env.DevToolsPropertyDefaultsPostProcessor[0;39m - Devtools property defaults active! Set 'spring.devtools.add-properties' to 'false' to disable
[31m2026-05-12 23:07:25.662[0;39m [33m[restartedMain][0;39m [34mINFO [0;39m [32mo.s.b.d.env.DevToolsPropertyDefaultsPostProcessor[0;39m - For additional web related logging consider setting the 'logging.level.web' property to 'DEBUG'
[31m2026-05-12 23:07:27.837[0;39m [33m[restartedMain][0;39m [34mINFO [0;39m [32mo.s.boot.web.embedded.tomcat.TomcatWebServer[0;39m - Tomcat initialized with port 9966 (http)
[31m2026-05-12 23:07:27.852[0;39m [33m[restartedMain][0;39m [34mINFO [0;39m [32morg.apache.coyote.http11.Http11NioProtocol[0;39m - Initializing ProtocolHandler ["http-nio-9966"]
[31m2026-05-12 23:07:27.854[0;39m [33m[restartedMain][0;39m [34mINFO [0;39m [32morg.apache.catalina.core.StandardService[0;39m - Starting service [Tomcat]
[31m2026-05-12 23:07:27.855[0;39m [33m[restartedMain][0;39m [34mINFO [0;39m [32morg.apache.catalina.core.StandardEngine[0;39m - Starting Servlet engine: [Apache Tomcat/10.1.33]
[31m2026-05-12 23:07:27.935[0;39m [33m[restartedMain][0;39m [34mINFO [0;39m [32mo.a.c.c.ContainerBase.[Tomcat].[localhost].[/geo][0;39m - Initializing Spring embedded WebApplicationContext
[31m2026-05-12 23:07:27.936[0;39m [33m[restartedMain][0;39m [34mINFO [0;39m [32mo.s.b.w.s.c.ServletWebServerApplicationContext[0;39m - Root WebApplicationContext: initialization completed in 2273 ms
[31m2026-05-12 23:07:30.619[0;39m [33m[restartedMain][0;39m [34mINFO [0;39m [32mo.s.b.d.autoconfigure.OptionalLiveReloadServer[0;39m - LiveReload server is running on port 35729
[31m2026-05-12 23:07:30.717[0;39m [33m[restartedMain][0;39m [34mINFO [0;39m [32morg.apache.coyote.http11.Http11NioProtocol[0;39m - Starting ProtocolHandler ["http-nio-9966"]
[31m2026-05-12 23:07:30.751[0;39m [33m[restartedMain][0;39m [34mINFO [0;39m [32mo.s.boot.web.embedded.tomcat.TomcatWebServer[0;39m - Tomcat started on port 9966 (http) with context path '/geo'
[31m2026-05-12 23:07:30.803[0;39m [33m[restartedMain][0;39m [34mINFO [0;39m [32mcom.geo.dsp.GeoDspApplication[0;39m - Started GeoDspApplication in 5.695 seconds (process running for 6.362)
[31m2026-05-12 23:07:50.010[0;39m [33m[http-nio-9966-exec-1][0;39m [34mINFO [0;39m [32mo.a.c.c.ContainerBase.[Tomcat].[localhost].[/geo][0;39m - Initializing Spring DispatcherServlet 'dispatcherServlet'
[31m2026-05-12 23:07:50.011[0;39m [33m[http-nio-9966-exec-1][0;39m [34mINFO [0;39m [32morg.springframework.web.servlet.DispatcherServlet[0;39m - Initializing Servlet 'dispatcherServlet'
[31m2026-05-12 23:07:50.018[0;39m [33m[http-nio-9966-exec-1][0;39m [34mINFO [0;39m [32morg.springframework.web.servlet.DispatcherServlet[0;39m - Completed initialization in 6 ms
[31m2026-05-12 23:07:50.649[0;39m [33m[http-nio-9966-exec-1][0;39m [34mINFO [0;39m [32mcom.zaxxer.hikari.HikariDataSource[0;39m - HikariPool-1 - Starting...
[31m2026-05-12 23:07:51.322[0;39m [33m[http-nio-9966-exec-1][0;39m [34mINFO [0;39m [32mcom.zaxxer.hikari.pool.HikariPool[0;39m - HikariPool-1 - Added connection org.postgresql.jdbc.PgConnection@17b5313d
[31m2026-05-12 23:07:51.326[0;39m [33m[http-nio-9966-exec-1][0;39m [34mINFO [0;39m [32mcom.zaxxer.hikari.HikariDataSource[0;39m - HikariPool-1 - Start completed.
[31m2026-05-12 23:11:10.864[0;39m [33m[SpringApplicationShutdownHook][0;39m [34mINFO [0;39m [32mo.s.boot.web.embedded.tomcat.GracefulShutdown[0;39m - Commencing graceful shutdown. Waiting for active requests to complete
[31m2026-05-12 23:11:11.268[0;39m [33m[tomcat-shutdown][0;39m [34mINFO [0;39m [32mo.s.boot.web.embedded.tomcat.GracefulShutdown[0;39m - Graceful shutdown complete
[31m2026-05-12 23:11:11.292[0;39m [33m[SpringApplicationShutdownHook][0;39m [34mINFO [0;39m [32mcom.zaxxer.hikari.HikariDataSource[0;39m - HikariPool-1 - Shutdown initiated...
[31m2026-05-12 23:11:11.294[0;39m [33m[SpringApplicationShutdownHook][0;39m [34mINFO [0;39m [32mcom.zaxxer.hikari.HikariDataSource[0;39m - HikariPool-1 - Shutdown completed.
[31m2026-05-12 23:11:14.998[0;39m [33m[background-preinit][0;39m [34mINFO [0;39m [32morg.hibernate.validator.internal.util.Version[0;39m - HV000001: Hibernate Validator 8.0.1.Final
[31m2026-05-12 23:11:15.045[0;39m [33m[restartedMain][0;39m [34mINFO [0;39m [32mcom.geo.dsp.GeoDspApplication[0;39m - Starting GeoDspApplication using Java 17.0.17 with PID 28688 (C:\Users\22317\Desktop\bbb\geodspp\GeoDsp(1)\GeoDsp\target\classes started by 22317 in C:\Users\22317\Desktop\bbb\geodspp\GeoDsp(1))
[31m2026-05-12 23:11:15.046[0;39m [33m[restartedMain][0;39m [34mINFO [0;39m [32mcom.geo.dsp.GeoDspApplication[0;39m - No active profile set, falling back to 1 default profile: "default"
[31m2026-05-12 23:11:15.108[0;39m [33m[restartedMain][0;39m [34mINFO [0;39m [32mo.s.boot.devtools.restart.ChangeableUrls[0;39m - The Class-Path manifest attribute in C:\Users\22317\.m2\repository\com\sun\xml\bind\jaxb-core\4.0.5\jaxb-core-4.0.5.jar referenced one or more files that do not exist: file:/C:/Users/22317/.m2/repository/com/sun/xml/bind/jaxb-core/4.0.5/jakarta.activation-api.jar,file:/C:/Users/22317/.m2/repository/com/sun/xml/bind/jaxb-core/4.0.5/jakarta.xml.bind-api.jar
[31m2026-05-12 23:11:15.108[0;39m [33m[restartedMain][0;39m [34mINFO [0;39m [32mo.s.boot.devtools.restart.ChangeableUrls[0;39m - The Class-Path manifest attribute in C:\Users\22317\.m2\repository\com\sun\xml\bind\jaxb-impl\4.0.5\jaxb-impl-4.0.5.jar referenced one or more files that do not exist: file:/C:/Users/22317/.m2/repository/com/sun/xml/bind/jaxb-impl/4.0.5/jaxb-core.jar,file:/C:/Users/22317/.m2/repository/com/sun/xml/bind/jaxb-impl/4.0.5/angus-activation.jar
[31m2026-05-12 23:11:15.109[0;39m [33m[restartedMain][0;39m [34mINFO [0;39m [32mo.s.b.d.env.DevToolsPropertyDefaultsPostProcessor[0;39m - Devtools property defaults active! Set 'spring.devtools.add-properties' to 'false' to disable
[31m2026-05-12 23:11:15.109[0;39m [33m[restartedMain][0;39m [34mINFO [0;39m [32mo.s.b.d.env.DevToolsPropertyDefaultsPostProcessor[0;39m - For additional web related logging consider setting the 'logging.level.web' property to 'DEBUG'
[31m2026-05-12 23:11:17.501[0;39m [33m[restartedMain][0;39m [34mINFO [0;39m [32mo.s.boot.web.embedded.tomcat.TomcatWebServer[0;39m - Tomcat initialized with port 9966 (http)
[31m2026-05-12 23:11:17.514[0;39m [33m[restartedMain][0;39m [34mINFO [0;39m [32morg.apache.coyote.http11.Http11NioProtocol[0;39m - Initializing ProtocolHandler ["http-nio-9966"]
[31m2026-05-12 23:11:17.516[0;39m [33m[restartedMain][0;39m [34mINFO [0;39m [32morg.apache.catalina.core.StandardService[0;39m - Starting service [Tomcat]
[31m2026-05-12 23:11:17.516[0;39m [33m[restartedMain][0;39m [34mINFO [0;39m [32morg.apache.catalina.core.StandardEngine[0;39m - Starting Servlet engine: [Apache Tomcat/10.1.33]
[31m2026-05-12 23:11:17.581[0;39m [33m[restartedMain][0;39m [34mINFO [0;39m [32mo.a.c.c.ContainerBase.[Tomcat].[localhost].[/geo][0;39m - Initializing Spring embedded WebApplicationContext
[31m2026-05-12 23:11:17.582[0;39m [33m[restartedMain][0;39m [34mINFO [0;39m [32mo.s.b.w.s.c.ServletWebServerApplicationContext[0;39m - Root WebApplicationContext: initialization completed in 2473 ms
[31m2026-05-12 23:11:19.579[0;39m [33m[restartedMain][0;39m [34mINFO [0;39m [32mo.s.b.d.autoconfigure.OptionalLiveReloadServer[0;39m - LiveReload server is running on port 35729
[31m2026-05-12 23:11:19.641[0;39m [33m[restartedMain][0;39m [34mINFO [0;39m [32morg.apache.coyote.http11.Http11NioProtocol[0;39m - Starting ProtocolHandler ["http-nio-9966"]
[31m2026-05-12 23:11:19.657[0;39m [33m[restartedMain][0;39m [34mINFO [0;39m [32mo.s.boot.web.embedded.tomcat.TomcatWebServer[0;39m - Tomcat started on port 9966 (http) with context path '/geo'
[31m2026-05-12 23:11:19.679[0;39m [33m[restartedMain][0;39m [34mINFO [0;39m [32mcom.geo.dsp.GeoDspApplication[0;39m - Started GeoDspApplication in 5.114 seconds (process running for 5.774)
[31m2026-05-12 23:11:33.093[0;39m [33m[http-nio-9966-exec-1][0;39m [34mINFO [0;39m [32mo.a.c.c.ContainerBase.[Tomcat].[localhost].[/geo][0;39m - Initializing Spring DispatcherServlet 'dispatcherServlet'
[31m2026-05-12 23:11:33.097[0;39m [33m[http-nio-9966-exec-1][0;39m [34mINFO [0;39m [32morg.springframework.web.servlet.DispatcherServlet[0;39m - Initializing Servlet 'dispatcherServlet'
[31m2026-05-12 23:11:33.105[0;39m [33m[http-nio-9966-exec-1][0;39m [34mINFO [0;39m [32morg.springframework.web.servlet.DispatcherServlet[0;39m - Completed initialization in 7 ms
[31m2026-05-12 23:11:33.560[0;39m [33m[http-nio-9966-exec-1][0;39m [34mINFO [0;39m [32mcom.zaxxer.hikari.HikariDataSource[0;39m - HikariPool-1 - Starting...
[31m2026-05-12 23:11:33.911[0;39m [33m[http-nio-9966-exec-1][0;39m [34mINFO [0;39m [32mcom.zaxxer.hikari.pool.HikariPool[0;39m - HikariPool-1 - Added connection org.postgresql.jdbc.PgConnection@2fe9bdcf
[31m2026-05-12 23:11:33.916[0;39m [33m[http-nio-9966-exec-1][0;39m [34mINFO [0;39m [32mcom.zaxxer.hikari.HikariDataSource[0;39m - HikariPool-1 - Start completed.
[31m2026-05-12 23:12:48.763[0;39m [33m[SpringApplicationShutdownHook][0;39m [34mINFO [0;39m [32mo.s.boot.web.embedded.tomcat.GracefulShutdown[0;39m - Commencing graceful shutdown. Waiting for active requests to complete
[31m2026-05-12 23:12:49.155[0;39m [33m[tomcat-shutdown][0;39m [34mINFO [0;39m [32mo.s.boot.web.embedded.tomcat.GracefulShutdown[0;39m - Graceful shutdown complete
[31m2026-05-12 23:12:49.204[0;39m [33m[SpringApplicationShutdownHook][0;39m [34mINFO [0;39m [32mcom.zaxxer.hikari.HikariDataSource[0;39m - HikariPool-1 - Shutdown initiated...
[31m2026-05-12 23:12:49.206[0;39m [33m[SpringApplicationShutdownHook][0;39m [34mINFO [0;39m [32mcom.zaxxer.hikari.HikariDataSource[0;39m - HikariPool-1 - Shutdown completed.
[31m2026-05-12 23:12:52.689[0;39m [33m[background-preinit][0;39m [34mINFO [0;39m [32morg.hibernate.validator.internal.util.Version[0;39m - HV000001: Hibernate Validator 8.0.1.Final
[31m2026-05-12 23:12:52.745[0;39m [33m[restartedMain][0;39m [34mINFO [0;39m [32mcom.geo.dsp.GeoDspApplication[0;39m - Starting GeoDspApplication using Java 17.0.17 with PID 32968 (C:\Users\22317\Desktop\bbb\geodspp\GeoDsp(1)\GeoDsp\target\classes started by 22317 in C:\Users\22317\Desktop\bbb\geodspp\GeoDsp(1))
[31m2026-05-12 23:12:52.748[0;39m [33m[restartedMain][0;39m [34mINFO [0;39m [32mcom.geo.dsp.GeoDspApplication[0;39m - No active profile set, falling back to 1 default profile: "default"
[31m2026-05-12 23:12:52.801[0;39m [33m[restartedMain][0;39m [34mINFO [0;39m [32mo.s.boot.devtools.restart.ChangeableUrls[0;39m - The Class-Path manifest attribute in C:\Users\22317\.m2\repository\com\sun\xml\bind\jaxb-core\4.0.5\jaxb-core-4.0.5.jar referenced one or more files that do not exist: file:/C:/Users/22317/.m2/repository/com/sun/xml/bind/jaxb-core/4.0.5/jakarta.activation-api.jar,file:/C:/Users/22317/.m2/repository/com/sun/xml/bind/jaxb-core/4.0.5/jakarta.xml.bind-api.jar
[31m2026-05-12 23:12:52.801[0;39m [33m[restartedMain][0;39m [34mINFO [0;39m [32mo.s.boot.devtools.restart.ChangeableUrls[0;39m - The Class-Path manifest attribute in C:\Users\22317\.m2\repository\com\sun\xml\bind\jaxb-impl\4.0.5\jaxb-impl-4.0.5.jar referenced one or more files that do not exist: file:/C:/Users/22317/.m2/repository/com/sun/xml/bind/jaxb-impl/4.0.5/jaxb-core.jar,file:/C:/Users/22317/.m2/repository/com/sun/xml/bind/jaxb-impl/4.0.5/angus-activation.jar
[31m2026-05-12 23:12:52.801[0;39m [33m[restartedMain][0;39m [34mINFO [0;39m [32mo.s.b.d.env.DevToolsPropertyDefaultsPostProcessor[0;39m - Devtools property defaults active! Set 'spring.devtools.add-properties' to 'false' to disable
[31m2026-05-12 23:12:52.801[0;39m [33m[restartedMain][0;39m [34mINFO [0;39m [32mo.s.b.d.env.DevToolsPropertyDefaultsPostProcessor[0;39m - For additional web related logging consider setting the 'logging.level.web' property to 'DEBUG'
[31m2026-05-12 23:12:54.611[0;39m [33m[restartedMain][0;39m [34mINFO [0;39m [32mo.s.boot.web.embedded.tomcat.TomcatWebServer[0;39m - Tomcat initialized with port 9966 (http)
[31m2026-05-12 23:12:54.624[0;39m [33m[restartedMain][0;39m [34mINFO [0;39m [32morg.apache.coyote.http11.Http11NioProtocol[0;39m - Initializing ProtocolHandler ["http-nio-9966"]
[31m2026-05-12 23:12:54.625[0;39m [33m[restartedMain][0;39m [34mINFO [0;39m [32morg.apache.catalina.core.StandardService[0;39m - Starting service [Tomcat]
[31m2026-05-12 23:12:54.626[0;39m [33m[restartedMain][0;39m [34mINFO [0;39m [32morg.apache.catalina.core.StandardEngine[0;39m - Starting Servlet engine: [Apache Tomcat/10.1.33]
[31m2026-05-12 23:12:54.699[0;39m [33m[restartedMain][0;39m [34mINFO [0;39m [32mo.a.c.c.ContainerBase.[Tomcat].[localhost].[/geo][0;39m - Initializing Spring embedded WebApplicationContext
[31m2026-05-12 23:12:54.699[0;39m [33m[restartedMain][0;39m [34mINFO [0;39m [32mo.s.b.w.s.c.ServletWebServerApplicationContext[0;39m - Root WebApplicationContext: initialization completed in 1897 ms
[31m2026-05-12 23:12:56.785[0;39m [33m[restartedMain][0;39m [34mINFO [0;39m [32mo.s.b.d.autoconfigure.OptionalLiveReloadServer[0;39m - LiveReload server is running on port 35729
[31m2026-05-12 23:12:56.849[0;39m [33m[restartedMain][0;39m [34mINFO [0;39m [32morg.apache.coyote.http11.Http11NioProtocol[0;39m - Starting ProtocolHandler ["http-nio-9966"]
[31m2026-05-12 23:12:56.864[0;39m [33m[restartedMain][0;39m [34mINFO [0;39m [32mo.s.boot.web.embedded.tomcat.TomcatWebServer[0;39m - Tomcat started on port 9966 (http) with context path '/geo'
[31m2026-05-12 23:12:56.891[0;39m [33m[restartedMain][0;39m [34mINFO [0;39m [32mcom.geo.dsp.GeoDspApplication[0;39m - Started GeoDspApplication in 4.629 seconds (process running for 5.263)
[31m2026-05-12 23:13:42.392[0;39m [33m[http-nio-9966-exec-2][0;39m [34mINFO [0;39m [32mo.a.c.c.ContainerBase.[Tomcat].[localhost].[/geo][0;39m - Initializing Spring DispatcherServlet 'dispatcherServlet'
[31m2026-05-12 23:13:42.393[0;39m [33m[http-nio-9966-exec-2][0;39m [34mINFO [0;39m [32morg.springframework.web.servlet.DispatcherServlet[0;39m - Initializing Servlet 'dispatcherServlet'
[31m2026-05-12 23:13:42.398[0;39m [33m[http-nio-9966-exec-2][0;39m [34mINFO [0;39m [32morg.springframework.web.servlet.DispatcherServlet[0;39m - Completed initialization in 5 ms
[31m2026-05-12 23:13:42.826[0;39m [33m[http-nio-9966-exec-2][0;39m [34mINFO [0;39m [32mcom.zaxxer.hikari.HikariDataSource[0;39m - HikariPool-1 - Starting...
[31m2026-05-12 23:13:43.143[0;39m [33m[http-nio-9966-exec-2][0;39m [34mINFO [0;39m [32mcom.zaxxer.hikari.pool.HikariPool[0;39m - HikariPool-1 - Added connection org.postgresql.jdbc.PgConnection@5474a39f
[31m2026-05-12 23:13:43.147[0;39m [33m[http-nio-9966-exec-2][0;39m [34mINFO [0;39m [32mcom.zaxxer.hikari.HikariDataSource[0;39m - HikariPool-1 - Start completed.
[31m2026-05-12 23:31:12.550[0;39m [33m[SpringApplicationShutdownHook][0;39m [34mINFO [0;39m [32mo.s.boot.web.embedded.tomcat.GracefulShutdown[0;39m - Commencing graceful shutdown. Waiting for active requests to complete
[31m2026-05-12 23:31:13.132[0;39m [33m[tomcat-shutdown][0;39m [34mINFO [0;39m [32mo.s.boot.web.embedded.tomcat.GracefulShutdown[0;39m - Graceful shutdown complete
[31m2026-05-12 23:31:13.166[0;39m [33m[SpringApplicationShutdownHook][0;39m [34mINFO [0;39m [32mcom.zaxxer.hikari.HikariDataSource[0;39m - HikariPool-1 - Shutdown initiated...
[31m2026-05-12 23:31:13.169[0;39m [33m[SpringApplicationShutdownHook][0;39m [34mINFO [0;39m [32mcom.zaxxer.hikari.HikariDataSource[0;39m - HikariPool-1 - Shutdown completed.
[31m2026-05-12 23:31:16.486[0;39m [33m[background-preinit][0;39m [34mINFO [0;39m [32morg.hibernate.validator.internal.util.Version[0;39m - HV000001: Hibernate Validator 8.0.1.Final
[31m2026-05-12 23:31:16.533[0;39m [33m[restartedMain][0;39m [34mINFO [0;39m [32mcom.geo.dsp.GeoDspApplication[0;39m - Starting GeoDspApplication using Java 17.0.17 with PID 12204 (C:\Users\22317\Desktop\bbb\geodspp\GeoDsp(1)\GeoDsp\target\classes started by 22317 in C:\Users\22317\Desktop\bbb\geodspp\GeoDsp(1))
[31m2026-05-12 23:31:16.535[0;39m [33m[restartedMain][0;39m [34mINFO [0;39m [32mcom.geo.dsp.GeoDspApplication[0;39m - No active profile set, falling back to 1 default profile: "default"
[31m2026-05-12 23:31:16.584[0;39m [33m[restartedMain][0;39m [34mINFO [0;39m [32mo.s.boot.devtools.restart.ChangeableUrls[0;39m - The Class-Path manifest attribute in C:\Users\22317\.m2\repository\com\sun\xml\bind\jaxb-core\4.0.5\jaxb-core-4.0.5.jar referenced one or more files that do not exist: file:/C:/Users/22317/.m2/repository/com/sun/xml/bind/jaxb-core/4.0.5/jakarta.activation-api.jar,file:/C:/Users/22317/.m2/repository/com/sun/xml/bind/jaxb-core/4.0.5/jakarta.xml.bind-api.jar
[31m2026-05-12 23:31:16.585[0;39m [33m[restartedMain][0;39m [34mINFO [0;39m [32mo.s.boot.devtools.restart.ChangeableUrls[0;39m - The Class-Path manifest attribute in C:\Users\22317\.m2\repository\com\sun\xml\bind\jaxb-impl\4.0.5\jaxb-impl-4.0.5.jar referenced one or more files that do not exist: file:/C:/Users/22317/.m2/repository/com/sun/xml/bind/jaxb-impl/4.0.5/jaxb-core.jar,file:/C:/Users/22317/.m2/repository/com/sun/xml/bind/jaxb-impl/4.0.5/angus-activation.jar
[31m2026-05-12 23:31:16.585[0;39m [33m[restartedMain][0;39m [34mINFO [0;39m [32mo.s.b.d.env.DevToolsPropertyDefaultsPostProcessor[0;39m - Devtools property defaults active! Set 'spring.devtools.add-properties' to 'false' to disable
[31m2026-05-12 23:31:16.585[0;39m [33m[restartedMain][0;39m [34mINFO [0;39m [32mo.s.b.d.env.DevToolsPropertyDefaultsPostProcessor[0;39m - For additional web related logging consider setting the 'logging.level.web' property to 'DEBUG'
[31m2026-05-12 23:31:20.474[0;39m [33m[restartedMain][0;39m [34mINFO [0;39m [32mo.s.boot.web.embedded.tomcat.TomcatWebServer[0;39m - Tomcat initialized with port 9966 (http)
[31m2026-05-12 23:31:20.515[0;39m [33m[restartedMain][0;39m [34mINFO [0;39m [32morg.apache.coyote.http11.Http11NioProtocol[0;39m - Initializing ProtocolHandler ["http-nio-9966"]
[31m2026-05-12 23:31:20.521[0;39m [33m[restartedMain][0;39m [34mINFO [0;39m [32morg.apache.catalina.core.StandardService[0;39m - Starting service [Tomcat]
[31m2026-05-12 23:31:20.522[0;39m [33m[restartedMain][0;39m [34mINFO [0;39m [32morg.apache.catalina.core.StandardEngine[0;39m - Starting Servlet engine: [Apache Tomcat/10.1.33]
[31m2026-05-12 23:31:20.770[0;39m [33m[restartedMain][0;39m [34mINFO [0;39m [32mo.a.c.c.ContainerBase.[Tomcat].[localhost].[/geo][0;39m - Initializing Spring embedded WebApplicationContext
[31m2026-05-12 23:31:20.770[0;39m [33m[restartedMain][0;39m [34mINFO [0;39m [32mo.s.b.w.s.c.ServletWebServerApplicationContext[0;39m - Root WebApplicationContext: initialization completed in 4184 ms
[31m2026-05-12 23:31:26.425[0;39m [33m[restartedMain][0;39m [34mINFO [0;39m [32mo.s.b.d.autoconfigure.OptionalLiveReloadServer[0;39m - LiveReload server is running on port 35729
[31m2026-05-12 23:31:26.625[0;39m [33m[restartedMain][0;39m [34mINFO [0;39m [32morg.apache.coyote.http11.Http11NioProtocol[0;39m - Starting ProtocolHandler ["http-nio-9966"]
[31m2026-05-12 23:31:53.879[0;39m [33m[background-preinit][0;39m [34mINFO [0;39m [32morg.hibernate.validator.internal.util.Version[0;39m - HV000001: Hibernate Validator 8.0.1.Final
[31m2026-05-12 23:31:53.945[0;39m [33m[restartedMain][0;39m [34mINFO [0;39m [32mcom.geo.dsp.GeoDspApplication[0;39m - Starting GeoDspApplication using Java 17.0.17 with PID 44256 (C:\Users\22317\Desktop\bbb\geodspp\GeoDsp(1)\GeoDsp\target\classes started by 22317 in C:\Users\22317\Desktop\bbb\geodspp\GeoDsp(1))
[31m2026-05-12 23:31:53.947[0;39m [33m[restartedMain][0;39m [34mINFO [0;39m [32mcom.geo.dsp.GeoDspApplication[0;39m - No active profile set, falling back to 1 default profile: "default"
[31m2026-05-12 23:31:54.002[0;39m [33m[restartedMain][0;39m [34mINFO [0;39m [32mo.s.boot.devtools.restart.ChangeableUrls[0;39m - The Class-Path manifest attribute in C:\Users\22317\.m2\repository\com\sun\xml\bind\jaxb-core\4.0.5\jaxb-core-4.0.5.jar referenced one or more files that do not exist: file:/C:/Users/22317/.m2/repository/com/sun/xml/bind/jaxb-core/4.0.5/jakarta.activation-api.jar,file:/C:/Users/22317/.m2/repository/com/sun/xml/bind/jaxb-core/4.0.5/jakarta.xml.bind-api.jar
[31m2026-05-12 23:31:54.002[0;39m [33m[restartedMain][0;39m [34mINFO [0;39m [32mo.s.boot.devtools.restart.ChangeableUrls[0;39m - The Class-Path manifest attribute in C:\Users\22317\.m2\repository\com\sun\xml\bind\jaxb-impl\4.0.5\jaxb-impl-4.0.5.jar referenced one or more files that do not exist: file:/C:/Users/22317/.m2/repository/com/sun/xml/bind/jaxb-impl/4.0.5/jaxb-core.jar,file:/C:/Users/22317/.m2/repository/com/sun/xml/bind/jaxb-impl/4.0.5/angus-activation.jar
[31m2026-05-12 23:31:54.002[0;39m [33m[restartedMain][0;39m [34mINFO [0;39m [32mo.s.b.d.env.DevToolsPropertyDefaultsPostProcessor[0;39m - Devtools property defaults active! Set 'spring.devtools.add-properties' to 'false' to disable
[31m2026-05-12 23:31:54.002[0;39m [33m[restartedMain][0;39m [34mINFO [0;39m [32mo.s.b.d.env.DevToolsPropertyDefaultsPostProcessor[0;39m - For additional web related logging consider setting the 'logging.level.web' property to 'DEBUG'
[31m2026-05-12 23:31:55.926[0;39m [33m[restartedMain][0;39m [34mINFO [0;39m [32mo.s.boot.web.embedded.tomcat.TomcatWebServer[0;39m - Tomcat initialized with port 9966 (http)
[31m2026-05-12 23:31:55.939[0;39m [33m[restartedMain][0;39m [34mINFO [0;39m [32morg.apache.coyote.http11.Http11NioProtocol[0;39m - Initializing ProtocolHandler ["http-nio-9966"]
[31m2026-05-12 23:31:55.940[0;39m [33m[restartedMain][0;39m [34mINFO [0;39m [32morg.apache.catalina.core.StandardService[0;39m - Starting service [Tomcat]
[31m2026-05-12 23:31:55.941[0;39m [33m[restartedMain][0;39m [34mINFO [0;39m [32morg.apache.catalina.core.StandardEngine[0;39m - Starting Servlet engine: [Apache Tomcat/10.1.33]
[31m2026-05-12 23:31:55.999[0;39m [33m[restartedMain][0;39m [34mINFO [0;39m [32mo.a.c.c.ContainerBase.[Tomcat].[localhost].[/geo][0;39m - Initializing Spring embedded WebApplicationContext
[31m2026-05-12 23:31:56.000[0;39m [33m[restartedMain][0;39m [34mINFO [0;39m [32mo.s.b.w.s.c.ServletWebServerApplicationContext[0;39m - Root WebApplicationContext: initialization completed in 1997 ms
[31m2026-05-12 23:31:58.106[0;39m [33m[restartedMain][0;39m [34mINFO [0;39m [32mo.s.b.d.autoconfigure.OptionalLiveReloadServer[0;39m - LiveReload server is running on port 35729
[31m2026-05-12 23:31:58.181[0;39m [33m[restartedMain][0;39m [34mINFO [0;39m [32morg.apache.coyote.http11.Http11NioProtocol[0;39m - Starting ProtocolHandler ["http-nio-9966"]
[31m2026-05-12 23:31:58.199[0;39m [33m[restartedMain][0;39m [34mINFO [0;39m [32mo.s.boot.web.embedded.tomcat.TomcatWebServer[0;39m - Tomcat started on port 9966 (http) with context path '/geo'
[31m2026-05-12 23:31:58.227[0;39m [33m[restartedMain][0;39m [34mINFO [0;39m [32mcom.geo.dsp.GeoDspApplication[0;39m - Started GeoDspApplication in 4.762 seconds (process running for 5.412)
[31m2026-05-12 23:32:13.272[0;39m [33m[http-nio-9966-exec-1][0;39m [34mINFO [0;39m [32mo.a.c.c.ContainerBase.[Tomcat].[localhost].[/geo][0;39m - Initializing Spring DispatcherServlet 'dispatcherServlet'
[31m2026-05-12 23:32:13.273[0;39m [33m[http-nio-9966-exec-1][0;39m [34mINFO [0;39m [32morg.springframework.web.servlet.DispatcherServlet[0;39m - Initializing Servlet 'dispatcherServlet'
[31m2026-05-12 23:32:13.278[0;39m [33m[http-nio-9966-exec-1][0;39m [34mINFO [0;39m [32morg.springframework.web.servlet.DispatcherServlet[0;39m - Completed initialization in 5 ms
[31m2026-05-12 23:32:13.853[0;39m [33m[http-nio-9966-exec-1][0;39m [34mINFO [0;39m [32mcom.zaxxer.hikari.HikariDataSource[0;39m - HikariPool-1 - Starting...
[31m2026-05-12 23:32:14.630[0;39m [33m[http-nio-9966-exec-1][0;39m [34mINFO [0;39m [32mcom.zaxxer.hikari.pool.HikariPool[0;39m - HikariPool-1 - Added connection org.postgresql.jdbc.PgConnection@17b5313d
[31m2026-05-12 23:32:14.637[0;39m [33m[http-nio-9966-exec-1][0;39m [34mINFO [0;39m [32mcom.zaxxer.hikari.HikariDataSource[0;39m - HikariPool-1 - Start completed.
[31m2026-05-12 23:37:06.318[0;39m [33m[SpringApplicationShutdownHook][0;39m [34mINFO [0;39m [32mo.s.boot.web.embedded.tomcat.GracefulShutdown[0;39m - Commencing graceful shutdown. Waiting for active requests to complete
[31m2026-05-12 23:37:06.717[0;39m [33m[tomcat-shutdown][0;39m [34mINFO [0;39m [32mo.s.boot.web.embedded.tomcat.GracefulShutdown[0;39m - Graceful shutdown complete
[31m2026-05-12 23:37:06.747[0;39m [33m[SpringApplicationShutdownHook][0;39m [34mINFO [0;39m [32mcom.zaxxer.hikari.HikariDataSource[0;39m - HikariPool-1 - Shutdown initiated...
[31m2026-05-12 23:37:06.750[0;39m [33m[SpringApplicationShutdownHook][0;39m [34mINFO [0;39m [32mcom.zaxxer.hikari.HikariDataSource[0;39m - HikariPool-1 - Shutdown completed.
