[31m2026-06-03 14:37:35.806[0;39m [33m[http-nio-9966-exec-6][0;39m [34mINFO [0;39m [32mc.g.dsp.module.login.service.impl.LoginServiceImpl[0;39m - 用户 test001 登录成功
[31m2026-06-03 14:44:14.631[0;39m [33m[http-nio-9966-exec-7][0;39m [34mINFO [0;39m [32mc.g.dsp.module.login.service.impl.LoginServiceImpl[0;39m - 用户 test_observer 登录成功
[31m2026-06-03 14:45:36.134[0;39m [33m[background-preinit][0;39m [34mINFO [0;39m [32morg.hibernate.validator.internal.util.Version[0;39m - HV000001: Hibernate Validator 8.0.1.Final
[31m2026-06-03 14:45:36.172[0;39m [33m[restartedMain][0;39m [34mINFO [0;39m [32mcom.geo.dsp.GeoDspApplication[0;39m - Starting GeoDspApplication using Java 17.0.17 with PID 148856 (C:\Users\22317\Desktop\bbb\geodspp\GeoDsp(1)\GeoDsp\target\classes started by 22317 in C:\Users\22317\Desktop\bbb\geodspp\GeoDsp(1))
[31m2026-06-03 14:45:36.173[0;39m [33m[restartedMain][0;39m [34mINFO [0;39m [32mcom.geo.dsp.GeoDspApplication[0;39m - No active profile set, falling back to 1 default profile: "default"
[31m2026-06-03 14:45:36.215[0;39m [33m[restartedMain][0;39m [34mINFO [0;39m [32mo.s.boot.devtools.restart.ChangeableUrls[0;39m - The Class-Path manifest attribute in C:\Users\22317\.m2\repository\com\sun\xml\bind\jaxb-core\4.0.5\jaxb-core-4.0.5.jar referenced one or more files that do not exist: file:/C:/Users/22317/.m2/repository/com/sun/xml/bind/jaxb-core/4.0.5/jakarta.activation-api.jar,file:/C:/Users/22317/.m2/repository/com/sun/xml/bind/jaxb-core/4.0.5/jakarta.xml.bind-api.jar
[31m2026-06-03 14:45:36.215[0;39m [33m[restartedMain][0;39m [34mINFO [0;39m [32mo.s.boot.devtools.restart.ChangeableUrls[0;39m - The Class-Path manifest attribute in C:\Users\22317\.m2\repository\com\sun\xml\bind\jaxb-impl\4.0.5\jaxb-impl-4.0.5.jar referenced one or more files that do not exist: file:/C:/Users/22317/.m2/repository/com/sun/xml/bind/jaxb-impl/4.0.5/jaxb-core.jar,file:/C:/Users/22317/.m2/repository/com/sun/xml/bind/jaxb-impl/4.0.5/angus-activation.jar
[31m2026-06-03 14:45:36.215[0;39m [33m[restartedMain][0;39m [34mINFO [0;39m [32mo.s.b.d.env.DevToolsPropertyDefaultsPostProcessor[0;39m - Devtools property defaults active! Set 'spring.devtools.add-properties' to 'false' to disable
[31m2026-06-03 14:45:36.215[0;39m [33m[restartedMain][0;39m [34mINFO [0;39m [32mo.s.b.d.env.DevToolsPropertyDefaultsPostProcessor[0;39m - For additional web related logging consider setting the 'logging.level.web' property to 'DEBUG'
[31m2026-06-03 14:45:37.807[0;39m [33m[restartedMain][0;39m [34mINFO [0;39m [32mo.s.boot.web.embedded.tomcat.TomcatWebServer[0;39m - Tomcat initialized with port 9966 (http)
[31m2026-06-03 14:45:37.817[0;39m [33m[restartedMain][0;39m [34mINFO [0;39m [32morg.apache.coyote.http11.Http11NioProtocol[0;39m - Initializing ProtocolHandler ["http-nio-9966"]
[31m2026-06-03 14:45:37.818[0;39m [33m[restartedMain][0;39m [34mINFO [0;39m [32morg.apache.catalina.core.StandardService[0;39m - Starting service [Tomcat]
[31m2026-06-03 14:45:37.818[0;39m [33m[restartedMain][0;39m [34mINFO [0;39m [32morg.apache.catalina.core.StandardEngine[0;39m - Starting Servlet engine: [Apache Tomcat/10.1.33]
[31m2026-06-03 14:45:37.864[0;39m [33m[restartedMain][0;39m [34mINFO [0;39m [32mo.a.c.c.ContainerBase.[Tomcat].[localhost].[/geo][0;39m - Initializing Spring embedded WebApplicationContext
[31m2026-06-03 14:45:37.864[0;39m [33m[restartedMain][0;39m [34mINFO [0;39m [32mo.s.b.w.s.c.ServletWebServerApplicationContext[0;39m - Root WebApplicationContext: initialization completed in 1649 ms
[31m2026-06-03 14:45:39.272[0;39m [33m[restartedMain][0;39m [34mINFO [0;39m [32mo.s.b.d.autoconfigure.OptionalLiveReloadServer[0;39m - LiveReload server is running on port 35729
[31m2026-06-03 14:45:39.310[0;39m [33m[restartedMain][0;39m [34mINFO [0;39m [32morg.apache.coyote.http11.Http11NioProtocol[0;39m - Starting ProtocolHandler ["http-nio-9966"]
[31m2026-06-03 14:46:22.244[0;39m [33m[background-preinit][0;39m [34mINFO [0;39m [32morg.hibernate.validator.internal.util.Version[0;39m - HV000001: Hibernate Validator 8.0.1.Final
[31m2026-06-03 14:46:22.276[0;39m [33m[restartedMain][0;39m [34mINFO [0;39m [32mcom.geo.dsp.GeoDspApplication[0;39m - Starting GeoDspApplication using Java 17.0.17 with PID 147636 (C:\Users\22317\Desktop\bbb\geodspp\GeoDsp(1)\GeoDsp\target\classes started by 22317 in C:\Users\22317\Desktop\bbb\geodspp\GeoDsp(1))
[31m2026-06-03 14:46:22.277[0;39m [33m[restartedMain][0;39m [34mINFO [0;39m [32mcom.geo.dsp.GeoDspApplication[0;39m - No active profile set, falling back to 1 default profile: "default"
[31m2026-06-03 14:46:22.307[0;39m [33m[restartedMain][0;39m [34mINFO [0;39m [32mo.s.boot.devtools.restart.ChangeableUrls[0;39m - The Class-Path manifest attribute in C:\Users\22317\.m2\repository\com\sun\xml\bind\jaxb-core\4.0.5\jaxb-core-4.0.5.jar referenced one or more files that do not exist: file:/C:/Users/22317/.m2/repository/com/sun/xml/bind/jaxb-core/4.0.5/jakarta.activation-api.jar,file:/C:/Users/22317/.m2/repository/com/sun/xml/bind/jaxb-core/4.0.5/jakarta.xml.bind-api.jar
[31m2026-06-03 14:46:22.307[0;39m [33m[restartedMain][0;39m [34mINFO [0;39m [32mo.s.boot.devtools.restart.ChangeableUrls[0;39m - The Class-Path manifest attribute in C:\Users\22317\.m2\repository\com\sun\xml\bind\jaxb-impl\4.0.5\jaxb-impl-4.0.5.jar referenced one or more files that do not exist: file:/C:/Users/22317/.m2/repository/com/sun/xml/bind/jaxb-impl/4.0.5/jaxb-core.jar,file:/C:/Users/22317/.m2/repository/com/sun/xml/bind/jaxb-impl/4.0.5/angus-activation.jar
[31m2026-06-03 14:46:22.307[0;39m [33m[restartedMain][0;39m [34mINFO [0;39m [32mo.s.b.d.env.DevToolsPropertyDefaultsPostProcessor[0;39m - Devtools property defaults active! Set 'spring.devtools.add-properties' to 'false' to disable
[31m2026-06-03 14:46:22.307[0;39m [33m[restartedMain][0;39m [34mINFO [0;39m [32mo.s.b.d.env.DevToolsPropertyDefaultsPostProcessor[0;39m - For additional web related logging consider setting the 'logging.level.web' property to 'DEBUG'
[31m2026-06-03 14:46:23.461[0;39m [33m[restartedMain][0;39m [34mINFO [0;39m [32mo.s.boot.web.embedded.tomcat.TomcatWebServer[0;39m - Tomcat initialized with port 9966 (http)
[31m2026-06-03 14:46:23.472[0;39m [33m[restartedMain][0;39m [34mINFO [0;39m [32morg.apache.coyote.http11.Http11NioProtocol[0;39m - Initializing ProtocolHandler ["http-nio-9966"]
[31m2026-06-03 14:46:23.474[0;39m [33m[restartedMain][0;39m [34mINFO [0;39m [32morg.apache.catalina.core.StandardService[0;39m - Starting service [Tomcat]
[31m2026-06-03 14:46:23.474[0;39m [33m[restartedMain][0;39m [34mINFO [0;39m [32morg.apache.catalina.core.StandardEngine[0;39m - Starting Servlet engine: [Apache Tomcat/10.1.33]
[31m2026-06-03 14:46:23.525[0;39m [33m[restartedMain][0;39m [34mINFO [0;39m [32mo.a.c.c.ContainerBase.[Tomcat].[localhost].[/geo][0;39m - Initializing Spring embedded WebApplicationContext
[31m2026-06-03 14:46:23.525[0;39m [33m[restartedMain][0;39m [34mINFO [0;39m [32mo.s.b.w.s.c.ServletWebServerApplicationContext[0;39m - Root WebApplicationContext: initialization completed in 1217 ms
[31m2026-06-03 14:46:24.817[0;39m [33m[restartedMain][0;39m [34mINFO [0;39m [32mo.s.b.d.autoconfigure.OptionalLiveReloadServer[0;39m - LiveReload server is running on port 35729
[31m2026-06-03 14:46:24.864[0;39m [33m[restartedMain][0;39m [34mINFO [0;39m [32morg.apache.coyote.http11.Http11NioProtocol[0;39m - Starting ProtocolHandler ["http-nio-9966"]
[31m2026-06-03 14:48:24.963[0;39m [33m[background-preinit][0;39m [34mINFO [0;39m [32morg.hibernate.validator.internal.util.Version[0;39m - HV000001: Hibernate Validator 8.0.1.Final
[31m2026-06-03 14:48:25.047[0;39m [33m[main][0;39m [34mINFO [0;39m [32mcom.geo.dsp.GeoDspApplication[0;39m - Starting GeoDspApplication v0.0.1-SNAPSHOT using Java 17.0.18 with PID 141172 (C:\Users\22317\Desktop\bbb\geodspp\GeoDsp(1)\GeoDsp\target\dsp-0.0.1-SNAPSHOT.jar started by 22317 in C:\Users\22317\Desktop\bbb\geodspp\GeoDsp(1))
[31m2026-06-03 14:48:25.050[0;39m [33m[main][0;39m [34mINFO [0;39m [32mcom.geo.dsp.GeoDspApplication[0;39m - No active profile set, falling back to 1 default profile: "default"
[31m2026-06-03 14:48:27.252[0;39m [33m[main][0;39m [34mINFO [0;39m [32mo.s.boot.web.embedded.tomcat.TomcatWebServer[0;39m - Tomcat initialized with port 9966 (http)
[31m2026-06-03 14:48:27.272[0;39m [33m[main][0;39m [34mINFO [0;39m [32morg.apache.coyote.http11.Http11NioProtocol[0;39m - Initializing ProtocolHandler ["http-nio-9966"]
[31m2026-06-03 14:48:27.276[0;39m [33m[main][0;39m [34mINFO [0;39m [32morg.apache.catalina.core.StandardService[0;39m - Starting service [Tomcat]
[31m2026-06-03 14:48:27.276[0;39m [33m[main][0;39m [34mINFO [0;39m [32morg.apache.catalina.core.StandardEngine[0;39m - Starting Servlet engine: [Apache Tomcat/10.1.33]
[31m2026-06-03 14:48:27.327[0;39m [33m[main][0;39m [34mINFO [0;39m [32mo.a.c.c.ContainerBase.[Tomcat].[localhost].[/geo][0;39m - Initializing Spring embedded WebApplicationContext
[31m2026-06-03 14:48:27.327[0;39m [33m[main][0;39m [34mINFO [0;39m [32mo.s.b.w.s.c.ServletWebServerApplicationContext[0;39m - Root WebApplicationContext: initialization completed in 2209 ms
[31m2026-06-03 14:48:30.450[0;39m [33m[main][0;39m [34mINFO [0;39m [32morg.apache.coyote.http11.Http11NioProtocol[0;39m - Starting ProtocolHandler ["http-nio-9966"]
[31m2026-06-03 14:48:30.491[0;39m [33m[main][0;39m [34mINFO [0;39m [32mo.s.boot.web.embedded.tomcat.TomcatWebServer[0;39m - Tomcat started on port 9966 (http) with context path '/geo'
[31m2026-06-03 14:48:30.520[0;39m [33m[main][0;39m [34mINFO [0;39m [32mcom.geo.dsp.GeoDspApplication[0;39m - Started GeoDspApplication in 6.182 seconds (process running for 6.827)
[31m2026-06-03 14:48:38.765[0;39m [33m[background-preinit][0;39m [34mINFO [0;39m [32morg.hibernate.validator.internal.util.Version[0;39m - HV000001: Hibernate Validator 8.0.1.Final
[31m2026-06-03 14:48:38.797[0;39m [33m[restartedMain][0;39m [34mINFO [0;39m [32mcom.geo.dsp.GeoDspApplication[0;39m - Starting GeoDspApplication using Java 17.0.17 with PID 147028 (C:\Users\22317\Desktop\bbb\geodspp\GeoDsp(1)\GeoDsp\target\classes started by 22317 in C:\Users\22317\Desktop\bbb\geodspp\GeoDsp(1))
[31m2026-06-03 14:48:38.798[0;39m [33m[restartedMain][0;39m [34mINFO [0;39m [32mcom.geo.dsp.GeoDspApplication[0;39m - No active profile set, falling back to 1 default profile: "default"
[31m2026-06-03 14:48:38.832[0;39m [33m[restartedMain][0;39m [34mINFO [0;39m [32mo.s.boot.devtools.restart.ChangeableUrls[0;39m - The Class-Path manifest attribute in C:\Users\22317\.m2\repository\com\sun\xml\bind\jaxb-core\4.0.5\jaxb-core-4.0.5.jar referenced one or more files that do not exist: file:/C:/Users/22317/.m2/repository/com/sun/xml/bind/jaxb-core/4.0.5/jakarta.activation-api.jar,file:/C:/Users/22317/.m2/repository/com/sun/xml/bind/jaxb-core/4.0.5/jakarta.xml.bind-api.jar
[31m2026-06-03 14:48:38.832[0;39m [33m[restartedMain][0;39m [34mINFO [0;39m [32mo.s.boot.devtools.restart.ChangeableUrls[0;39m - The Class-Path manifest attribute in C:\Users\22317\.m2\repository\com\sun\xml\bind\jaxb-impl\4.0.5\jaxb-impl-4.0.5.jar referenced one or more files that do not exist: file:/C:/Users/22317/.m2/repository/com/sun/xml/bind/jaxb-impl/4.0.5/jaxb-core.jar,file:/C:/Users/22317/.m2/repository/com/sun/xml/bind/jaxb-impl/4.0.5/angus-activation.jar
[31m2026-06-03 14:48:38.832[0;39m [33m[restartedMain][0;39m [34mINFO [0;39m [32mo.s.b.d.env.DevToolsPropertyDefaultsPostProcessor[0;39m - Devtools property defaults active! Set 'spring.devtools.add-properties' to 'false' to disable
[31m2026-06-03 14:48:38.832[0;39m [33m[restartedMain][0;39m [34mINFO [0;39m [32mo.s.b.d.env.DevToolsPropertyDefaultsPostProcessor[0;39m - For additional web related logging consider setting the 'logging.level.web' property to 'DEBUG'
[31m2026-06-03 14:48:40.076[0;39m [33m[restartedMain][0;39m [34mINFO [0;39m [32mo.s.boot.web.embedded.tomcat.TomcatWebServer[0;39m - Tomcat initialized with port 9966 (http)
[31m2026-06-03 14:48:40.085[0;39m [33m[restartedMain][0;39m [34mINFO [0;39m [32morg.apache.coyote.http11.Http11NioProtocol[0;39m - Initializing ProtocolHandler ["http-nio-9966"]
[31m2026-06-03 14:48:40.086[0;39m [33m[restartedMain][0;39m [34mINFO [0;39m [32morg.apache.catalina.core.StandardService[0;39m - Starting service [Tomcat]
[31m2026-06-03 14:48:40.086[0;39m [33m[restartedMain][0;39m [34mINFO [0;39m [32morg.apache.catalina.core.StandardEngine[0;39m - Starting Servlet engine: [Apache Tomcat/10.1.33]
[31m2026-06-03 14:48:40.131[0;39m [33m[restartedMain][0;39m [34mINFO [0;39m [32mo.a.c.c.ContainerBase.[Tomcat].[localhost].[/geo][0;39m - Initializing Spring embedded WebApplicationContext
[31m2026-06-03 14:48:40.131[0;39m [33m[restartedMain][0;39m [34mINFO [0;39m [32mo.s.b.w.s.c.ServletWebServerApplicationContext[0;39m - Root WebApplicationContext: initialization completed in 1298 ms
[31m2026-06-03 14:48:41.296[0;39m [33m[restartedMain][0;39m [34mINFO [0;39m [32mo.s.b.d.autoconfigure.OptionalLiveReloadServer[0;39m - LiveReload server is running on port 35729
[31m2026-06-03 14:48:41.334[0;39m [33m[restartedMain][0;39m [34mINFO [0;39m [32morg.apache.coyote.http11.Http11NioProtocol[0;39m - Starting ProtocolHandler ["http-nio-9966"]
[31m2026-06-03 14:49:12.487[0;39m [33m[http-nio-9966-exec-1][0;39m [34mINFO [0;39m [32mo.a.c.c.ContainerBase.[Tomcat].[localhost].[/geo][0;39m - Initializing Spring DispatcherServlet 'dispatcherServlet'
[31m2026-06-03 14:49:12.487[0;39m [33m[http-nio-9966-exec-1][0;39m [34mINFO [0;39m [32morg.springframework.web.servlet.DispatcherServlet[0;39m - Initializing Servlet 'dispatcherServlet'
[31m2026-06-03 14:49:12.488[0;39m [33m[http-nio-9966-exec-1][0;39m [34mINFO [0;39m [32morg.springframework.web.servlet.DispatcherServlet[0;39m - Completed initialization in 1 ms
[31m2026-06-03 14:49:12.577[0;39m [33m[http-nio-9966-exec-1][0;39m [34mINFO [0;39m [32mcom.zaxxer.hikari.HikariDataSource[0;39m - HikariPool-1 - Starting...
[31m2026-06-03 14:49:12.830[0;39m [33m[http-nio-9966-exec-1][0;39m [34mINFO [0;39m [32mcom.zaxxer.hikari.pool.HikariPool[0;39m - HikariPool-1 - Added connection org.postgresql.jdbc.PgConnection@4ae1912c
[31m2026-06-03 14:49:12.833[0;39m [33m[http-nio-9966-exec-1][0;39m [34mINFO [0;39m [32mcom.zaxxer.hikari.HikariDataSource[0;39m - HikariPool-1 - Start completed.
[31m2026-06-03 14:49:23.367[0;39m [33m[background-preinit][0;39m [34mINFO [0;39m [32morg.hibernate.validator.internal.util.Version[0;39m - HV000001: Hibernate Validator 8.0.1.Final
[31m2026-06-03 14:49:23.397[0;39m [33m[restartedMain][0;39m [34mINFO [0;39m [32mcom.geo.dsp.GeoDspApplication[0;39m - Starting GeoDspApplication using Java 17.0.17 with PID 146500 (C:\Users\22317\Desktop\bbb\geodspp\GeoDsp(1)\GeoDsp\target\classes started by 22317 in C:\Users\22317\Desktop\bbb\geodspp\GeoDsp(1))
[31m2026-06-03 14:49:23.398[0;39m [33m[restartedMain][0;39m [34mINFO [0;39m [32mcom.geo.dsp.GeoDspApplication[0;39m - No active profile set, falling back to 1 default profile: "default"
[31m2026-06-03 14:49:23.433[0;39m [33m[restartedMain][0;39m [34mINFO [0;39m [32mo.s.boot.devtools.restart.ChangeableUrls[0;39m - The Class-Path manifest attribute in C:\Users\22317\.m2\repository\com\sun\xml\bind\jaxb-core\4.0.5\jaxb-core-4.0.5.jar referenced one or more files that do not exist: file:/C:/Users/22317/.m2/repository/com/sun/xml/bind/jaxb-core/4.0.5/jakarta.activation-api.jar,file:/C:/Users/22317/.m2/repository/com/sun/xml/bind/jaxb-core/4.0.5/jakarta.xml.bind-api.jar
[31m2026-06-03 14:49:23.433[0;39m [33m[restartedMain][0;39m [34mINFO [0;39m [32mo.s.boot.devtools.restart.ChangeableUrls[0;39m - The Class-Path manifest attribute in C:\Users\22317\.m2\repository\com\sun\xml\bind\jaxb-impl\4.0.5\jaxb-impl-4.0.5.jar referenced one or more files that do not exist: file:/C:/Users/22317/.m2/repository/com/sun/xml/bind/jaxb-impl/4.0.5/jaxb-core.jar,file:/C:/Users/22317/.m2/repository/com/sun/xml/bind/jaxb-impl/4.0.5/angus-activation.jar
[31m2026-06-03 14:49:23.433[0;39m [33m[restartedMain][0;39m [34mINFO [0;39m [32mo.s.b.d.env.DevToolsPropertyDefaultsPostProcessor[0;39m - Devtools property defaults active! Set 'spring.devtools.add-properties' to 'false' to disable
[31m2026-06-03 14:49:23.433[0;39m [33m[restartedMain][0;39m [34mINFO [0;39m [32mo.s.b.d.env.DevToolsPropertyDefaultsPostProcessor[0;39m - For additional web related logging consider setting the 'logging.level.web' property to 'DEBUG'
[31m2026-06-03 14:49:24.702[0;39m [33m[restartedMain][0;39m [34mINFO [0;39m [32mo.s.boot.web.embedded.tomcat.TomcatWebServer[0;39m - Tomcat initialized with port 9966 (http)
[31m2026-06-03 14:49:24.711[0;39m [33m[restartedMain][0;39m [34mINFO [0;39m [32morg.apache.coyote.http11.Http11NioProtocol[0;39m - Initializing ProtocolHandler ["http-nio-9966"]
[31m2026-06-03 14:49:24.712[0;39m [33m[restartedMain][0;39m [34mINFO [0;39m [32morg.apache.catalina.core.StandardService[0;39m - Starting service [Tomcat]
[31m2026-06-03 14:49:24.712[0;39m [33m[restartedMain][0;39m [34mINFO [0;39m [32morg.apache.catalina.core.StandardEngine[0;39m - Starting Servlet engine: [Apache Tomcat/10.1.33]
[31m2026-06-03 14:49:24.754[0;39m [33m[restartedMain][0;39m [34mINFO [0;39m [32mo.a.c.c.ContainerBase.[Tomcat].[localhost].[/geo][0;39m - Initializing Spring embedded WebApplicationContext
[31m2026-06-03 14:49:24.755[0;39m [33m[restartedMain][0;39m [34mINFO [0;39m [32mo.s.b.w.s.c.ServletWebServerApplicationContext[0;39m - Root WebApplicationContext: initialization completed in 1322 ms
[31m2026-06-03 14:49:25.950[0;39m [33m[restartedMain][0;39m [34mINFO [0;39m [32mo.s.b.d.autoconfigure.OptionalLiveReloadServer[0;39m - LiveReload server is running on port 35729
[31m2026-06-03 14:49:25.996[0;39m [33m[restartedMain][0;39m [34mINFO [0;39m [32morg.apache.coyote.http11.Http11NioProtocol[0;39m - Starting ProtocolHandler ["http-nio-9966"]
[31m2026-06-03 14:50:22.230[0;39m [33m[background-preinit][0;39m [34mINFO [0;39m [32morg.hibernate.validator.internal.util.Version[0;39m - HV000001: Hibernate Validator 8.0.1.Final
[31m2026-06-03 14:50:22.268[0;39m [33m[restartedMain][0;39m [34mINFO [0;39m [32mcom.geo.dsp.GeoDspApplication[0;39m - Starting GeoDspApplication using Java 17.0.17 with PID 143180 (C:\Users\22317\Desktop\bbb\geodspp\GeoDsp(1)\GeoDsp\target\classes started by 22317 in C:\Users\22317\Desktop\bbb\geodspp\GeoDsp(1))
[31m2026-06-03 14:50:22.269[0;39m [33m[restartedMain][0;39m [34mINFO [0;39m [32mcom.geo.dsp.GeoDspApplication[0;39m - No active profile set, falling back to 1 default profile: "default"
[31m2026-06-03 14:50:22.307[0;39m [33m[restartedMain][0;39m [34mINFO [0;39m [32mo.s.boot.devtools.restart.ChangeableUrls[0;39m - The Class-Path manifest attribute in C:\Users\22317\.m2\repository\com\sun\xml\bind\jaxb-core\4.0.5\jaxb-core-4.0.5.jar referenced one or more files that do not exist: file:/C:/Users/22317/.m2/repository/com/sun/xml/bind/jaxb-core/4.0.5/jakarta.activation-api.jar,file:/C:/Users/22317/.m2/repository/com/sun/xml/bind/jaxb-core/4.0.5/jakarta.xml.bind-api.jar
[31m2026-06-03 14:50:22.308[0;39m [33m[restartedMain][0;39m [34mINFO [0;39m [32mo.s.boot.devtools.restart.ChangeableUrls[0;39m - The Class-Path manifest attribute in C:\Users\22317\.m2\repository\com\sun\xml\bind\jaxb-impl\4.0.5\jaxb-impl-4.0.5.jar referenced one or more files that do not exist: file:/C:/Users/22317/.m2/repository/com/sun/xml/bind/jaxb-impl/4.0.5/jaxb-core.jar,file:/C:/Users/22317/.m2/repository/com/sun/xml/bind/jaxb-impl/4.0.5/angus-activation.jar
[31m2026-06-03 14:50:22.308[0;39m [33m[restartedMain][0;39m [34mINFO [0;39m [32mo.s.b.d.env.DevToolsPropertyDefaultsPostProcessor[0;39m - Devtools property defaults active! Set 'spring.devtools.add-properties' to 'false' to disable
[31m2026-06-03 14:50:22.308[0;39m [33m[restartedMain][0;39m [34mINFO [0;39m [32mo.s.b.d.env.DevToolsPropertyDefaultsPostProcessor[0;39m - For additional web related logging consider setting the 'logging.level.web' property to 'DEBUG'
[31m2026-06-03 14:50:23.737[0;39m [33m[restartedMain][0;39m [34mINFO [0;39m [32mo.s.boot.web.embedded.tomcat.TomcatWebServer[0;39m - Tomcat initialized with port 9967 (http)
[31m2026-06-03 14:50:23.747[0;39m [33m[restartedMain][0;39m [34mINFO [0;39m [32morg.apache.coyote.http11.Http11NioProtocol[0;39m - Initializing ProtocolHandler ["http-nio-9967"]
[31m2026-06-03 14:50:23.748[0;39m [33m[restartedMain][0;39m [34mINFO [0;39m [32morg.apache.catalina.core.StandardService[0;39m - Starting service [Tomcat]
[31m2026-06-03 14:50:23.748[0;39m [33m[restartedMain][0;39m [34mINFO [0;39m [32morg.apache.catalina.core.StandardEngine[0;39m - Starting Servlet engine: [Apache Tomcat/10.1.33]
[31m2026-06-03 14:50:23.791[0;39m [33m[restartedMain][0;39m [34mINFO [0;39m [32mo.a.c.c.ContainerBase.[Tomcat].[localhost].[/geo][0;39m - Initializing Spring embedded WebApplicationContext
[31m2026-06-03 14:50:23.791[0;39m [33m[restartedMain][0;39m [34mINFO [0;39m [32mo.s.b.w.s.c.ServletWebServerApplicationContext[0;39m - Root WebApplicationContext: initialization completed in 1483 ms
[31m2026-06-03 14:50:25.126[0;39m [33m[restartedMain][0;39m [34mINFO [0;39m [32mo.s.b.d.autoconfigure.OptionalLiveReloadServer[0;39m - LiveReload server is running on port 35729
[31m2026-06-03 14:50:25.161[0;39m [33m[restartedMain][0;39m [34mINFO [0;39m [32morg.apache.coyote.http11.Http11NioProtocol[0;39m - Starting ProtocolHandler ["http-nio-9967"]
[31m2026-06-03 14:50:25.172[0;39m [33m[restartedMain][0;39m [34mINFO [0;39m [32mo.s.boot.web.embedded.tomcat.TomcatWebServer[0;39m - Tomcat started on port 9967 (http) with context path '/geo'
[31m2026-06-03 14:50:25.188[0;39m [33m[restartedMain][0;39m [34mINFO [0;39m [32mcom.geo.dsp.GeoDspApplication[0;39m - Started GeoDspApplication in 3.331 seconds (process running for 3.908)
[31m2026-06-03 14:50:53.110[0;39m [33m[http-nio-9966-exec-2][0;39m [34mINFO [0;39m [32mc.g.dsp.module.login.service.impl.LoginServiceImpl[0;39m - 用户 test001 登录成功
[31m2026-06-03 14:53:02.534[0;39m [33m[http-nio-9966-exec-10][0;39m [34mINFO [0;39m [32mc.g.dsp.module.login.service.impl.LoginServiceImpl[0;39m - 用户登出
[31m2026-06-03 14:53:16.147[0;39m [33m[http-nio-9966-exec-1][0;39m [34mINFO [0;39m [32mc.g.dsp.module.login.service.impl.LoginServiceImpl[0;39m - 用户 test_observer 登录成功
[31m2026-06-03 14:55:26.373[0;39m [33m[http-nio-9966-exec-5][0;39m [34mINFO [0;39m [32mc.g.dsp.module.login.service.impl.LoginServiceImpl[0;39m - 用户登出
[31m2026-06-03 14:55:35.572[0;39m [33m[http-nio-9966-exec-4][0;39m [34mINFO [0;39m [32mc.g.dsp.module.login.service.impl.LoginServiceImpl[0;39m - 用户 test001 登录成功
[31m2026-06-03 14:57:13.093[0;39m [33m[SpringApplicationShutdownHook][0;39m [34mINFO [0;39m [32mo.s.boot.web.embedded.tomcat.GracefulShutdown[0;39m - Commencing graceful shutdown. Waiting for active requests to complete
[31m2026-06-03 14:57:13.383[0;39m [33m[tomcat-shutdown][0;39m [34mINFO [0;39m [32mo.s.boot.web.embedded.tomcat.GracefulShutdown[0;39m - Graceful shutdown complete
[31m2026-06-03 15:05:42.280[0;39m [33m[http-nio-9966-exec-7][0;39m [34mINFO [0;39m [32mc.g.dsp.module.login.service.impl.LoginServiceImpl[0;39m - 用户 test001 登录成功
[31m2026-06-03 15:05:42.404[0;39m [33m[http-nio-9966-exec-8][0;39m [34mINFO [0;39m [32mc.g.dsp.module.login.service.impl.LoginServiceImpl[0;39m - 用户 test_observer 登录成功
[31m2026-06-03 15:13:25.717[0;39m [33m[background-preinit][0;39m [34mINFO [0;39m [32morg.hibernate.validator.internal.util.Version[0;39m - HV000001: Hibernate Validator 8.0.1.Final
[31m2026-06-03 15:13:25.753[0;39m [33m[restartedMain][0;39m [34mINFO [0;39m [32mcom.geo.dsp.GeoDspApplication[0;39m - Starting GeoDspApplication using Java 17.0.17 with PID 121308 (C:\Users\22317\Desktop\bbb\geodspp\GeoDsp(1)\GeoDsp\target\classes started by 22317 in C:\Users\22317\Desktop\bbb\geodspp\GeoDsp(1))
[31m2026-06-03 15:13:25.753[0;39m [33m[restartedMain][0;39m [34mINFO [0;39m [32mcom.geo.dsp.GeoDspApplication[0;39m - No active profile set, falling back to 1 default profile: "default"
[31m2026-06-03 15:13:25.787[0;39m [33m[restartedMain][0;39m [34mINFO [0;39m [32mo.s.boot.devtools.restart.ChangeableUrls[0;39m - The Class-Path manifest attribute in C:\Users\22317\.m2\repository\com\sun\xml\bind\jaxb-core\4.0.5\jaxb-core-4.0.5.jar referenced one or more files that do not exist: file:/C:/Users/22317/.m2/repository/com/sun/xml/bind/jaxb-core/4.0.5/jakarta.activation-api.jar,file:/C:/Users/22317/.m2/repository/com/sun/xml/bind/jaxb-core/4.0.5/jakarta.xml.bind-api.jar
[31m2026-06-03 15:13:25.787[0;39m [33m[restartedMain][0;39m [34mINFO [0;39m [32mo.s.boot.devtools.restart.ChangeableUrls[0;39m - The Class-Path manifest attribute in C:\Users\22317\.m2\repository\com\sun\xml\bind\jaxb-impl\4.0.5\jaxb-impl-4.0.5.jar referenced one or more files that do not exist: file:/C:/Users/22317/.m2/repository/com/sun/xml/bind/jaxb-impl/4.0.5/jaxb-core.jar,file:/C:/Users/22317/.m2/repository/com/sun/xml/bind/jaxb-impl/4.0.5/angus-activation.jar
[31m2026-06-03 15:13:25.787[0;39m [33m[restartedMain][0;39m [34mINFO [0;39m [32mo.s.b.d.env.DevToolsPropertyDefaultsPostProcessor[0;39m - Devtools property defaults active! Set 'spring.devtools.add-properties' to 'false' to disable
[31m2026-06-03 15:13:25.787[0;39m [33m[restartedMain][0;39m [34mINFO [0;39m [32mo.s.b.d.env.DevToolsPropertyDefaultsPostProcessor[0;39m - For additional web related logging consider setting the 'logging.level.web' property to 'DEBUG'
[31m2026-06-03 15:13:27.024[0;39m [33m[restartedMain][0;39m [34mINFO [0;39m [32mo.s.boot.web.embedded.tomcat.TomcatWebServer[0;39m - Tomcat initialized with port 9966 (http)
[31m2026-06-03 15:13:27.034[0;39m [33m[restartedMain][0;39m [34mINFO [0;39m [32morg.apache.coyote.http11.Http11NioProtocol[0;39m - Initializing ProtocolHandler ["http-nio-9966"]
[31m2026-06-03 15:13:27.035[0;39m [33m[restartedMain][0;39m [34mINFO [0;39m [32morg.apache.catalina.core.StandardService[0;39m - Starting service [Tomcat]
[31m2026-06-03 15:13:27.036[0;39m [33m[restartedMain][0;39m [34mINFO [0;39m [32morg.apache.catalina.core.StandardEngine[0;39m - Starting Servlet engine: [Apache Tomcat/10.1.33]
[31m2026-06-03 15:13:27.077[0;39m [33m[restartedMain][0;39m [34mINFO [0;39m [32mo.a.c.c.ContainerBase.[Tomcat].[localhost].[/geo][0;39m - Initializing Spring embedded WebApplicationContext
[31m2026-06-03 15:13:27.077[0;39m [33m[restartedMain][0;39m [34mINFO [0;39m [32mo.s.b.w.s.c.ServletWebServerApplicationContext[0;39m - Root WebApplicationContext: initialization completed in 1290 ms
[31m2026-06-03 15:13:28.368[0;39m [33m[restartedMain][0;39m [34mINFO [0;39m [32mo.s.b.d.autoconfigure.OptionalLiveReloadServer[0;39m - LiveReload server is running on port 35729
[31m2026-06-03 15:13:28.407[0;39m [33m[restartedMain][0;39m [34mINFO [0;39m [32morg.apache.coyote.http11.Http11NioProtocol[0;39m - Starting ProtocolHandler ["http-nio-9966"]
[31m2026-06-03 15:14:50.219[0;39m [33m[background-preinit][0;39m [34mINFO [0;39m [32morg.hibernate.validator.internal.util.Version[0;39m - HV000001: Hibernate Validator 8.0.1.Final
[31m2026-06-03 15:14:50.249[0;39m [33m[restartedMain][0;39m [34mINFO [0;39m [32mcom.geo.dsp.GeoDspApplication[0;39m - Starting GeoDspApplication using Java 17.0.17 with PID 113784 (C:\Users\22317\Desktop\bbb\geodspp\GeoDsp(1)\GeoDsp\target\classes started by 22317 in C:\Users\22317\Desktop\bbb\geodspp\GeoDsp(1))
[31m2026-06-03 15:14:50.250[0;39m [33m[restartedMain][0;39m [34mINFO [0;39m [32mcom.geo.dsp.GeoDspApplication[0;39m - No active profile set, falling back to 1 default profile: "default"
[31m2026-06-03 15:14:50.282[0;39m [33m[restartedMain][0;39m [34mINFO [0;39m [32mo.s.boot.devtools.restart.ChangeableUrls[0;39m - The Class-Path manifest attribute in C:\Users\22317\.m2\repository\com\sun\xml\bind\jaxb-core\4.0.5\jaxb-core-4.0.5.jar referenced one or more files that do not exist: file:/C:/Users/22317/.m2/repository/com/sun/xml/bind/jaxb-core/4.0.5/jakarta.activation-api.jar,file:/C:/Users/22317/.m2/repository/com/sun/xml/bind/jaxb-core/4.0.5/jakarta.xml.bind-api.jar
[31m2026-06-03 15:14:50.282[0;39m [33m[restartedMain][0;39m [34mINFO [0;39m [32mo.s.boot.devtools.restart.ChangeableUrls[0;39m - The Class-Path manifest attribute in C:\Users\22317\.m2\repository\com\sun\xml\bind\jaxb-impl\4.0.5\jaxb-impl-4.0.5.jar referenced one or more files that do not exist: file:/C:/Users/22317/.m2/repository/com/sun/xml/bind/jaxb-impl/4.0.5/jaxb-core.jar,file:/C:/Users/22317/.m2/repository/com/sun/xml/bind/jaxb-impl/4.0.5/angus-activation.jar
[31m2026-06-03 15:14:50.282[0;39m [33m[restartedMain][0;39m [34mINFO [0;39m [32mo.s.b.d.env.DevToolsPropertyDefaultsPostProcessor[0;39m - Devtools property defaults active! Set 'spring.devtools.add-properties' to 'false' to disable
[31m2026-06-03 15:14:50.282[0;39m [33m[restartedMain][0;39m [34mINFO [0;39m [32mo.s.b.d.env.DevToolsPropertyDefaultsPostProcessor[0;39m - For additional web related logging consider setting the 'logging.level.web' property to 'DEBUG'
[31m2026-06-03 15:14:51.341[0;39m [33m[restartedMain][0;39m [34mINFO [0;39m [32mo.s.boot.web.embedded.tomcat.TomcatWebServer[0;39m - Tomcat initialized with port 9966 (http)
[31m2026-06-03 15:14:51.348[0;39m [33m[restartedMain][0;39m [34mINFO [0;39m [32morg.apache.coyote.http11.Http11NioProtocol[0;39m - Initializing ProtocolHandler ["http-nio-9966"]
[31m2026-06-03 15:14:51.349[0;39m [33m[restartedMain][0;39m [34mINFO [0;39m [32morg.apache.catalina.core.StandardService[0;39m - Starting service [Tomcat]
[31m2026-06-03 15:14:51.349[0;39m [33m[restartedMain][0;39m [34mINFO [0;39m [32morg.apache.catalina.core.StandardEngine[0;39m - Starting Servlet engine: [Apache Tomcat/10.1.33]
[31m2026-06-03 15:14:51.386[0;39m [33m[restartedMain][0;39m [34mINFO [0;39m [32mo.a.c.c.ContainerBase.[Tomcat].[localhost].[/geo][0;39m - Initializing Spring embedded WebApplicationContext
[31m2026-06-03 15:14:51.386[0;39m [33m[restartedMain][0;39m [34mINFO [0;39m [32mo.s.b.w.s.c.ServletWebServerApplicationContext[0;39m - Root WebApplicationContext: initialization completed in 1104 ms
[31m2026-06-03 15:14:52.467[0;39m [33m[restartedMain][0;39m [34mINFO [0;39m [32mo.s.b.d.autoconfigure.OptionalLiveReloadServer[0;39m - LiveReload server is running on port 35729
[31m2026-06-03 15:14:52.502[0;39m [33m[restartedMain][0;39m [34mINFO [0;39m [32morg.apache.coyote.http11.Http11NioProtocol[0;39m - Starting ProtocolHandler ["http-nio-9966"]
[31m2026-06-03 15:14:52.515[0;39m [33m[restartedMain][0;39m [34mINFO [0;39m [32mo.s.boot.web.embedded.tomcat.TomcatWebServer[0;39m - Tomcat started on port 9966 (http) with context path '/geo'
[31m2026-06-03 15:14:52.529[0;39m [33m[restartedMain][0;39m [34mINFO [0;39m [32mcom.geo.dsp.GeoDspApplication[0;39m - Started GeoDspApplication in 2.61 seconds (process running for 3.059)
[31m2026-06-03 15:17:11.617[0;39m [33m[File Watcher][0;39m [34mINFO [0;39m [32mo.s.b.d.a.LocalDevToolsAutoConfiguration$RestartingClassPathChangeChangedEventListener[0;39m - Restarting due to 1 class path change (0 additions, 0 deletions, 1 modification)
[31m2026-06-03 15:17:11.620[0;39m [33m[Thread-5][0;39m [34mINFO [0;39m [32mo.s.boot.web.embedded.tomcat.GracefulShutdown[0;39m - Commencing graceful shutdown. Waiting for active requests to complete
[31m2026-06-03 15:17:11.621[0;39m [33m[tomcat-shutdown][0;39m [34mINFO [0;39m [32morg.apache.coyote.http11.Http11NioProtocol[0;39m - Pausing ProtocolHandler ["http-nio-9966"]
[31m2026-06-03 15:17:11.912[0;39m [33m[tomcat-shutdown][0;39m [34mINFO [0;39m [32mo.s.boot.web.embedded.tomcat.GracefulShutdown[0;39m - Graceful shutdown complete
[31m2026-06-03 15:17:11.912[0;39m [33m[Thread-5][0;39m [34mINFO [0;39m [32morg.apache.coyote.http11.Http11NioProtocol[0;39m - Stopping ProtocolHandler ["http-nio-9966"]
[31m2026-06-03 15:17:11.993[0;39m [33m[restartedMain][0;39m [34mINFO [0;39m [32mcom.geo.dsp.GeoDspApplication[0;39m - Starting GeoDspApplication using Java 17.0.17 with PID 113784 (C:\Users\22317\Desktop\bbb\geodspp\GeoDsp(1)\GeoDsp\target\classes started by 22317 in C:\Users\22317\Desktop\bbb\geodspp\GeoDsp(1))
[31m2026-06-03 15:17:11.993[0;39m [33m[restartedMain][0;39m [34mINFO [0;39m [32mcom.geo.dsp.GeoDspApplication[0;39m - No active profile set, falling back to 1 default profile: "default"
[31m2026-06-03 15:17:12.259[0;39m [33m[restartedMain][0;39m [34mINFO [0;39m [32mo.s.boot.web.embedded.tomcat.TomcatWebServer[0;39m - Tomcat initialized with port 996 (http)
[31m2026-06-03 15:17:12.260[0;39m [33m[restartedMain][0;39m [34mINFO [0;39m [32morg.apache.coyote.http11.Http11NioProtocol[0;39m - Initializing ProtocolHandler ["http-nio-996"]
[31m2026-06-03 15:17:12.260[0;39m [33m[restartedMain][0;39m [34mINFO [0;39m [32morg.apache.catalina.core.StandardService[0;39m - Starting service [Tomcat]
[31m2026-06-03 15:17:12.260[0;39m [33m[restartedMain][0;39m [34mINFO [0;39m [32morg.apache.catalina.core.StandardEngine[0;39m - Starting Servlet engine: [Apache Tomcat/10.1.33]
[31m2026-06-03 15:17:12.276[0;39m [33m[restartedMain][0;39m [34mINFO [0;39m [32mo.a.c.c.ContainerBase.[Tomcat].[localhost].[/geo][0;39m - Initializing Spring embedded WebApplicationContext
[31m2026-06-03 15:17:12.276[0;39m [33m[restartedMain][0;39m [34mINFO [0;39m [32mo.s.b.w.s.c.ServletWebServerApplicationContext[0;39m - Root WebApplicationContext: initialization completed in 282 ms
[31m2026-06-03 15:17:12.619[0;39m [33m[restartedMain][0;39m [34mINFO [0;39m [32mo.s.b.d.autoconfigure.OptionalLiveReloadServer[0;39m - LiveReload server is running on port 35729
[31m2026-06-03 15:17:12.635[0;39m [33m[restartedMain][0;39m [34mINFO [0;39m [32morg.apache.coyote.http11.Http11NioProtocol[0;39m - Starting ProtocolHandler ["http-nio-996"]
[31m2026-06-03 15:17:12.637[0;39m [33m[restartedMain][0;39m [34mINFO [0;39m [32mo.s.boot.web.embedded.tomcat.TomcatWebServer[0;39m - Tomcat started on port 996 (http) with context path '/geo'
[31m2026-06-03 15:17:12.643[0;39m [33m[restartedMain][0;39m [34mINFO [0;39m [32mcom.geo.dsp.GeoDspApplication[0;39m - Started GeoDspApplication in 0.67 seconds (process running for 143.173)
[31m2026-06-03 15:17:12.644[0;39m [33m[restartedMain][0;39m [34mINFO [0;39m [32mo.s.b.d.a.ConditionEvaluationDeltaLoggingListener[0;39m - Condition evaluation unchanged
[31m2026-06-03 15:17:13.929[0;39m [33m[SpringApplicationShutdownHook][0;39m [34mINFO [0;39m [32mo.s.boot.web.embedded.tomcat.GracefulShutdown[0;39m - Commencing graceful shutdown. Waiting for active requests to complete
[31m2026-06-03 15:17:14.224[0;39m [33m[tomcat-shutdown][0;39m [34mINFO [0;39m [32mo.s.boot.web.embedded.tomcat.GracefulShutdown[0;39m - Graceful shutdown complete
[31m2026-06-03 15:18:14.851[0;39m [33m[background-preinit][0;39m [34mINFO [0;39m [32morg.hibernate.validator.internal.util.Version[0;39m - HV000001: Hibernate Validator 8.0.1.Final
[31m2026-06-03 15:18:14.887[0;39m [33m[restartedMain][0;39m [34mINFO [0;39m [32mcom.geo.dsp.GeoDspApplication[0;39m - Starting GeoDspApplication using Java 17.0.17 with PID 65628 (C:\Users\22317\Desktop\bbb\geodspp\GeoDsp(1)\GeoDsp\target\classes started by 22317 in C:\Users\22317\Desktop\bbb\geodspp\GeoDsp(1))
[31m2026-06-03 15:18:14.888[0;39m [33m[restartedMain][0;39m [34mINFO [0;39m [32mcom.geo.dsp.GeoDspApplication[0;39m - No active profile set, falling back to 1 default profile: "default"
[31m2026-06-03 15:18:14.934[0;39m [33m[restartedMain][0;39m [34mINFO [0;39m [32mo.s.boot.devtools.restart.ChangeableUrls[0;39m - The Class-Path manifest attribute in C:\Users\22317\.m2\repository\com\sun\xml\bind\jaxb-core\4.0.5\jaxb-core-4.0.5.jar referenced one or more files that do not exist: file:/C:/Users/22317/.m2/repository/com/sun/xml/bind/jaxb-core/4.0.5/jakarta.activation-api.jar,file:/C:/Users/22317/.m2/repository/com/sun/xml/bind/jaxb-core/4.0.5/jakarta.xml.bind-api.jar
[31m2026-06-03 15:18:14.934[0;39m [33m[restartedMain][0;39m [34mINFO [0;39m [32mo.s.boot.devtools.restart.ChangeableUrls[0;39m - The Class-Path manifest attribute in C:\Users\22317\.m2\repository\com\sun\xml\bind\jaxb-impl\4.0.5\jaxb-impl-4.0.5.jar referenced one or more files that do not exist: file:/C:/Users/22317/.m2/repository/com/sun/xml/bind/jaxb-impl/4.0.5/jaxb-core.jar,file:/C:/Users/22317/.m2/repository/com/sun/xml/bind/jaxb-impl/4.0.5/angus-activation.jar
[31m2026-06-03 15:18:14.935[0;39m [33m[restartedMain][0;39m [34mINFO [0;39m [32mo.s.b.d.env.DevToolsPropertyDefaultsPostProcessor[0;39m - Devtools property defaults active! Set 'spring.devtools.add-properties' to 'false' to disable
[31m2026-06-03 15:18:14.935[0;39m [33m[restartedMain][0;39m [34mINFO [0;39m [32mo.s.b.d.env.DevToolsPropertyDefaultsPostProcessor[0;39m - For additional web related logging consider setting the 'logging.level.web' property to 'DEBUG'
[31m2026-06-03 15:18:16.057[0;39m [33m[restartedMain][0;39m [34mINFO [0;39m [32mo.s.boot.web.embedded.tomcat.TomcatWebServer[0;39m - Tomcat initialized with port 9966 (http)
[31m2026-06-03 15:18:16.066[0;39m [33m[restartedMain][0;39m [34mINFO [0;39m [32morg.apache.coyote.http11.Http11NioProtocol[0;39m - Initializing ProtocolHandler ["http-nio-9966"]
[31m2026-06-03 15:18:16.067[0;39m [33m[restartedMain][0;39m [34mINFO [0;39m [32morg.apache.catalina.core.StandardService[0;39m - Starting service [Tomcat]
[31m2026-06-03 15:18:16.067[0;39m [33m[restartedMain][0;39m [34mINFO [0;39m [32morg.apache.catalina.core.StandardEngine[0;39m - Starting Servlet engine: [Apache Tomcat/10.1.33]
[31m2026-06-03 15:18:16.108[0;39m [33m[restartedMain][0;39m [34mINFO [0;39m [32mo.a.c.c.ContainerBase.[Tomcat].[localhost].[/geo][0;39m - Initializing Spring embedded WebApplicationContext
[31m2026-06-03 15:18:16.108[0;39m [33m[restartedMain][0;39m [34mINFO [0;39m [32mo.s.b.w.s.c.ServletWebServerApplicationContext[0;39m - Root WebApplicationContext: initialization completed in 1173 ms
[31m2026-06-03 15:18:17.260[0;39m [33m[restartedMain][0;39m [34mINFO [0;39m [32mo.s.b.d.autoconfigure.OptionalLiveReloadServer[0;39m - LiveReload server is running on port 35729
[31m2026-06-03 15:18:17.320[0;39m [33m[restartedMain][0;39m [34mINFO [0;39m [32morg.apache.coyote.http11.Http11NioProtocol[0;39m - Starting ProtocolHandler ["http-nio-9966"]
[31m2026-06-03 15:18:17.332[0;39m [33m[restartedMain][0;39m [34mINFO [0;39m [32mo.s.boot.web.embedded.tomcat.TomcatWebServer[0;39m - Tomcat started on port 9966 (http) with context path '/geo'
[31m2026-06-03 15:18:17.345[0;39m [33m[restartedMain][0;39m [34mINFO [0;39m [32mcom.geo.dsp.GeoDspApplication[0;39m - Started GeoDspApplication in 2.802 seconds (process running for 3.265)
[31m2026-06-03 15:18:34.016[0;39m [33m[SpringApplicationShutdownHook][0;39m [34mINFO [0;39m [32mo.s.boot.web.embedded.tomcat.GracefulShutdown[0;39m - Commencing graceful shutdown. Waiting for active requests to complete
[31m2026-06-03 15:18:34.317[0;39m [33m[tomcat-shutdown][0;39m [34mINFO [0;39m [32mo.s.boot.web.embedded.tomcat.GracefulShutdown[0;39m - Graceful shutdown complete
[31m2026-06-03 15:27:00.572[0;39m [33m[background-preinit][0;39m [34mINFO [0;39m [32morg.hibernate.validator.internal.util.Version[0;39m - HV000001: Hibernate Validator 8.0.1.Final
[31m2026-06-03 15:27:00.624[0;39m [33m[restartedMain][0;39m [34mINFO [0;39m [32mcom.geo.dsp.GeoDspApplication[0;39m - Starting GeoDspApplication using Java 17.0.17 with PID 108480 (C:\Users\22317\Desktop\bbb\geodspp\GeoDsp(1)\GeoDsp\target\classes started by 22317 in C:\Users\22317\Desktop\bbb\geodspp\GeoDsp(1))
[31m2026-06-03 15:27:00.627[0;39m [33m[restartedMain][0;39m [34mINFO [0;39m [32mcom.geo.dsp.GeoDspApplication[0;39m - No active profile set, falling back to 1 default profile: "default"
[31m2026-06-03 15:27:00.713[0;39m [33m[restartedMain][0;39m [34mINFO [0;39m [32mo.s.boot.devtools.restart.ChangeableUrls[0;39m - The Class-Path manifest attribute in C:\Users\22317\.m2\repository\com\sun\xml\bind\jaxb-core\4.0.5\jaxb-core-4.0.5.jar referenced one or more files that do not exist: file:/C:/Users/22317/.m2/repository/com/sun/xml/bind/jaxb-core/4.0.5/jakarta.activation-api.jar,file:/C:/Users/22317/.m2/repository/com/sun/xml/bind/jaxb-core/4.0.5/jakarta.xml.bind-api.jar
[31m2026-06-03 15:27:00.713[0;39m [33m[restartedMain][0;39m [34mINFO [0;39m [32mo.s.boot.devtools.restart.ChangeableUrls[0;39m - The Class-Path manifest attribute in C:\Users\22317\.m2\repository\com\sun\xml\bind\jaxb-impl\4.0.5\jaxb-impl-4.0.5.jar referenced one or more files that do not exist: file:/C:/Users/22317/.m2/repository/com/sun/xml/bind/jaxb-impl/4.0.5/jaxb-core.jar,file:/C:/Users/22317/.m2/repository/com/sun/xml/bind/jaxb-impl/4.0.5/angus-activation.jar
[31m2026-06-03 15:27:00.713[0;39m [33m[restartedMain][0;39m [34mINFO [0;39m [32mo.s.b.d.env.DevToolsPropertyDefaultsPostProcessor[0;39m - Devtools property defaults active! Set 'spring.devtools.add-properties' to 'false' to disable
[31m2026-06-03 15:27:00.713[0;39m [33m[restartedMain][0;39m [34mINFO [0;39m [32mo.s.b.d.env.DevToolsPropertyDefaultsPostProcessor[0;39m - For additional web related logging consider setting the 'logging.level.web' property to 'DEBUG'
[31m2026-06-03 15:27:02.127[0;39m [33m[restartedMain][0;39m [34mINFO [0;39m [32mo.s.boot.web.embedded.tomcat.TomcatWebServer[0;39m - Tomcat initialized with port 9966 (http)
[31m2026-06-03 15:27:02.135[0;39m [33m[restartedMain][0;39m [34mINFO [0;39m [32morg.apache.coyote.http11.Http11NioProtocol[0;39m - Initializing ProtocolHandler ["http-nio-9966"]
[31m2026-06-03 15:27:02.136[0;39m [33m[restartedMain][0;39m [34mINFO [0;39m [32morg.apache.catalina.core.StandardService[0;39m - Starting service [Tomcat]
[31m2026-06-03 15:27:02.136[0;39m [33m[restartedMain][0;39m [34mINFO [0;39m [32morg.apache.catalina.core.StandardEngine[0;39m - Starting Servlet engine: [Apache Tomcat/10.1.33]
[31m2026-06-03 15:27:02.181[0;39m [33m[restartedMain][0;39m [34mINFO [0;39m [32mo.a.c.c.ContainerBase.[Tomcat].[localhost].[/geo][0;39m - Initializing Spring embedded WebApplicationContext
[31m2026-06-03 15:27:02.181[0;39m [33m[restartedMain][0;39m [34mINFO [0;39m [32mo.s.b.w.s.c.ServletWebServerApplicationContext[0;39m - Root WebApplicationContext: initialization completed in 1467 ms
[31m2026-06-03 15:27:03.486[0;39m [33m[restartedMain][0;39m [34mINFO [0;39m [32mo.s.b.d.autoconfigure.OptionalLiveReloadServer[0;39m - LiveReload server is running on port 35729
[31m2026-06-03 15:27:03.526[0;39m [33m[restartedMain][0;39m [34mINFO [0;39m [32morg.apache.coyote.http11.Http11NioProtocol[0;39m - Starting ProtocolHandler ["http-nio-9966"]
[31m2026-06-03 15:27:33.675[0;39m [33m[background-preinit][0;39m [34mINFO [0;39m [32morg.hibernate.validator.internal.util.Version[0;39m - HV000001: Hibernate Validator 8.0.1.Final
[31m2026-06-03 15:27:33.704[0;39m [33m[restartedMain][0;39m [34mINFO [0;39m [32mcom.geo.dsp.GeoDspApplication[0;39m - Starting GeoDspApplication using Java 17.0.17 with PID 36848 (C:\Users\22317\Desktop\bbb\geodspp\GeoDsp(1)\GeoDsp\target\classes started by 22317 in C:\Users\22317\Desktop\bbb\geodspp\GeoDsp(1))
[31m2026-06-03 15:27:33.705[0;39m [33m[restartedMain][0;39m [34mINFO [0;39m [32mcom.geo.dsp.GeoDspApplication[0;39m - No active profile set, falling back to 1 default profile: "default"
[31m2026-06-03 15:27:33.737[0;39m [33m[restartedMain][0;39m [34mINFO [0;39m [32mo.s.boot.devtools.restart.ChangeableUrls[0;39m - The Class-Path manifest attribute in C:\Users\22317\.m2\repository\com\sun\xml\bind\jaxb-core\4.0.5\jaxb-core-4.0.5.jar referenced one or more files that do not exist: file:/C:/Users/22317/.m2/repository/com/sun/xml/bind/jaxb-core/4.0.5/jakarta.activation-api.jar,file:/C:/Users/22317/.m2/repository/com/sun/xml/bind/jaxb-core/4.0.5/jakarta.xml.bind-api.jar
[31m2026-06-03 15:27:33.737[0;39m [33m[restartedMain][0;39m [34mINFO [0;39m [32mo.s.boot.devtools.restart.ChangeableUrls[0;39m - The Class-Path manifest attribute in C:\Users\22317\.m2\repository\com\sun\xml\bind\jaxb-impl\4.0.5\jaxb-impl-4.0.5.jar referenced one or more files that do not exist: file:/C:/Users/22317/.m2/repository/com/sun/xml/bind/jaxb-impl/4.0.5/jaxb-core.jar,file:/C:/Users/22317/.m2/repository/com/sun/xml/bind/jaxb-impl/4.0.5/angus-activation.jar
[31m2026-06-03 15:27:33.737[0;39m [33m[restartedMain][0;39m [34mINFO [0;39m [32mo.s.b.d.env.DevToolsPropertyDefaultsPostProcessor[0;39m - Devtools property defaults active! Set 'spring.devtools.add-properties' to 'false' to disable
[31m2026-06-03 15:27:33.737[0;39m [33m[restartedMain][0;39m [34mINFO [0;39m [32mo.s.b.d.env.DevToolsPropertyDefaultsPostProcessor[0;39m - For additional web related logging consider setting the 'logging.level.web' property to 'DEBUG'
[31m2026-06-03 15:27:34.795[0;39m [33m[restartedMain][0;39m [34mINFO [0;39m [32mo.s.boot.web.embedded.tomcat.TomcatWebServer[0;39m - Tomcat initialized with port 9966 (http)
[31m2026-06-03 15:27:34.803[0;39m [33m[restartedMain][0;39m [34mINFO [0;39m [32morg.apache.coyote.http11.Http11NioProtocol[0;39m - Initializing ProtocolHandler ["http-nio-9966"]
[31m2026-06-03 15:27:34.804[0;39m [33m[restartedMain][0;39m [34mINFO [0;39m [32morg.apache.catalina.core.StandardService[0;39m - Starting service [Tomcat]
[31m2026-06-03 15:27:34.804[0;39m [33m[restartedMain][0;39m [34mINFO [0;39m [32morg.apache.catalina.core.StandardEngine[0;39m - Starting Servlet engine: [Apache Tomcat/10.1.33]
[31m2026-06-03 15:27:34.845[0;39m [33m[restartedMain][0;39m [34mINFO [0;39m [32mo.a.c.c.ContainerBase.[Tomcat].[localhost].[/geo][0;39m - Initializing Spring embedded WebApplicationContext
[31m2026-06-03 15:27:34.845[0;39m [33m[restartedMain][0;39m [34mINFO [0;39m [32mo.s.b.w.s.c.ServletWebServerApplicationContext[0;39m - Root WebApplicationContext: initialization completed in 1107 ms
[31m2026-06-03 15:27:36.038[0;39m [33m[restartedMain][0;39m [34mINFO [0;39m [32mo.s.b.d.autoconfigure.OptionalLiveReloadServer[0;39m - LiveReload server is running on port 35729
[31m2026-06-03 15:27:36.074[0;39m [33m[restartedMain][0;39m [34mINFO [0;39m [32morg.apache.coyote.http11.Http11NioProtocol[0;39m - Starting ProtocolHandler ["http-nio-9966"]
[31m2026-06-03 15:27:36.088[0;39m [33m[restartedMain][0;39m [34mINFO [0;39m [32mo.s.boot.web.embedded.tomcat.TomcatWebServer[0;39m - Tomcat started on port 9966 (http) with context path '/geo'
[31m2026-06-03 15:27:36.103[0;39m [33m[restartedMain][0;39m [34mINFO [0;39m [32mcom.geo.dsp.GeoDspApplication[0;39m - Started GeoDspApplication in 2.703 seconds (process running for 3.102)
[31m2026-06-03 15:27:49.050[0;39m [33m[http-nio-9966-exec-1][0;39m [34mINFO [0;39m [32mo.a.c.c.ContainerBase.[Tomcat].[localhost].[/geo][0;39m - Initializing Spring DispatcherServlet 'dispatcherServlet'
[31m2026-06-03 15:27:49.051[0;39m [33m[http-nio-9966-exec-1][0;39m [34mINFO [0;39m [32morg.springframework.web.servlet.DispatcherServlet[0;39m - Initializing Servlet 'dispatcherServlet'
[31m2026-06-03 15:27:49.052[0;39m [33m[http-nio-9966-exec-1][0;39m [34mINFO [0;39m [32morg.springframework.web.servlet.DispatcherServlet[0;39m - Completed initialization in 1 ms
[31m2026-06-03 15:27:49.297[0;39m [33m[http-nio-9966-exec-1][0;39m [34mINFO [0;39m [32mcom.zaxxer.hikari.HikariDataSource[0;39m - HikariPool-1 - Starting...
[31m2026-06-03 15:27:49.474[0;39m [33m[http-nio-9966-exec-1][0;39m [34mINFO [0;39m [32mcom.zaxxer.hikari.pool.HikariPool[0;39m - HikariPool-1 - Added connection org.postgresql.jdbc.PgConnection@57a00e72
[31m2026-06-03 15:27:49.475[0;39m [33m[http-nio-9966-exec-1][0;39m [34mINFO [0;39m [32mcom.zaxxer.hikari.HikariDataSource[0;39m - HikariPool-1 - Start completed.
[31m2026-06-03 15:28:39.295[0;39m [33m[http-nio-9966-exec-1][0;39m [34mINFO [0;39m [32mc.g.dsp.module.login.service.impl.LoginServiceImpl[0;39m - 用户登出
[31m2026-06-03 15:28:54.517[0;39m [33m[http-nio-9966-exec-3][0;39m [34mINFO [0;39m [32mc.g.dsp.module.login.service.impl.LoginServiceImpl[0;39m - 用户 test_observer 登录成功
[31m2026-06-03 15:29:46.683[0;39m [33m[SpringApplicationShutdownHook][0;39m [34mINFO [0;39m [32mo.s.boot.web.embedded.tomcat.GracefulShutdown[0;39m - Commencing graceful shutdown. Waiting for active requests to complete
[31m2026-06-03 15:29:46.972[0;39m [33m[tomcat-shutdown][0;39m [34mINFO [0;39m [32mo.s.boot.web.embedded.tomcat.GracefulShutdown[0;39m - Graceful shutdown complete
[31m2026-06-03 15:29:46.986[0;39m [33m[SpringApplicationShutdownHook][0;39m [34mINFO [0;39m [32mcom.zaxxer.hikari.HikariDataSource[0;39m - HikariPool-1 - Shutdown initiated...
[31m2026-06-03 15:29:46.988[0;39m [33m[SpringApplicationShutdownHook][0;39m [34mINFO [0;39m [32mcom.zaxxer.hikari.HikariDataSource[0;39m - HikariPool-1 - Shutdown completed.
[31m2026-06-03 15:34:33.730[0;39m [33m[background-preinit][0;39m [34mINFO [0;39m [32morg.hibernate.validator.internal.util.Version[0;39m - HV000001: Hibernate Validator 8.0.1.Final
[31m2026-06-03 15:34:33.763[0;39m [33m[restartedMain][0;39m [34mINFO [0;39m [32mcom.geo.dsp.GeoDspApplication[0;39m - Starting GeoDspApplication using Java 17.0.17 with PID 69892 (C:\Users\22317\Desktop\bbb\geodspp\GeoDsp(1)\GeoDsp\target\classes started by 22317 in C:\Users\22317\Desktop\bbb\geodspp\GeoDsp(1))
[31m2026-06-03 15:34:33.764[0;39m [33m[restartedMain][0;39m [34mINFO [0;39m [32mcom.geo.dsp.GeoDspApplication[0;39m - No active profile set, falling back to 1 default profile: "default"
[31m2026-06-03 15:34:33.797[0;39m [33m[restartedMain][0;39m [34mINFO [0;39m [32mo.s.boot.devtools.restart.ChangeableUrls[0;39m - The Class-Path manifest attribute in C:\Users\22317\.m2\repository\com\sun\xml\bind\jaxb-core\4.0.5\jaxb-core-4.0.5.jar referenced one or more files that do not exist: file:/C:/Users/22317/.m2/repository/com/sun/xml/bind/jaxb-core/4.0.5/jakarta.activation-api.jar,file:/C:/Users/22317/.m2/repository/com/sun/xml/bind/jaxb-core/4.0.5/jakarta.xml.bind-api.jar
[31m2026-06-03 15:34:33.797[0;39m [33m[restartedMain][0;39m [34mINFO [0;39m [32mo.s.boot.devtools.restart.ChangeableUrls[0;39m - The Class-Path manifest attribute in C:\Users\22317\.m2\repository\com\sun\xml\bind\jaxb-impl\4.0.5\jaxb-impl-4.0.5.jar referenced one or more files that do not exist: file:/C:/Users/22317/.m2/repository/com/sun/xml/bind/jaxb-impl/4.0.5/jaxb-core.jar,file:/C:/Users/22317/.m2/repository/com/sun/xml/bind/jaxb-impl/4.0.5/angus-activation.jar
[31m2026-06-03 15:34:33.798[0;39m [33m[restartedMain][0;39m [34mINFO [0;39m [32mo.s.b.d.env.DevToolsPropertyDefaultsPostProcessor[0;39m - Devtools property defaults active! Set 'spring.devtools.add-properties' to 'false' to disable
[31m2026-06-03 15:34:33.798[0;39m [33m[restartedMain][0;39m [34mINFO [0;39m [32mo.s.b.d.env.DevToolsPropertyDefaultsPostProcessor[0;39m - For additional web related logging consider setting the 'logging.level.web' property to 'DEBUG'
[31m2026-06-03 15:34:34.863[0;39m [33m[restartedMain][0;39m [34mINFO [0;39m [32mo.s.boot.web.embedded.tomcat.TomcatWebServer[0;39m - Tomcat initialized with port 9966 (http)
[31m2026-06-03 15:34:34.872[0;39m [33m[restartedMain][0;39m [34mINFO [0;39m [32morg.apache.coyote.http11.Http11NioProtocol[0;39m - Initializing ProtocolHandler ["http-nio-9966"]
[31m2026-06-03 15:34:34.873[0;39m [33m[restartedMain][0;39m [34mINFO [0;39m [32morg.apache.catalina.core.StandardService[0;39m - Starting service [Tomcat]
[31m2026-06-03 15:34:34.873[0;39m [33m[restartedMain][0;39m [34mINFO [0;39m [32morg.apache.catalina.core.StandardEngine[0;39m - Starting Servlet engine: [Apache Tomcat/10.1.33]
[31m2026-06-03 15:34:34.912[0;39m [33m[restartedMain][0;39m [34mINFO [0;39m [32mo.a.c.c.ContainerBase.[Tomcat].[localhost].[/geo][0;39m - Initializing Spring embedded WebApplicationContext
[31m2026-06-03 15:34:34.912[0;39m [33m[restartedMain][0;39m [34mINFO [0;39m [32mo.s.b.w.s.c.ServletWebServerApplicationContext[0;39m - Root WebApplicationContext: initialization completed in 1114 ms
[31m2026-06-03 15:34:36.102[0;39m [33m[restartedMain][0;39m [34mINFO [0;39m [32mo.s.b.d.autoconfigure.OptionalLiveReloadServer[0;39m - LiveReload server is running on port 35729
[31m2026-06-03 15:34:36.145[0;39m [33m[restartedMain][0;39m [34mINFO [0;39m [32morg.apache.coyote.http11.Http11NioProtocol[0;39m - Starting ProtocolHandler ["http-nio-9966"]
[31m2026-06-03 15:34:57.132[0;39m [33m[background-preinit][0;39m [34mINFO [0;39m [32morg.hibernate.validator.internal.util.Version[0;39m - HV000001: Hibernate Validator 8.0.1.Final
[31m2026-06-03 15:34:57.162[0;39m [33m[restartedMain][0;39m [34mINFO [0;39m [32mcom.geo.dsp.GeoDspApplication[0;39m - Starting GeoDspApplication using Java 17.0.17 with PID 78964 (C:\Users\22317\Desktop\bbb\geodspp\GeoDsp(1)\GeoDsp\target\classes started by 22317 in C:\Users\22317\Desktop\bbb\geodspp\GeoDsp(1))
[31m2026-06-03 15:34:57.163[0;39m [33m[restartedMain][0;39m [34mINFO [0;39m [32mcom.geo.dsp.GeoDspApplication[0;39m - No active profile set, falling back to 1 default profile: "default"
[31m2026-06-03 15:34:57.195[0;39m [33m[restartedMain][0;39m [34mINFO [0;39m [32mo.s.boot.devtools.restart.ChangeableUrls[0;39m - The Class-Path manifest attribute in C:\Users\22317\.m2\repository\com\sun\xml\bind\jaxb-core\4.0.5\jaxb-core-4.0.5.jar referenced one or more files that do not exist: file:/C:/Users/22317/.m2/repository/com/sun/xml/bind/jaxb-core/4.0.5/jakarta.activation-api.jar,file:/C:/Users/22317/.m2/repository/com/sun/xml/bind/jaxb-core/4.0.5/jakarta.xml.bind-api.jar
[31m2026-06-03 15:34:57.196[0;39m [33m[restartedMain][0;39m [34mINFO [0;39m [32mo.s.boot.devtools.restart.ChangeableUrls[0;39m - The Class-Path manifest attribute in C:\Users\22317\.m2\repository\com\sun\xml\bind\jaxb-impl\4.0.5\jaxb-impl-4.0.5.jar referenced one or more files that do not exist: file:/C:/Users/22317/.m2/repository/com/sun/xml/bind/jaxb-impl/4.0.5/jaxb-core.jar,file:/C:/Users/22317/.m2/repository/com/sun/xml/bind/jaxb-impl/4.0.5/angus-activation.jar
[31m2026-06-03 15:34:57.196[0;39m [33m[restartedMain][0;39m [34mINFO [0;39m [32mo.s.b.d.env.DevToolsPropertyDefaultsPostProcessor[0;39m - Devtools property defaults active! Set 'spring.devtools.add-properties' to 'false' to disable
[31m2026-06-03 15:34:57.196[0;39m [33m[restartedMain][0;39m [34mINFO [0;39m [32mo.s.b.d.env.DevToolsPropertyDefaultsPostProcessor[0;39m - For additional web related logging consider setting the 'logging.level.web' property to 'DEBUG'
[31m2026-06-03 15:34:58.249[0;39m [33m[restartedMain][0;39m [34mINFO [0;39m [32mo.s.boot.web.embedded.tomcat.TomcatWebServer[0;39m - Tomcat initialized with port 9966 (http)
[31m2026-06-03 15:34:58.257[0;39m [33m[restartedMain][0;39m [34mINFO [0;39m [32morg.apache.coyote.http11.Http11NioProtocol[0;39m - Initializing ProtocolHandler ["http-nio-9966"]
[31m2026-06-03 15:34:58.258[0;39m [33m[restartedMain][0;39m [34mINFO [0;39m [32morg.apache.catalina.core.StandardService[0;39m - Starting service [Tomcat]
[31m2026-06-03 15:34:58.258[0;39m [33m[restartedMain][0;39m [34mINFO [0;39m [32morg.apache.catalina.core.StandardEngine[0;39m - Starting Servlet engine: [Apache Tomcat/10.1.33]
[31m2026-06-03 15:34:58.295[0;39m [33m[restartedMain][0;39m [34mINFO [0;39m [32mo.a.c.c.ContainerBase.[Tomcat].[localhost].[/geo][0;39m - Initializing Spring embedded WebApplicationContext
[31m2026-06-03 15:34:58.295[0;39m [33m[restartedMain][0;39m [34mINFO [0;39m [32mo.s.b.w.s.c.ServletWebServerApplicationContext[0;39m - Root WebApplicationContext: initialization completed in 1099 ms
[31m2026-06-03 15:34:59.431[0;39m [33m[restartedMain][0;39m [34mINFO [0;39m [32mo.s.b.d.autoconfigure.OptionalLiveReloadServer[0;39m - LiveReload server is running on port 35729
[31m2026-06-03 15:34:59.465[0;39m [33m[restartedMain][0;39m [34mINFO [0;39m [32morg.apache.coyote.http11.Http11NioProtocol[0;39m - Starting ProtocolHandler ["http-nio-9966"]
[31m2026-06-03 15:34:59.478[0;39m [33m[restartedMain][0;39m [34mINFO [0;39m [32mo.s.boot.web.embedded.tomcat.TomcatWebServer[0;39m - Tomcat started on port 9966 (http) with context path '/geo'
[31m2026-06-03 15:34:59.493[0;39m [33m[restartedMain][0;39m [34mINFO [0;39m [32mcom.geo.dsp.GeoDspApplication[0;39m - Started GeoDspApplication in 2.655 seconds (process running for 3.16)
[31m2026-06-03 15:35:09.181[0;39m [33m[http-nio-9966-exec-1][0;39m [34mINFO [0;39m [32mo.a.c.c.ContainerBase.[Tomcat].[localhost].[/geo][0;39m - Initializing Spring DispatcherServlet 'dispatcherServlet'
[31m2026-06-03 15:35:09.182[0;39m [33m[http-nio-9966-exec-1][0;39m [34mINFO [0;39m [32morg.springframework.web.servlet.DispatcherServlet[0;39m - Initializing Servlet 'dispatcherServlet'
[31m2026-06-03 15:35:09.183[0;39m [33m[http-nio-9966-exec-1][0;39m [34mINFO [0;39m [32morg.springframework.web.servlet.DispatcherServlet[0;39m - Completed initialization in 1 ms
[31m2026-06-03 15:35:09.400[0;39m [33m[http-nio-9966-exec-1][0;39m [34mINFO [0;39m [32mcom.zaxxer.hikari.HikariDataSource[0;39m - HikariPool-1 - Starting...
[31m2026-06-03 15:35:09.567[0;39m [33m[http-nio-9966-exec-1][0;39m [34mINFO [0;39m [32mcom.zaxxer.hikari.pool.HikariPool[0;39m - HikariPool-1 - Added connection org.postgresql.jdbc.PgConnection@72a3386
[31m2026-06-03 15:35:09.569[0;39m [33m[http-nio-9966-exec-1][0;39m [34mINFO [0;39m [32mcom.zaxxer.hikari.HikariDataSource[0;39m - HikariPool-1 - Start completed.
[31m2026-06-03 15:35:15.188[0;39m [33m[http-nio-9966-exec-3][0;39m [34mINFO [0;39m [32mc.g.dsp.module.login.service.impl.LoginServiceImpl[0;39m - 用户登出
[31m2026-06-03 15:35:22.044[0;39m [33m[http-nio-9966-exec-2][0;39m [34mINFO [0;39m [32mc.g.dsp.module.login.service.impl.LoginServiceImpl[0;39m - 用户 test001 登录成功
[31m2026-06-03 15:37:17.862[0;39m [33m[File Watcher][0;39m [34mINFO [0;39m [32mo.s.b.d.a.LocalDevToolsAutoConfiguration$RestartingClassPathChangeChangedEventListener[0;39m - Restarting due to 2 class path changes (2 additions, 0 deletions, 0 modifications)
[31m2026-06-03 15:37:17.865[0;39m [33m[Thread-5][0;39m [34mINFO [0;39m [32mo.s.boot.web.embedded.tomcat.GracefulShutdown[0;39m - Commencing graceful shutdown. Waiting for active requests to complete
[31m2026-06-03 15:37:17.865[0;39m [33m[tomcat-shutdown][0;39m [34mINFO [0;39m [32morg.apache.coyote.http11.Http11NioProtocol[0;39m - Pausing ProtocolHandler ["http-nio-9966"]
[31m2026-06-03 15:37:18.150[0;39m [33m[tomcat-shutdown][0;39m [34mINFO [0;39m [32mo.s.boot.web.embedded.tomcat.GracefulShutdown[0;39m - Graceful shutdown complete
[31m2026-06-03 15:37:18.151[0;39m [33m[Thread-5][0;39m [34mINFO [0;39m [32morg.apache.coyote.http11.Http11NioProtocol[0;39m - Stopping ProtocolHandler ["http-nio-9966"]
[31m2026-06-03 15:37:18.165[0;39m [33m[Thread-5][0;39m [34mINFO [0;39m [32mcom.zaxxer.hikari.HikariDataSource[0;39m - HikariPool-1 - Shutdown initiated...
[31m2026-06-03 15:37:18.167[0;39m [33m[Thread-5][0;39m [34mINFO [0;39m [32mcom.zaxxer.hikari.HikariDataSource[0;39m - HikariPool-1 - Shutdown completed.
[31m2026-06-03 15:37:18.220[0;39m [33m[restartedMain][0;39m [34mINFO [0;39m [32mcom.geo.dsp.GeoDspApplication[0;39m - Starting GeoDspApplication using Java 17.0.17 with PID 78964 (C:\Users\22317\Desktop\bbb\geodspp\GeoDsp(1)\GeoDsp\target\classes started by 22317 in C:\Users\22317\Desktop\bbb\geodspp\GeoDsp(1))
[31m2026-06-03 15:37:18.221[0;39m [33m[restartedMain][0;39m [34mINFO [0;39m [32mcom.geo.dsp.GeoDspApplication[0;39m - No active profile set, falling back to 1 default profile: "default"
[31m2026-06-03 15:37:18.438[0;39m [33m[restartedMain][0;39m [34mINFO [0;39m [32mo.s.boot.web.embedded.tomcat.TomcatWebServer[0;39m - Tomcat initialized with port 9966 (http)
[31m2026-06-03 15:37:18.438[0;39m [33m[restartedMain][0;39m [34mINFO [0;39m [32morg.apache.coyote.http11.Http11NioProtocol[0;39m - Initializing ProtocolHandler ["http-nio-9966"]
[31m2026-06-03 15:37:18.438[0;39m [33m[restartedMain][0;39m [34mINFO [0;39m [32morg.apache.catalina.core.StandardService[0;39m - Starting service [Tomcat]
[31m2026-06-03 15:37:18.438[0;39m [33m[restartedMain][0;39m [34mINFO [0;39m [32morg.apache.catalina.core.StandardEngine[0;39m - Starting Servlet engine: [Apache Tomcat/10.1.33]
[31m2026-06-03 15:37:18.454[0;39m [33m[restartedMain][0;39m [34mINFO [0;39m [32mo.a.c.c.ContainerBase.[Tomcat].[localhost].[/geo][0;39m - Initializing Spring embedded WebApplicationContext
[31m2026-06-03 15:37:18.454[0;39m [33m[restartedMain][0;39m [34mINFO [0;39m [32mo.s.b.w.s.c.ServletWebServerApplicationContext[0;39m - Root WebApplicationContext: initialization completed in 232 ms
[31m2026-06-03 15:37:18.741[0;39m [33m[restartedMain][0;39m [34mINFO [0;39m [32mo.s.b.d.autoconfigure.OptionalLiveReloadServer[0;39m - LiveReload server is running on port 35729
[31m2026-06-03 15:37:18.753[0;39m [33m[restartedMain][0;39m [34mINFO [0;39m [32morg.apache.coyote.http11.Http11NioProtocol[0;39m - Starting ProtocolHandler ["http-nio-9966"]
[31m2026-06-03 15:37:18.755[0;39m [33m[restartedMain][0;39m [34mINFO [0;39m [32mo.s.boot.web.embedded.tomcat.TomcatWebServer[0;39m - Tomcat started on port 9966 (http) with context path '/geo'
[31m2026-06-03 15:37:18.760[0;39m [33m[restartedMain][0;39m [34mINFO [0;39m [32mcom.geo.dsp.GeoDspApplication[0;39m - Started GeoDspApplication in 0.558 seconds (process running for 142.427)
[31m2026-06-03 15:37:18.761[0;39m [33m[restartedMain][0;39m [34mINFO [0;39m [32mo.s.b.d.a.ConditionEvaluationDeltaLoggingListener[0;39m - Condition evaluation unchanged
[31m2026-06-03 15:37:26.379[0;39m [33m[File Watcher][0;39m [34mINFO [0;39m [32mo.s.b.d.a.LocalDevToolsAutoConfiguration$RestartingClassPathChangeChangedEventListener[0;39m - Restarting due to 202 class path changes (0 additions, 201 deletions, 1 modification)
[31m2026-06-03 15:37:26.382[0;39m [33m[Thread-7][0;39m [34mINFO [0;39m [32mo.s.boot.web.embedded.tomcat.GracefulShutdown[0;39m - Commencing graceful shutdown. Waiting for active requests to complete
[31m2026-06-03 15:37:26.382[0;39m [33m[tomcat-shutdown][0;39m [34mINFO [0;39m [32morg.apache.coyote.http11.Http11NioProtocol[0;39m - Pausing ProtocolHandler ["http-nio-9966"]
[31m2026-06-03 15:37:26.821[0;39m [33m[tomcat-shutdown][0;39m [34mINFO [0;39m [32mo.s.boot.web.embedded.tomcat.GracefulShutdown[0;39m - Graceful shutdown complete
[31m2026-06-03 15:37:26.822[0;39m [33m[Thread-7][0;39m [34mINFO [0;39m [32morg.apache.coyote.http11.Http11NioProtocol[0;39m - Stopping ProtocolHandler ["http-nio-9966"]
[31m2026-06-03 15:37:26.909[0;39m [33m[restartedMain][0;39m [34mINFO [0;39m [32mcom.geo.dsp.GeoDspApplication[0;39m - Starting GeoDspApplication using Java 17.0.17 with PID 78964 (C:\Users\22317\Desktop\bbb\geodspp\GeoDsp(1)\GeoDsp\target\classes started by 22317 in C:\Users\22317\Desktop\bbb\geodspp\GeoDsp(1))
[31m2026-06-03 15:37:26.909[0;39m [33m[restartedMain][0;39m [34mINFO [0;39m [32mcom.geo.dsp.GeoDspApplication[0;39m - No active profile set, falling back to 1 default profile: "default"
[31m2026-06-03 15:37:27.127[0;39m [33m[restartedMain][0;39m [34mINFO [0;39m [32mo.s.boot.web.embedded.tomcat.TomcatWebServer[0;39m - Tomcat initialized with port 9966 (http)
[31m2026-06-03 15:37:27.127[0;39m [33m[restartedMain][0;39m [34mINFO [0;39m [32morg.apache.coyote.http11.Http11NioProtocol[0;39m - Initializing ProtocolHandler ["http-nio-9966"]
[31m2026-06-03 15:37:27.127[0;39m [33m[restartedMain][0;39m [34mINFO [0;39m [32morg.apache.catalina.core.StandardService[0;39m - Starting service [Tomcat]
[31m2026-06-03 15:37:27.127[0;39m [33m[restartedMain][0;39m [34mINFO [0;39m [32morg.apache.catalina.core.StandardEngine[0;39m - Starting Servlet engine: [Apache Tomcat/10.1.33]
[31m2026-06-03 15:37:27.147[0;39m [33m[restartedMain][0;39m [34mINFO [0;39m [32mo.a.c.c.ContainerBase.[Tomcat].[localhost].[/geo][0;39m - Initializing Spring embedded WebApplicationContext
[31m2026-06-03 15:37:27.147[0;39m [33m[restartedMain][0;39m [34mINFO [0;39m [32mo.s.b.w.s.c.ServletWebServerApplicationContext[0;39m - Root WebApplicationContext: initialization completed in 236 ms
[31m2026-06-03 15:37:27.235[0;39m [33m[restartedMain][0;39m [34mINFO [0;39m [32morg.apache.catalina.core.StandardService[0;39m - Stopping service [Tomcat]
[31m2026-06-03 15:37:31.098[0;39m [33m[restartedMain][0;39m [34mINFO [0;39m [32mcom.geo.dsp.GeoDspApplication[0;39m - Starting GeoDspApplication using Java 17.0.17 with PID 78964 (C:\Users\22317\Desktop\bbb\geodspp\GeoDsp(1)\GeoDsp\target\classes started by 22317 in C:\Users\22317\Desktop\bbb\geodspp\GeoDsp(1))
[31m2026-06-03 15:37:31.098[0;39m [33m[restartedMain][0;39m [34mINFO [0;39m [32mcom.geo.dsp.GeoDspApplication[0;39m - No active profile set, falling back to 1 default profile: "default"
[31m2026-06-03 15:37:31.618[0;39m [33m[restartedMain][0;39m [34mINFO [0;39m [32mo.s.boot.web.embedded.tomcat.TomcatWebServer[0;39m - Tomcat initialized with port 9966 (http)
[31m2026-06-03 15:37:31.619[0;39m [33m[restartedMain][0;39m [34mINFO [0;39m [32morg.apache.coyote.http11.Http11NioProtocol[0;39m - Initializing ProtocolHandler ["http-nio-9966"]
[31m2026-06-03 15:37:31.619[0;39m [33m[restartedMain][0;39m [34mINFO [0;39m [32morg.apache.catalina.core.StandardService[0;39m - Starting service [Tomcat]
[31m2026-06-03 15:37:31.619[0;39m [33m[restartedMain][0;39m [34mINFO [0;39m [32morg.apache.catalina.core.StandardEngine[0;39m - Starting Servlet engine: [Apache Tomcat/10.1.33]
[31m2026-06-03 15:37:31.641[0;39m [33m[restartedMain][0;39m [34mINFO [0;39m [32mo.a.c.c.C.[Tomcat-1].[localhost].[/geo][0;39m - Initializing Spring embedded WebApplicationContext
[31m2026-06-03 15:37:31.641[0;39m [33m[restartedMain][0;39m [34mINFO [0;39m [32mo.s.b.w.s.c.ServletWebServerApplicationContext[0;39m - Root WebApplicationContext: initialization completed in 542 ms
[31m2026-06-03 15:37:32.120[0;39m [33m[restartedMain][0;39m [34mINFO [0;39m [32mo.s.b.d.autoconfigure.OptionalLiveReloadServer[0;39m - LiveReload server is running on port 35729
[31m2026-06-03 15:37:32.137[0;39m [33m[restartedMain][0;39m [34mINFO [0;39m [32morg.apache.coyote.http11.Http11NioProtocol[0;39m - Starting ProtocolHandler ["http-nio-9966"]
[31m2026-06-03 15:37:32.140[0;39m [33m[restartedMain][0;39m [34mINFO [0;39m [32mo.s.boot.web.embedded.tomcat.TomcatWebServer[0;39m - Tomcat started on port 9966 (http) with context path '/geo'
[31m2026-06-03 15:37:32.146[0;39m [33m[restartedMain][0;39m [34mINFO [0;39m [32mcom.geo.dsp.GeoDspApplication[0;39m - Started GeoDspApplication in 1.077 seconds (process running for 155.813)
[31m2026-06-03 15:37:32.148[0;39m [33m[restartedMain][0;39m [34mINFO [0;39m [32mo.s.b.d.a.ConditionEvaluationDeltaLoggingListener[0;39m - Condition evaluation unchanged
[31m2026-06-03 15:40:35.396[0;39m [33m[background-preinit][0;39m [34mINFO [0;39m [32morg.hibernate.validator.internal.util.Version[0;39m - HV000001: Hibernate Validator 8.0.1.Final
[31m2026-06-03 15:40:35.426[0;39m [33m[restartedMain][0;39m [34mINFO [0;39m [32mcom.geo.dsp.GeoDspApplication[0;39m - Starting GeoDspApplication using Java 17.0.17 with PID 109752 (C:\Users\22317\Desktop\bbb\geodspp\GeoDsp(1)\GeoDsp\target\classes started by 22317 in C:\Users\22317\Desktop\bbb\geodspp\GeoDsp(1))
[31m2026-06-03 15:40:35.427[0;39m [33m[restartedMain][0;39m [34mINFO [0;39m [32mcom.geo.dsp.GeoDspApplication[0;39m - No active profile set, falling back to 1 default profile: "default"
[31m2026-06-03 15:40:35.456[0;39m [33m[restartedMain][0;39m [34mINFO [0;39m [32mo.s.boot.devtools.restart.ChangeableUrls[0;39m - The Class-Path manifest attribute in C:\Users\22317\.m2\repository\com\sun\xml\bind\jaxb-core\4.0.5\jaxb-core-4.0.5.jar referenced one or more files that do not exist: file:/C:/Users/22317/.m2/repository/com/sun/xml/bind/jaxb-core/4.0.5/jakarta.activation-api.jar,file:/C:/Users/22317/.m2/repository/com/sun/xml/bind/jaxb-core/4.0.5/jakarta.xml.bind-api.jar
[31m2026-06-03 15:40:35.456[0;39m [33m[restartedMain][0;39m [34mINFO [0;39m [32mo.s.boot.devtools.restart.ChangeableUrls[0;39m - The Class-Path manifest attribute in C:\Users\22317\.m2\repository\com\sun\xml\bind\jaxb-impl\4.0.5\jaxb-impl-4.0.5.jar referenced one or more files that do not exist: file:/C:/Users/22317/.m2/repository/com/sun/xml/bind/jaxb-impl/4.0.5/jaxb-core.jar,file:/C:/Users/22317/.m2/repository/com/sun/xml/bind/jaxb-impl/4.0.5/angus-activation.jar
[31m2026-06-03 15:40:35.456[0;39m [33m[restartedMain][0;39m [34mINFO [0;39m [32mo.s.b.d.env.DevToolsPropertyDefaultsPostProcessor[0;39m - Devtools property defaults active! Set 'spring.devtools.add-properties' to 'false' to disable
[31m2026-06-03 15:40:35.456[0;39m [33m[restartedMain][0;39m [34mINFO [0;39m [32mo.s.b.d.env.DevToolsPropertyDefaultsPostProcessor[0;39m - For additional web related logging consider setting the 'logging.level.web' property to 'DEBUG'
[31m2026-06-03 15:40:36.582[0;39m [33m[restartedMain][0;39m [34mINFO [0;39m [32mo.s.boot.web.embedded.tomcat.TomcatWebServer[0;39m - Tomcat initialized with port 9966 (http)
[31m2026-06-03 15:40:36.594[0;39m [33m[restartedMain][0;39m [34mINFO [0;39m [32morg.apache.coyote.http11.Http11NioProtocol[0;39m - Initializing ProtocolHandler ["http-nio-9966"]
[31m2026-06-03 15:40:36.595[0;39m [33m[restartedMain][0;39m [34mINFO [0;39m [32morg.apache.catalina.core.StandardService[0;39m - Starting service [Tomcat]
[31m2026-06-03 15:40:36.595[0;39m [33m[restartedMain][0;39m [34mINFO [0;39m [32morg.apache.catalina.core.StandardEngine[0;39m - Starting Servlet engine: [Apache Tomcat/10.1.33]
[31m2026-06-03 15:40:36.642[0;39m [33m[restartedMain][0;39m [34mINFO [0;39m [32mo.a.c.c.ContainerBase.[Tomcat].[localhost].[/geo][0;39m - Initializing Spring embedded WebApplicationContext
[31m2026-06-03 15:40:36.642[0;39m [33m[restartedMain][0;39m [34mINFO [0;39m [32mo.s.b.w.s.c.ServletWebServerApplicationContext[0;39m - Root WebApplicationContext: initialization completed in 1186 ms
[31m2026-06-03 15:40:37.827[0;39m [33m[restartedMain][0;39m [34mINFO [0;39m [32mo.s.b.d.autoconfigure.OptionalLiveReloadServer[0;39m - LiveReload server is running on port 35729
[31m2026-06-03 15:40:37.866[0;39m [33m[restartedMain][0;39m [34mINFO [0;39m [32morg.apache.coyote.http11.Http11NioProtocol[0;39m - Starting ProtocolHandler ["http-nio-9966"]
[31m2026-06-03 15:41:00.154[0;39m [33m[background-preinit][0;39m [34mINFO [0;39m [32morg.hibernate.validator.internal.util.Version[0;39m - HV000001: Hibernate Validator 8.0.1.Final
[31m2026-06-03 15:41:00.187[0;39m [33m[restartedMain][0;39m [34mINFO [0;39m [32mcom.geo.dsp.GeoDspApplication[0;39m - Starting GeoDspApplication using Java 17.0.17 with PID 141496 (C:\Users\22317\Desktop\bbb\geodspp\GeoDsp(1)\GeoDsp\target\classes started by 22317 in C:\Users\22317\Desktop\bbb\geodspp\GeoDsp(1))
[31m2026-06-03 15:41:00.188[0;39m [33m[restartedMain][0;39m [34mINFO [0;39m [32mcom.geo.dsp.GeoDspApplication[0;39m - No active profile set, falling back to 1 default profile: "default"
[31m2026-06-03 15:41:00.219[0;39m [33m[restartedMain][0;39m [34mINFO [0;39m [32mo.s.boot.devtools.restart.ChangeableUrls[0;39m - The Class-Path manifest attribute in C:\Users\22317\.m2\repository\com\sun\xml\bind\jaxb-core\4.0.5\jaxb-core-4.0.5.jar referenced one or more files that do not exist: file:/C:/Users/22317/.m2/repository/com/sun/xml/bind/jaxb-core/4.0.5/jakarta.activation-api.jar,file:/C:/Users/22317/.m2/repository/com/sun/xml/bind/jaxb-core/4.0.5/jakarta.xml.bind-api.jar
[31m2026-06-03 15:41:00.220[0;39m [33m[restartedMain][0;39m [34mINFO [0;39m [32mo.s.boot.devtools.restart.ChangeableUrls[0;39m - The Class-Path manifest attribute in C:\Users\22317\.m2\repository\com\sun\xml\bind\jaxb-impl\4.0.5\jaxb-impl-4.0.5.jar referenced one or more files that do not exist: file:/C:/Users/22317/.m2/repository/com/sun/xml/bind/jaxb-impl/4.0.5/jaxb-core.jar,file:/C:/Users/22317/.m2/repository/com/sun/xml/bind/jaxb-impl/4.0.5/angus-activation.jar
[31m2026-06-03 15:41:00.220[0;39m [33m[restartedMain][0;39m [34mINFO [0;39m [32mo.s.b.d.env.DevToolsPropertyDefaultsPostProcessor[0;39m - Devtools property defaults active! Set 'spring.devtools.add-properties' to 'false' to disable
[31m2026-06-03 15:41:00.220[0;39m [33m[restartedMain][0;39m [34mINFO [0;39m [32mo.s.b.d.env.DevToolsPropertyDefaultsPostProcessor[0;39m - For additional web related logging consider setting the 'logging.level.web' property to 'DEBUG'
[31m2026-06-03 15:41:01.302[0;39m [33m[restartedMain][0;39m [34mINFO [0;39m [32mo.s.boot.web.embedded.tomcat.TomcatWebServer[0;39m - Tomcat initialized with port 9966 (http)
[31m2026-06-03 15:41:01.310[0;39m [33m[restartedMain][0;39m [34mINFO [0;39m [32morg.apache.coyote.http11.Http11NioProtocol[0;39m - Initializing ProtocolHandler ["http-nio-9966"]
[31m2026-06-03 15:41:01.311[0;39m [33m[restartedMain][0;39m [34mINFO [0;39m [32morg.apache.catalina.core.StandardService[0;39m - Starting service [Tomcat]
[31m2026-06-03 15:41:01.312[0;39m [33m[restartedMain][0;39m [34mINFO [0;39m [32morg.apache.catalina.core.StandardEngine[0;39m - Starting Servlet engine: [Apache Tomcat/10.1.33]
[31m2026-06-03 15:41:01.349[0;39m [33m[restartedMain][0;39m [34mINFO [0;39m [32mo.a.c.c.ContainerBase.[Tomcat].[localhost].[/geo][0;39m - Initializing Spring embedded WebApplicationContext
[31m2026-06-03 15:41:01.350[0;39m [33m[restartedMain][0;39m [34mINFO [0;39m [32mo.s.b.w.s.c.ServletWebServerApplicationContext[0;39m - Root WebApplicationContext: initialization completed in 1130 ms
[31m2026-06-03 15:41:02.493[0;39m [33m[restartedMain][0;39m [34mINFO [0;39m [32mo.s.b.d.autoconfigure.OptionalLiveReloadServer[0;39m - LiveReload server is running on port 35729
[31m2026-06-03 15:41:02.530[0;39m [33m[restartedMain][0;39m [34mINFO [0;39m [32morg.apache.coyote.http11.Http11NioProtocol[0;39m - Starting ProtocolHandler ["http-nio-9966"]
[31m2026-06-03 15:41:02.543[0;39m [33m[restartedMain][0;39m [34mINFO [0;39m [32mo.s.boot.web.embedded.tomcat.TomcatWebServer[0;39m - Tomcat started on port 9966 (http) with context path '/geo'
[31m2026-06-03 15:41:02.557[0;39m [33m[restartedMain][0;39m [34mINFO [0;39m [32mcom.geo.dsp.GeoDspApplication[0;39m - Started GeoDspApplication in 2.689 seconds (process running for 3.157)
[31m2026-06-03 15:41:17.962[0;39m [33m[http-nio-9966-exec-1][0;39m [34mINFO [0;39m [32mo.a.c.c.ContainerBase.[Tomcat].[localhost].[/geo][0;39m - Initializing Spring DispatcherServlet 'dispatcherServlet'
[31m2026-06-03 15:41:17.962[0;39m [33m[http-nio-9966-exec-1][0;39m [34mINFO [0;39m [32morg.springframework.web.servlet.DispatcherServlet[0;39m - Initializing Servlet 'dispatcherServlet'
[31m2026-06-03 15:41:17.964[0;39m [33m[http-nio-9966-exec-1][0;39m [34mINFO [0;39m [32morg.springframework.web.servlet.DispatcherServlet[0;39m - Completed initialization in 2 ms
[31m2026-06-03 15:41:18.166[0;39m [33m[http-nio-9966-exec-1][0;39m [34mINFO [0;39m [32mcom.zaxxer.hikari.HikariDataSource[0;39m - HikariPool-1 - Starting...
[31m2026-06-03 15:41:18.348[0;39m [33m[http-nio-9966-exec-1][0;39m [34mINFO [0;39m [32mcom.zaxxer.hikari.pool.HikariPool[0;39m - HikariPool-1 - Added connection org.postgresql.jdbc.PgConnection@1bc70f19
[31m2026-06-03 15:41:18.350[0;39m [33m[http-nio-9966-exec-1][0;39m [34mINFO [0;39m [32mcom.zaxxer.hikari.HikariDataSource[0;39m - HikariPool-1 - Start completed.
[31m2026-06-03 15:47:50.735[0;39m [33m[File Watcher][0;39m [34mINFO [0;39m [32mo.s.b.d.a.LocalDevToolsAutoConfiguration$RestartingClassPathChangeChangedEventListener[0;39m - Restarting due to 3 class path changes (1 addition, 0 deletions, 2 modifications)
[31m2026-06-03 15:47:50.741[0;39m [33m[Thread-5][0;39m [34mINFO [0;39m [32mo.s.boot.web.embedded.tomcat.GracefulShutdown[0;39m - Commencing graceful shutdown. Waiting for active requests to complete
[31m2026-06-03 15:47:50.742[0;39m [33m[tomcat-shutdown][0;39m [34mINFO [0;39m [32morg.apache.coyote.http11.Http11NioProtocol[0;39m - Pausing ProtocolHandler ["http-nio-9966"]
[31m2026-06-03 15:47:51.051[0;39m [33m[tomcat-shutdown][0;39m [34mINFO [0;39m [32mo.s.boot.web.embedded.tomcat.GracefulShutdown[0;39m - Graceful shutdown complete
[31m2026-06-03 15:47:51.051[0;39m [33m[Thread-5][0;39m [34mINFO [0;39m [32morg.apache.coyote.http11.Http11NioProtocol[0;39m - Stopping ProtocolHandler ["http-nio-9966"]
[31m2026-06-03 15:47:51.070[0;39m [33m[Thread-5][0;39m [34mINFO [0;39m [32mcom.zaxxer.hikari.HikariDataSource[0;39m - HikariPool-1 - Shutdown initiated...
[31m2026-06-03 15:47:51.073[0;39m [33m[Thread-5][0;39m [34mINFO [0;39m [32mcom.zaxxer.hikari.HikariDataSource[0;39m - HikariPool-1 - Shutdown completed.
[31m2026-06-03 15:47:51.123[0;39m [33m[restartedMain][0;39m [34mINFO [0;39m [32mcom.geo.dsp.GeoDspApplication[0;39m - Starting GeoDspApplication using Java 17.0.17 with PID 141496 (C:\Users\22317\Desktop\bbb\geodspp\GeoDsp(1)\GeoDsp\target\classes started by 22317 in C:\Users\22317\Desktop\bbb\geodspp\GeoDsp(1))
[31m2026-06-03 15:47:51.123[0;39m [33m[restartedMain][0;39m [34mINFO [0;39m [32mcom.geo.dsp.GeoDspApplication[0;39m - No active profile set, falling back to 1 default profile: "default"
[31m2026-06-03 15:47:51.423[0;39m [33m[restartedMain][0;39m [34mINFO [0;39m [32mo.s.boot.web.embedded.tomcat.TomcatWebServer[0;39m - Tomcat initialized with port 9966 (http)
[31m2026-06-03 15:47:51.424[0;39m [33m[restartedMain][0;39m [34mINFO [0;39m [32morg.apache.coyote.http11.Http11NioProtocol[0;39m - Initializing ProtocolHandler ["http-nio-9966"]
[31m2026-06-03 15:47:51.424[0;39m [33m[restartedMain][0;39m [34mINFO [0;39m [32morg.apache.catalina.core.StandardService[0;39m - Starting service [Tomcat]
[31m2026-06-03 15:47:51.424[0;39m [33m[restartedMain][0;39m [34mINFO [0;39m [32morg.apache.catalina.core.StandardEngine[0;39m - Starting Servlet engine: [Apache Tomcat/10.1.33]
[31m2026-06-03 15:47:51.443[0;39m [33m[restartedMain][0;39m [34mINFO [0;39m [32mo.a.c.c.ContainerBase.[Tomcat].[localhost].[/geo][0;39m - Initializing Spring embedded WebApplicationContext
[31m2026-06-03 15:47:51.444[0;39m [33m[restartedMain][0;39m [34mINFO [0;39m [32mo.s.b.w.s.c.ServletWebServerApplicationContext[0;39m - Root WebApplicationContext: initialization completed in 319 ms
[31m2026-06-03 15:47:51.782[0;39m [33m[restartedMain][0;39m [34mINFO [0;39m [32mo.s.b.d.autoconfigure.OptionalLiveReloadServer[0;39m - LiveReload server is running on port 35729
[31m2026-06-03 15:47:51.798[0;39m [33m[restartedMain][0;39m [34mINFO [0;39m [32morg.apache.coyote.http11.Http11NioProtocol[0;39m - Starting ProtocolHandler ["http-nio-9966"]
[31m2026-06-03 15:47:51.801[0;39m [33m[restartedMain][0;39m [34mINFO [0;39m [32mo.s.boot.web.embedded.tomcat.TomcatWebServer[0;39m - Tomcat started on port 9966 (http) with context path '/geo'
[31m2026-06-03 15:47:51.807[0;39m [33m[restartedMain][0;39m [34mINFO [0;39m [32mcom.geo.dsp.GeoDspApplication[0;39m - Started GeoDspApplication in 0.703 seconds (process running for 412.406)
[31m2026-06-03 15:47:51.808[0;39m [33m[restartedMain][0;39m [34mINFO [0;39m [32mo.s.b.d.a.ConditionEvaluationDeltaLoggingListener[0;39m - Condition evaluation unchanged
[31m2026-06-03 15:47:58.764[0;39m [33m[File Watcher][0;39m [34mINFO [0;39m [32mo.s.b.d.a.LocalDevToolsAutoConfiguration$RestartingClassPathChangeChangedEventListener[0;39m - Restarting due to 203 class path changes (0 additions, 202 deletions, 1 modification)
[31m2026-06-03 15:47:58.767[0;39m [33m[Thread-7][0;39m [34mINFO [0;39m [32mo.s.boot.web.embedded.tomcat.GracefulShutdown[0;39m - Commencing graceful shutdown. Waiting for active requests to complete
[31m2026-06-03 15:47:58.767[0;39m [33m[tomcat-shutdown][0;39m [34mINFO [0;39m [32morg.apache.coyote.http11.Http11NioProtocol[0;39m - Pausing ProtocolHandler ["http-nio-9966"]
[31m2026-06-03 15:47:59.251[0;39m [33m[tomcat-shutdown][0;39m [34mINFO [0;39m [32mo.s.boot.web.embedded.tomcat.GracefulShutdown[0;39m - Graceful shutdown complete
[31m2026-06-03 15:47:59.252[0;39m [33m[Thread-7][0;39m [34mINFO [0;39m [32morg.apache.coyote.http11.Http11NioProtocol[0;39m - Stopping ProtocolHandler ["http-nio-9966"]
[31m2026-06-03 15:47:59.315[0;39m [33m[restartedMain][0;39m [34mINFO [0;39m [32mcom.geo.dsp.GeoDspApplication[0;39m - Starting GeoDspApplication using Java 17.0.17 with PID 141496 (C:\Users\22317\Desktop\bbb\geodspp\GeoDsp(1)\GeoDsp\target\classes started by 22317 in C:\Users\22317\Desktop\bbb\geodspp\GeoDsp(1))
[31m2026-06-03 15:47:59.316[0;39m [33m[restartedMain][0;39m [34mINFO [0;39m [32mcom.geo.dsp.GeoDspApplication[0;39m - No active profile set, falling back to 1 default profile: "default"
[31m2026-06-03 15:47:59.498[0;39m [33m[restartedMain][0;39m [34mINFO [0;39m [32mo.s.boot.web.embedded.tomcat.TomcatWebServer[0;39m - Tomcat initialized with port 9966 (http)
[31m2026-06-03 15:47:59.499[0;39m [33m[restartedMain][0;39m [34mINFO [0;39m [32morg.apache.coyote.http11.Http11NioProtocol[0;39m - Initializing ProtocolHandler ["http-nio-9966"]
[31m2026-06-03 15:47:59.499[0;39m [33m[restartedMain][0;39m [34mINFO [0;39m [32morg.apache.catalina.core.StandardService[0;39m - Starting service [Tomcat]
[31m2026-06-03 15:47:59.499[0;39m [33m[restartedMain][0;39m [34mINFO [0;39m [32morg.apache.catalina.core.StandardEngine[0;39m - Starting Servlet engine: [Apache Tomcat/10.1.33]
[31m2026-06-03 15:47:59.520[0;39m [33m[restartedMain][0;39m [34mINFO [0;39m [32mo.a.c.c.ContainerBase.[Tomcat].[localhost].[/geo][0;39m - Initializing Spring embedded WebApplicationContext
[31m2026-06-03 15:47:59.521[0;39m [33m[restartedMain][0;39m [34mINFO [0;39m [32mo.s.b.w.s.c.ServletWebServerApplicationContext[0;39m - Root WebApplicationContext: initialization completed in 204 ms
[31m2026-06-03 15:47:59.598[0;39m [33m[restartedMain][0;39m [34mINFO [0;39m [32morg.apache.catalina.core.StandardService[0;39m - Stopping service [Tomcat]
[31m2026-06-03 15:48:03.028[0;39m [33m[restartedMain][0;39m [34mINFO [0;39m [32mcom.geo.dsp.GeoDspApplication[0;39m - Starting GeoDspApplication using Java 17.0.17 with PID 141496 (C:\Users\22317\Desktop\bbb\geodspp\GeoDsp(1)\GeoDsp\target\classes started by 22317 in C:\Users\22317\Desktop\bbb\geodspp\GeoDsp(1))
[31m2026-06-03 15:48:03.029[0;39m [33m[restartedMain][0;39m [34mINFO [0;39m [32mcom.geo.dsp.GeoDspApplication[0;39m - No active profile set, falling back to 1 default profile: "default"
[31m2026-06-03 15:48:03.377[0;39m [33m[restartedMain][0;39m [34mINFO [0;39m [32mo.s.boot.web.embedded.tomcat.TomcatWebServer[0;39m - Tomcat initialized with port 9966 (http)
[31m2026-06-03 15:48:03.378[0;39m [33m[restartedMain][0;39m [34mINFO [0;39m [32morg.apache.coyote.http11.Http11NioProtocol[0;39m - Initializing ProtocolHandler ["http-nio-9966"]
[31m2026-06-03 15:48:03.378[0;39m [33m[restartedMain][0;39m [34mINFO [0;39m [32morg.apache.catalina.core.StandardService[0;39m - Starting service [Tomcat]
[31m2026-06-03 15:48:03.379[0;39m [33m[restartedMain][0;39m [34mINFO [0;39m [32morg.apache.catalina.core.StandardEngine[0;39m - Starting Servlet engine: [Apache Tomcat/10.1.33]
[31m2026-06-03 15:48:03.399[0;39m [33m[restartedMain][0;39m [34mINFO [0;39m [32mo.a.c.c.C.[Tomcat-1].[localhost].[/geo][0;39m - Initializing Spring embedded WebApplicationContext
[31m2026-06-03 15:48:03.399[0;39m [33m[restartedMain][0;39m [34mINFO [0;39m [32mo.s.b.w.s.c.ServletWebServerApplicationContext[0;39m - Root WebApplicationContext: initialization completed in 369 ms
[31m2026-06-03 15:48:03.771[0;39m [33m[restartedMain][0;39m [34mINFO [0;39m [32mo.s.b.d.autoconfigure.OptionalLiveReloadServer[0;39m - LiveReload server is running on port 35729
[31m2026-06-03 15:48:03.787[0;39m [33m[restartedMain][0;39m [34mINFO [0;39m [32morg.apache.coyote.http11.Http11NioProtocol[0;39m - Starting ProtocolHandler ["http-nio-9966"]
[31m2026-06-03 15:48:03.789[0;39m [33m[restartedMain][0;39m [34mINFO [0;39m [32mo.s.boot.web.embedded.tomcat.TomcatWebServer[0;39m - Tomcat started on port 9966 (http) with context path '/geo'
[31m2026-06-03 15:48:03.796[0;39m [33m[restartedMain][0;39m [34mINFO [0;39m [32mcom.geo.dsp.GeoDspApplication[0;39m - Started GeoDspApplication in 0.792 seconds (process running for 424.395)
[31m2026-06-03 15:48:03.797[0;39m [33m[restartedMain][0;39m [34mINFO [0;39m [32mo.s.b.d.a.ConditionEvaluationDeltaLoggingListener[0;39m - Condition evaluation unchanged
[31m2026-06-03 15:48:14.497[0;39m [33m[File Watcher][0;39m [34mINFO [0;39m [32mo.s.b.d.a.LocalDevToolsAutoConfiguration$RestartingClassPathChangeChangedEventListener[0;39m - Restarting due to 203 class path changes (0 additions, 202 deletions, 1 modification)
[31m2026-06-03 15:48:14.499[0;39m [33m[Thread-11][0;39m [34mINFO [0;39m [32mo.s.boot.web.embedded.tomcat.GracefulShutdown[0;39m - Commencing graceful shutdown. Waiting for active requests to complete
[31m2026-06-03 15:48:14.500[0;39m [33m[tomcat-shutdown][0;39m [34mINFO [0;39m [32morg.apache.coyote.http11.Http11NioProtocol[0;39m - Pausing ProtocolHandler ["http-nio-9966"]
[31m2026-06-03 15:48:14.957[0;39m [33m[tomcat-shutdown][0;39m [34mINFO [0;39m [32mo.s.boot.web.embedded.tomcat.GracefulShutdown[0;39m - Graceful shutdown complete
[31m2026-06-03 15:48:14.957[0;39m [33m[Thread-11][0;39m [34mINFO [0;39m [32morg.apache.coyote.http11.Http11NioProtocol[0;39m - Stopping ProtocolHandler ["http-nio-9966"]
[31m2026-06-03 15:48:15.017[0;39m [33m[restartedMain][0;39m [34mINFO [0;39m [32mcom.geo.dsp.GeoDspApplication[0;39m - Starting GeoDspApplication using Java 17.0.17 with PID 141496 (C:\Users\22317\Desktop\bbb\geodspp\GeoDsp(1)\GeoDsp\target\classes started by 22317 in C:\Users\22317\Desktop\bbb\geodspp\GeoDsp(1))
[31m2026-06-03 15:48:15.018[0;39m [33m[restartedMain][0;39m [34mINFO [0;39m [32mcom.geo.dsp.GeoDspApplication[0;39m - No active profile set, falling back to 1 default profile: "default"
[31m2026-06-03 15:48:15.194[0;39m [33m[restartedMain][0;39m [34mINFO [0;39m [32mo.s.boot.web.embedded.tomcat.TomcatWebServer[0;39m - Tomcat initialized with port 9966 (http)
[31m2026-06-03 15:48:15.194[0;39m [33m[restartedMain][0;39m [34mINFO [0;39m [32morg.apache.coyote.http11.Http11NioProtocol[0;39m - Initializing ProtocolHandler ["http-nio-9966"]
[31m2026-06-03 15:48:15.194[0;39m [33m[restartedMain][0;39m [34mINFO [0;39m [32morg.apache.catalina.core.StandardService[0;39m - Starting service [Tomcat]
[31m2026-06-03 15:48:15.194[0;39m [33m[restartedMain][0;39m [34mINFO [0;39m [32morg.apache.catalina.core.StandardEngine[0;39m - Starting Servlet engine: [Apache Tomcat/10.1.33]
[31m2026-06-03 15:48:15.216[0;39m [33m[restartedMain][0;39m [34mINFO [0;39m [32mo.a.c.c.C.[Tomcat-1].[localhost].[/geo][0;39m - Initializing Spring embedded WebApplicationContext
[31m2026-06-03 15:48:15.216[0;39m [33m[restartedMain][0;39m [34mINFO [0;39m [32mo.s.b.w.s.c.ServletWebServerApplicationContext[0;39m - Root WebApplicationContext: initialization completed in 197 ms
[31m2026-06-03 15:48:15.318[0;39m [33m[restartedMain][0;39m [34mINFO [0;39m [32morg.apache.catalina.core.StandardService[0;39m - Stopping service [Tomcat]
[31m2026-06-03 15:48:18.704[0;39m [33m[restartedMain][0;39m [34mINFO [0;39m [32mcom.geo.dsp.GeoDspApplication[0;39m - Starting GeoDspApplication using Java 17.0.17 with PID 141496 (C:\Users\22317\Desktop\bbb\geodspp\GeoDsp(1)\GeoDsp\target\classes started by 22317 in C:\Users\22317\Desktop\bbb\geodspp\GeoDsp(1))
[31m2026-06-03 15:48:18.704[0;39m [33m[restartedMain][0;39m [34mINFO [0;39m [32mcom.geo.dsp.GeoDspApplication[0;39m - No active profile set, falling back to 1 default profile: "default"
[31m2026-06-03 15:48:19.022[0;39m [33m[restartedMain][0;39m [34mINFO [0;39m [32mo.s.boot.web.embedded.tomcat.TomcatWebServer[0;39m - Tomcat initialized with port 9966 (http)
[31m2026-06-03 15:48:19.023[0;39m [33m[restartedMain][0;39m [34mINFO [0;39m [32morg.apache.coyote.http11.Http11NioProtocol[0;39m - Initializing ProtocolHandler ["http-nio-9966"]
[31m2026-06-03 15:48:19.023[0;39m [33m[restartedMain][0;39m [34mINFO [0;39m [32morg.apache.catalina.core.StandardService[0;39m - Starting service [Tomcat]
[31m2026-06-03 15:48:19.023[0;39m [33m[restartedMain][0;39m [34mINFO [0;39m [32morg.apache.catalina.core.StandardEngine[0;39m - Starting Servlet engine: [Apache Tomcat/10.1.33]
[31m2026-06-03 15:48:19.053[0;39m [33m[restartedMain][0;39m [34mINFO [0;39m [32mo.a.c.c.C.[Tomcat-2].[localhost].[/geo][0;39m - Initializing Spring embedded WebApplicationContext
[31m2026-06-03 15:48:19.053[0;39m [33m[restartedMain][0;39m [34mINFO [0;39m [32mo.s.b.w.s.c.ServletWebServerApplicationContext[0;39m - Root WebApplicationContext: initialization completed in 348 ms
[31m2026-06-03 15:48:19.409[0;39m [33m[restartedMain][0;39m [34mINFO [0;39m [32mo.s.b.d.autoconfigure.OptionalLiveReloadServer[0;39m - LiveReload server is running on port 35729
[31m2026-06-03 15:48:19.419[0;39m [33m[restartedMain][0;39m [34mINFO [0;39m [32morg.apache.coyote.http11.Http11NioProtocol[0;39m - Starting ProtocolHandler ["http-nio-9966"]
[31m2026-06-03 15:48:19.421[0;39m [33m[restartedMain][0;39m [34mINFO [0;39m [32mo.s.boot.web.embedded.tomcat.TomcatWebServer[0;39m - Tomcat started on port 9966 (http) with context path '/geo'
[31m2026-06-03 15:48:19.427[0;39m [33m[restartedMain][0;39m [34mINFO [0;39m [32mcom.geo.dsp.GeoDspApplication[0;39m - Started GeoDspApplication in 0.739 seconds (process running for 440.027)
[31m2026-06-03 15:48:19.428[0;39m [33m[restartedMain][0;39m [34mINFO [0;39m [32mo.s.b.d.a.ConditionEvaluationDeltaLoggingListener[0;39m - Condition evaluation unchanged
[31m2026-06-03 15:55:16.293[0;39m [33m[background-preinit][0;39m [34mINFO [0;39m [32morg.hibernate.validator.internal.util.Version[0;39m - HV000001: Hibernate Validator 8.0.1.Final
[31m2026-06-03 15:55:16.326[0;39m [33m[restartedMain][0;39m [34mINFO [0;39m [32mcom.geo.dsp.GeoDspApplication[0;39m - Starting GeoDspApplication using Java 17.0.17 with PID 103444 (C:\Users\22317\Desktop\bbb\geodspp\GeoDsp(1)\GeoDsp\target\classes started by 22317 in C:\Users\22317\Desktop\bbb\geodspp\GeoDsp(1))
[31m2026-06-03 15:55:16.326[0;39m [33m[restartedMain][0;39m [34mINFO [0;39m [32mcom.geo.dsp.GeoDspApplication[0;39m - No active profile set, falling back to 1 default profile: "default"
[31m2026-06-03 15:55:16.359[0;39m [33m[restartedMain][0;39m [34mINFO [0;39m [32mo.s.boot.devtools.restart.ChangeableUrls[0;39m - The Class-Path manifest attribute in C:\Users\22317\.m2\repository\com\sun\xml\bind\jaxb-core\4.0.5\jaxb-core-4.0.5.jar referenced one or more files that do not exist: file:/C:/Users/22317/.m2/repository/com/sun/xml/bind/jaxb-core/4.0.5/jakarta.activation-api.jar,file:/C:/Users/22317/.m2/repository/com/sun/xml/bind/jaxb-core/4.0.5/jakarta.xml.bind-api.jar
[31m2026-06-03 15:55:16.359[0;39m [33m[restartedMain][0;39m [34mINFO [0;39m [32mo.s.boot.devtools.restart.ChangeableUrls[0;39m - The Class-Path manifest attribute in C:\Users\22317\.m2\repository\com\sun\xml\bind\jaxb-impl\4.0.5\jaxb-impl-4.0.5.jar referenced one or more files that do not exist: file:/C:/Users/22317/.m2/repository/com/sun/xml/bind/jaxb-impl/4.0.5/jaxb-core.jar,file:/C:/Users/22317/.m2/repository/com/sun/xml/bind/jaxb-impl/4.0.5/angus-activation.jar
[31m2026-06-03 15:55:16.359[0;39m [33m[restartedMain][0;39m [34mINFO [0;39m [32mo.s.b.d.env.DevToolsPropertyDefaultsPostProcessor[0;39m - Devtools property defaults active! Set 'spring.devtools.add-properties' to 'false' to disable
[31m2026-06-03 15:55:16.359[0;39m [33m[restartedMain][0;39m [34mINFO [0;39m [32mo.s.b.d.env.DevToolsPropertyDefaultsPostProcessor[0;39m - For additional web related logging consider setting the 'logging.level.web' property to 'DEBUG'
[31m2026-06-03 15:55:17.670[0;39m [33m[restartedMain][0;39m [34mINFO [0;39m [32mo.s.boot.web.embedded.tomcat.TomcatWebServer[0;39m - Tomcat initialized with port 9966 (http)
[31m2026-06-03 15:55:17.679[0;39m [33m[restartedMain][0;39m [34mINFO [0;39m [32morg.apache.coyote.http11.Http11NioProtocol[0;39m - Initializing ProtocolHandler ["http-nio-9966"]
[31m2026-06-03 15:55:17.680[0;39m [33m[restartedMain][0;39m [34mINFO [0;39m [32morg.apache.catalina.core.StandardService[0;39m - Starting service [Tomcat]
[31m2026-06-03 15:55:17.680[0;39m [33m[restartedMain][0;39m [34mINFO [0;39m [32morg.apache.catalina.core.StandardEngine[0;39m - Starting Servlet engine: [Apache Tomcat/10.1.33]
[31m2026-06-03 15:55:17.726[0;39m [33m[restartedMain][0;39m [34mINFO [0;39m [32mo.a.c.c.ContainerBase.[Tomcat].[localhost].[/geo][0;39m - Initializing Spring embedded WebApplicationContext
[31m2026-06-03 15:55:17.727[0;39m [33m[restartedMain][0;39m [34mINFO [0;39m [32mo.s.b.w.s.c.ServletWebServerApplicationContext[0;39m - Root WebApplicationContext: initialization completed in 1368 ms
[31m2026-06-03 15:55:19.087[0;39m [33m[restartedMain][0;39m [34mINFO [0;39m [32mo.s.b.d.autoconfigure.OptionalLiveReloadServer[0;39m - LiveReload server is running on port 35729
[31m2026-06-03 15:55:19.124[0;39m [33m[restartedMain][0;39m [34mINFO [0;39m [32morg.apache.coyote.http11.Http11NioProtocol[0;39m - Starting ProtocolHandler ["http-nio-9966"]
[31m2026-06-03 15:55:37.093[0;39m [33m[background-preinit][0;39m [34mINFO [0;39m [32morg.hibernate.validator.internal.util.Version[0;39m - HV000001: Hibernate Validator 8.0.1.Final
[31m2026-06-03 15:55:37.122[0;39m [33m[restartedMain][0;39m [34mINFO [0;39m [32mcom.geo.dsp.GeoDspApplication[0;39m - Starting GeoDspApplication using Java 17.0.17 with PID 107928 (C:\Users\22317\Desktop\bbb\geodspp\GeoDsp(1)\GeoDsp\target\classes started by 22317 in C:\Users\22317\Desktop\bbb\geodspp\GeoDsp(1))
[31m2026-06-03 15:55:37.123[0;39m [33m[restartedMain][0;39m [34mINFO [0;39m [32mcom.geo.dsp.GeoDspApplication[0;39m - No active profile set, falling back to 1 default profile: "default"
[31m2026-06-03 15:55:37.155[0;39m [33m[restartedMain][0;39m [34mINFO [0;39m [32mo.s.boot.devtools.restart.ChangeableUrls[0;39m - The Class-Path manifest attribute in C:\Users\22317\.m2\repository\com\sun\xml\bind\jaxb-core\4.0.5\jaxb-core-4.0.5.jar referenced one or more files that do not exist: file:/C:/Users/22317/.m2/repository/com/sun/xml/bind/jaxb-core/4.0.5/jakarta.activation-api.jar,file:/C:/Users/22317/.m2/repository/com/sun/xml/bind/jaxb-core/4.0.5/jakarta.xml.bind-api.jar
[31m2026-06-03 15:55:37.155[0;39m [33m[restartedMain][0;39m [34mINFO [0;39m [32mo.s.boot.devtools.restart.ChangeableUrls[0;39m - The Class-Path manifest attribute in C:\Users\22317\.m2\repository\com\sun\xml\bind\jaxb-impl\4.0.5\jaxb-impl-4.0.5.jar referenced one or more files that do not exist: file:/C:/Users/22317/.m2/repository/com/sun/xml/bind/jaxb-impl/4.0.5/jaxb-core.jar,file:/C:/Users/22317/.m2/repository/com/sun/xml/bind/jaxb-impl/4.0.5/angus-activation.jar
[31m2026-06-03 15:55:37.156[0;39m [33m[restartedMain][0;39m [34mINFO [0;39m [32mo.s.b.d.env.DevToolsPropertyDefaultsPostProcessor[0;39m - Devtools property defaults active! Set 'spring.devtools.add-properties' to 'false' to disable
[31m2026-06-03 15:55:37.156[0;39m [33m[restartedMain][0;39m [34mINFO [0;39m [32mo.s.b.d.env.DevToolsPropertyDefaultsPostProcessor[0;39m - For additional web related logging consider setting the 'logging.level.web' property to 'DEBUG'
[31m2026-06-03 15:55:38.223[0;39m [33m[restartedMain][0;39m [34mINFO [0;39m [32mo.s.boot.web.embedded.tomcat.TomcatWebServer[0;39m - Tomcat initialized with port 9966 (http)
[31m2026-06-03 15:55:38.231[0;39m [33m[restartedMain][0;39m [34mINFO [0;39m [32morg.apache.coyote.http11.Http11NioProtocol[0;39m - Initializing ProtocolHandler ["http-nio-9966"]
[31m2026-06-03 15:55:38.232[0;39m [33m[restartedMain][0;39m [34mINFO [0;39m [32morg.apache.catalina.core.StandardService[0;39m - Starting service [Tomcat]
[31m2026-06-03 15:55:38.232[0;39m [33m[restartedMain][0;39m [34mINFO [0;39m [32morg.apache.catalina.core.StandardEngine[0;39m - Starting Servlet engine: [Apache Tomcat/10.1.33]
[31m2026-06-03 15:55:38.273[0;39m [33m[restartedMain][0;39m [34mINFO [0;39m [32mo.a.c.c.ContainerBase.[Tomcat].[localhost].[/geo][0;39m - Initializing Spring embedded WebApplicationContext
[31m2026-06-03 15:55:38.273[0;39m [33m[restartedMain][0;39m [34mINFO [0;39m [32mo.s.b.w.s.c.ServletWebServerApplicationContext[0;39m - Root WebApplicationContext: initialization completed in 1117 ms
[31m2026-06-03 15:55:39.479[0;39m [33m[restartedMain][0;39m [34mINFO [0;39m [32mo.s.b.d.autoconfigure.OptionalLiveReloadServer[0;39m - LiveReload server is running on port 35729
[31m2026-06-03 15:55:39.518[0;39m [33m[restartedMain][0;39m [34mINFO [0;39m [32morg.apache.coyote.http11.Http11NioProtocol[0;39m - Starting ProtocolHandler ["http-nio-9966"]
[31m2026-06-03 15:55:39.531[0;39m [33m[restartedMain][0;39m [34mINFO [0;39m [32mo.s.boot.web.embedded.tomcat.TomcatWebServer[0;39m - Tomcat started on port 9966 (http) with context path '/geo'
[31m2026-06-03 15:55:39.546[0;39m [33m[restartedMain][0;39m [34mINFO [0;39m [32mcom.geo.dsp.GeoDspApplication[0;39m - Started GeoDspApplication in 2.736 seconds (process running for 3.16)
[31m2026-06-03 15:55:54.335[0;39m [33m[http-nio-9966-exec-1][0;39m [34mINFO [0;39m [32mo.a.c.c.ContainerBase.[Tomcat].[localhost].[/geo][0;39m - Initializing Spring DispatcherServlet 'dispatcherServlet'
[31m2026-06-03 15:55:54.336[0;39m [33m[http-nio-9966-exec-1][0;39m [34mINFO [0;39m [32morg.springframework.web.servlet.DispatcherServlet[0;39m - Initializing Servlet 'dispatcherServlet'
[31m2026-06-03 15:55:54.338[0;39m [33m[http-nio-9966-exec-1][0;39m [34mINFO [0;39m [32morg.springframework.web.servlet.DispatcherServlet[0;39m - Completed initialization in 1 ms
[31m2026-06-03 15:55:54.566[0;39m [33m[http-nio-9966-exec-1][0;39m [34mINFO [0;39m [32mcom.zaxxer.hikari.HikariDataSource[0;39m - HikariPool-1 - Starting...
[31m2026-06-03 15:55:54.735[0;39m [33m[http-nio-9966-exec-1][0;39m [34mINFO [0;39m [32mcom.zaxxer.hikari.pool.HikariPool[0;39m - HikariPool-1 - Added connection org.postgresql.jdbc.PgConnection@674de897
[31m2026-06-03 15:55:54.737[0;39m [33m[http-nio-9966-exec-1][0;39m [34mINFO [0;39m [32mcom.zaxxer.hikari.HikariDataSource[0;39m - HikariPool-1 - Start completed.
[31m2026-06-03 15:59:03.836[0;39m [33m[SpringApplicationShutdownHook][0;39m [34mINFO [0;39m [32mo.s.boot.web.embedded.tomcat.GracefulShutdown[0;39m - Commencing graceful shutdown. Waiting for active requests to complete
[31m2026-06-03 15:59:04.128[0;39m [33m[tomcat-shutdown][0;39m [34mINFO [0;39m [32mo.s.boot.web.embedded.tomcat.GracefulShutdown[0;39m - Graceful shutdown complete
[31m2026-06-03 15:59:04.143[0;39m [33m[SpringApplicationShutdownHook][0;39m [34mINFO [0;39m [32mcom.zaxxer.hikari.HikariDataSource[0;39m - HikariPool-1 - Shutdown initiated...
[31m2026-06-03 15:59:04.145[0;39m [33m[SpringApplicationShutdownHook][0;39m [34mINFO [0;39m [32mcom.zaxxer.hikari.HikariDataSource[0;39m - HikariPool-1 - Shutdown completed.
[31m2026-06-03 16:18:30.385[0;39m [33m[background-preinit][0;39m [34mINFO [0;39m [32morg.hibernate.validator.internal.util.Version[0;39m - HV000001: Hibernate Validator 8.0.1.Final
[31m2026-06-03 16:18:30.419[0;39m [33m[restartedMain][0;39m [34mINFO [0;39m [32mcom.geo.dsp.GeoDspApplication[0;39m - Starting GeoDspApplication using Java 17.0.17 with PID 24504 (C:\Users\22317\Desktop\bbb\geodspp\GeoDsp(1)\GeoDsp\target\classes started by 22317 in C:\Users\22317\Desktop\bbb\geodspp\GeoDsp(1))
[31m2026-06-03 16:18:30.420[0;39m [33m[restartedMain][0;39m [34mINFO [0;39m [32mcom.geo.dsp.GeoDspApplication[0;39m - No active profile set, falling back to 1 default profile: "default"
[31m2026-06-03 16:18:30.458[0;39m [33m[restartedMain][0;39m [34mINFO [0;39m [32mo.s.boot.devtools.restart.ChangeableUrls[0;39m - The Class-Path manifest attribute in C:\Users\22317\.m2\repository\com\sun\xml\bind\jaxb-core\4.0.5\jaxb-core-4.0.5.jar referenced one or more files that do not exist: file:/C:/Users/22317/.m2/repository/com/sun/xml/bind/jaxb-core/4.0.5/jakarta.activation-api.jar,file:/C:/Users/22317/.m2/repository/com/sun/xml/bind/jaxb-core/4.0.5/jakarta.xml.bind-api.jar
[31m2026-06-03 16:18:30.459[0;39m [33m[restartedMain][0;39m [34mINFO [0;39m [32mo.s.boot.devtools.restart.ChangeableUrls[0;39m - The Class-Path manifest attribute in C:\Users\22317\.m2\repository\com\sun\xml\bind\jaxb-impl\4.0.5\jaxb-impl-4.0.5.jar referenced one or more files that do not exist: file:/C:/Users/22317/.m2/repository/com/sun/xml/bind/jaxb-impl/4.0.5/jaxb-core.jar,file:/C:/Users/22317/.m2/repository/com/sun/xml/bind/jaxb-impl/4.0.5/angus-activation.jar
[31m2026-06-03 16:18:30.459[0;39m [33m[restartedMain][0;39m [34mINFO [0;39m [32mo.s.b.d.env.DevToolsPropertyDefaultsPostProcessor[0;39m - Devtools property defaults active! Set 'spring.devtools.add-properties' to 'false' to disable
[31m2026-06-03 16:18:30.459[0;39m [33m[restartedMain][0;39m [34mINFO [0;39m [32mo.s.b.d.env.DevToolsPropertyDefaultsPostProcessor[0;39m - For additional web related logging consider setting the 'logging.level.web' property to 'DEBUG'
[31m2026-06-03 16:18:31.828[0;39m [33m[restartedMain][0;39m [34mINFO [0;39m [32mo.s.boot.web.embedded.tomcat.TomcatWebServer[0;39m - Tomcat initialized with port 9966 (http)
[31m2026-06-03 16:18:31.838[0;39m [33m[restartedMain][0;39m [34mINFO [0;39m [32morg.apache.coyote.http11.Http11NioProtocol[0;39m - Initializing ProtocolHandler ["http-nio-9966"]
[31m2026-06-03 16:18:31.839[0;39m [33m[restartedMain][0;39m [34mINFO [0;39m [32morg.apache.catalina.core.StandardService[0;39m - Starting service [Tomcat]
[31m2026-06-03 16:18:31.839[0;39m [33m[restartedMain][0;39m [34mINFO [0;39m [32morg.apache.catalina.core.StandardEngine[0;39m - Starting Servlet engine: [Apache Tomcat/10.1.33]
[31m2026-06-03 16:18:31.884[0;39m [33m[restartedMain][0;39m [34mINFO [0;39m [32mo.a.c.c.ContainerBase.[Tomcat].[localhost].[/geo][0;39m - Initializing Spring embedded WebApplicationContext
[31m2026-06-03 16:18:31.884[0;39m [33m[restartedMain][0;39m [34mINFO [0;39m [32mo.s.b.w.s.c.ServletWebServerApplicationContext[0;39m - Root WebApplicationContext: initialization completed in 1425 ms
[31m2026-06-03 16:18:33.350[0;39m [33m[restartedMain][0;39m [34mINFO [0;39m [32mo.s.b.d.autoconfigure.OptionalLiveReloadServer[0;39m - LiveReload server is running on port 35729
[31m2026-06-03 16:18:33.390[0;39m [33m[restartedMain][0;39m [34mINFO [0;39m [32morg.apache.coyote.http11.Http11NioProtocol[0;39m - Starting ProtocolHandler ["http-nio-9966"]
[31m2026-06-03 16:18:33.401[0;39m [33m[restartedMain][0;39m [34mINFO [0;39m [32mo.s.boot.web.embedded.tomcat.TomcatWebServer[0;39m - Tomcat started on port 9966 (http) with context path '/geo'
[31m2026-06-03 16:18:33.417[0;39m [33m[restartedMain][0;39m [34mINFO [0;39m [32mcom.geo.dsp.GeoDspApplication[0;39m - Started GeoDspApplication in 3.367 seconds (process running for 4.05)
[31m2026-06-03 16:18:42.276[0;39m [33m[http-nio-9966-exec-1][0;39m [34mINFO [0;39m [32mo.a.c.c.ContainerBase.[Tomcat].[localhost].[/geo][0;39m - Initializing Spring DispatcherServlet 'dispatcherServlet'
[31m2026-06-03 16:18:42.276[0;39m [33m[http-nio-9966-exec-1][0;39m [34mINFO [0;39m [32morg.springframework.web.servlet.DispatcherServlet[0;39m - Initializing Servlet 'dispatcherServlet'
[31m2026-06-03 16:18:42.277[0;39m [33m[http-nio-9966-exec-1][0;39m [34mINFO [0;39m [32morg.springframework.web.servlet.DispatcherServlet[0;39m - Completed initialization in 1 ms
[31m2026-06-03 16:19:05.724[0;39m [33m[http-nio-9966-exec-3][0;39m [34mINFO [0;39m [32mcom.zaxxer.hikari.HikariDataSource[0;39m - HikariPool-1 - Starting...
[31m2026-06-03 16:19:06.005[0;39m [33m[http-nio-9966-exec-3][0;39m [34mINFO [0;39m [32mcom.zaxxer.hikari.pool.HikariPool[0;39m - HikariPool-1 - Added connection org.postgresql.jdbc.PgConnection@4dde0d95
[31m2026-06-03 16:19:06.006[0;39m [33m[http-nio-9966-exec-3][0;39m [34mINFO [0;39m [32mcom.zaxxer.hikari.HikariDataSource[0;39m - HikariPool-1 - Start completed.
[31m2026-06-03 16:19:06.371[0;39m [33m[http-nio-9966-exec-3][0;39m [34mINFO [0;39m [32mc.g.dsp.module.login.service.impl.LoginServiceImpl[0;39m - 用户 test001 登录成功
[31m2026-06-03 16:28:45.885[0;39m [33m[File Watcher][0;39m [34mINFO [0;39m [32mo.s.b.d.a.LocalDevToolsAutoConfiguration$RestartingClassPathChangeChangedEventListener[0;39m - Restarting due to 4 class path changes (0 additions, 0 deletions, 4 modifications)
[31m2026-06-03 16:28:45.888[0;39m [33m[Thread-5][0;39m [34mINFO [0;39m [32mo.s.boot.web.embedded.tomcat.GracefulShutdown[0;39m - Commencing graceful shutdown. Waiting for active requests to complete
[31m2026-06-03 16:28:45.889[0;39m [33m[tomcat-shutdown][0;39m [34mINFO [0;39m [32morg.apache.coyote.http11.Http11NioProtocol[0;39m - Pausing ProtocolHandler ["http-nio-9966"]
[31m2026-06-03 16:28:46.178[0;39m [33m[tomcat-shutdown][0;39m [34mINFO [0;39m [32mo.s.boot.web.embedded.tomcat.GracefulShutdown[0;39m - Graceful shutdown complete
[31m2026-06-03 16:28:46.178[0;39m [33m[Thread-5][0;39m [34mINFO [0;39m [32morg.apache.coyote.http11.Http11NioProtocol[0;39m - Stopping ProtocolHandler ["http-nio-9966"]
[31m2026-06-03 16:28:46.196[0;39m [33m[Thread-5][0;39m [34mINFO [0;39m [32mcom.zaxxer.hikari.HikariDataSource[0;39m - HikariPool-1 - Shutdown initiated...
[31m2026-06-03 16:28:46.199[0;39m [33m[Thread-5][0;39m [34mINFO [0;39m [32mcom.zaxxer.hikari.HikariDataSource[0;39m - HikariPool-1 - Shutdown completed.
[31m2026-06-03 16:28:46.249[0;39m [33m[restartedMain][0;39m [34mINFO [0;39m [32mcom.geo.dsp.GeoDspApplication[0;39m - Starting GeoDspApplication using Java 17.0.17 with PID 24504 (C:\Users\22317\Desktop\bbb\geodspp\GeoDsp(1)\GeoDsp\target\classes started by 22317 in C:\Users\22317\Desktop\bbb\geodspp\GeoDsp(1))
[31m2026-06-03 16:28:46.249[0;39m [33m[restartedMain][0;39m [34mINFO [0;39m [32mcom.geo.dsp.GeoDspApplication[0;39m - No active profile set, falling back to 1 default profile: "default"
[31m2026-06-03 16:28:46.481[0;39m [33m[restartedMain][0;39m [34mINFO [0;39m [32mo.s.boot.web.embedded.tomcat.TomcatWebServer[0;39m - Tomcat initialized with port 9966 (http)
[31m2026-06-03 16:28:46.481[0;39m [33m[restartedMain][0;39m [34mINFO [0;39m [32morg.apache.coyote.http11.Http11NioProtocol[0;39m - Initializing ProtocolHandler ["http-nio-9966"]
[31m2026-06-03 16:28:46.481[0;39m [33m[restartedMain][0;39m [34mINFO [0;39m [32morg.apache.catalina.core.StandardService[0;39m - Starting service [Tomcat]
[31m2026-06-03 16:28:46.481[0;39m [33m[restartedMain][0;39m [34mINFO [0;39m [32morg.apache.catalina.core.StandardEngine[0;39m - Starting Servlet engine: [Apache Tomcat/10.1.33]
[31m2026-06-03 16:28:46.497[0;39m [33m[restartedMain][0;39m [34mINFO [0;39m [32mo.a.c.c.ContainerBase.[Tomcat].[localhost].[/geo][0;39m - Initializing Spring embedded WebApplicationContext
[31m2026-06-03 16:28:46.497[0;39m [33m[restartedMain][0;39m [34mINFO [0;39m [32mo.s.b.w.s.c.ServletWebServerApplicationContext[0;39m - Root WebApplicationContext: initialization completed in 247 ms
[31m2026-06-03 16:28:46.798[0;39m [33m[restartedMain][0;39m [34mINFO [0;39m [32mo.s.b.d.autoconfigure.OptionalLiveReloadServer[0;39m - LiveReload server is running on port 35729
[31m2026-06-03 16:28:46.810[0;39m [33m[restartedMain][0;39m [34mINFO [0;39m [32morg.apache.coyote.http11.Http11NioProtocol[0;39m - Starting ProtocolHandler ["http-nio-9966"]
[31m2026-06-03 16:28:46.813[0;39m [33m[restartedMain][0;39m [34mINFO [0;39m [32mo.s.boot.web.embedded.tomcat.TomcatWebServer[0;39m - Tomcat started on port 9966 (http) with context path '/geo'
[31m2026-06-03 16:28:46.819[0;39m [33m[restartedMain][0;39m [34mINFO [0;39m [32mcom.geo.dsp.GeoDspApplication[0;39m - Started GeoDspApplication in 0.589 seconds (process running for 617.452)
[31m2026-06-03 16:28:46.820[0;39m [33m[restartedMain][0;39m [34mINFO [0;39m [32mo.s.b.d.a.ConditionEvaluationDeltaLoggingListener[0;39m - Condition evaluation unchanged
[31m2026-06-03 16:29:01.661[0;39m [33m[File Watcher][0;39m [34mINFO [0;39m [32mo.s.b.d.a.LocalDevToolsAutoConfiguration$RestartingClassPathChangeChangedEventListener[0;39m - Restarting due to 3 class path changes (0 additions, 0 deletions, 3 modifications)
[31m2026-06-03 16:29:01.663[0;39m [33m[Thread-7][0;39m [34mINFO [0;39m [32mo.s.boot.web.embedded.tomcat.GracefulShutdown[0;39m - Commencing graceful shutdown. Waiting for active requests to complete
[31m2026-06-03 16:29:01.663[0;39m [33m[tomcat-shutdown][0;39m [34mINFO [0;39m [32morg.apache.coyote.http11.Http11NioProtocol[0;39m - Pausing ProtocolHandler ["http-nio-9966"]
[31m2026-06-03 16:29:01.965[0;39m [33m[tomcat-shutdown][0;39m [34mINFO [0;39m [32mo.s.boot.web.embedded.tomcat.GracefulShutdown[0;39m - Graceful shutdown complete
[31m2026-06-03 16:29:01.966[0;39m [33m[Thread-7][0;39m [34mINFO [0;39m [32morg.apache.coyote.http11.Http11NioProtocol[0;39m - Stopping ProtocolHandler ["http-nio-9966"]
[31m2026-06-03 16:29:02.013[0;39m [33m[restartedMain][0;39m [34mINFO [0;39m [32mcom.geo.dsp.GeoDspApplication[0;39m - Starting GeoDspApplication using Java 17.0.17 with PID 24504 (C:\Users\22317\Desktop\bbb\geodspp\GeoDsp(1)\GeoDsp\target\classes started by 22317 in C:\Users\22317\Desktop\bbb\geodspp\GeoDsp(1))
[31m2026-06-03 16:29:02.013[0;39m [33m[restartedMain][0;39m [34mINFO [0;39m [32mcom.geo.dsp.GeoDspApplication[0;39m - No active profile set, falling back to 1 default profile: "default"
[31m2026-06-03 16:29:02.213[0;39m [33m[restartedMain][0;39m [34mINFO [0;39m [32mo.s.boot.web.embedded.tomcat.TomcatWebServer[0;39m - Tomcat initialized with port 9966 (http)
[31m2026-06-03 16:29:02.213[0;39m [33m[restartedMain][0;39m [34mINFO [0;39m [32morg.apache.coyote.http11.Http11NioProtocol[0;39m - Initializing ProtocolHandler ["http-nio-9966"]
[31m2026-06-03 16:29:02.213[0;39m [33m[restartedMain][0;39m [34mINFO [0;39m [32morg.apache.catalina.core.StandardService[0;39m - Starting service [Tomcat]
[31m2026-06-03 16:29:02.213[0;39m [33m[restartedMain][0;39m [34mINFO [0;39m [32morg.apache.catalina.core.StandardEngine[0;39m - Starting Servlet engine: [Apache Tomcat/10.1.33]
[31m2026-06-03 16:29:02.229[0;39m [33m[restartedMain][0;39m [34mINFO [0;39m [32mo.a.c.c.ContainerBase.[Tomcat].[localhost].[/geo][0;39m - Initializing Spring embedded WebApplicationContext
[31m2026-06-03 16:29:02.229[0;39m [33m[restartedMain][0;39m [34mINFO [0;39m [32mo.s.b.w.s.c.ServletWebServerApplicationContext[0;39m - Root WebApplicationContext: initialization completed in 215 ms
[31m2026-06-03 16:29:02.488[0;39m [33m[restartedMain][0;39m [34mINFO [0;39m [32mo.s.b.d.autoconfigure.OptionalLiveReloadServer[0;39m - LiveReload server is running on port 35729
[31m2026-06-03 16:29:02.499[0;39m [33m[restartedMain][0;39m [34mINFO [0;39m [32morg.apache.coyote.http11.Http11NioProtocol[0;39m - Starting ProtocolHandler ["http-nio-9966"]
[31m2026-06-03 16:29:02.503[0;39m [33m[restartedMain][0;39m [34mINFO [0;39m [32mo.s.boot.web.embedded.tomcat.TomcatWebServer[0;39m - Tomcat started on port 9966 (http) with context path '/geo'
[31m2026-06-03 16:29:02.508[0;39m [33m[restartedMain][0;39m [34mINFO [0;39m [32mcom.geo.dsp.GeoDspApplication[0;39m - Started GeoDspApplication in 0.511 seconds (process running for 633.141)
[31m2026-06-03 16:29:02.509[0;39m [33m[restartedMain][0;39m [34mINFO [0;39m [32mo.s.b.d.a.ConditionEvaluationDeltaLoggingListener[0;39m - Condition evaluation unchanged
[31m2026-06-03 16:29:15.102[0;39m [33m[http-nio-9966-exec-1][0;39m [34mINFO [0;39m [32mo.a.c.c.ContainerBase.[Tomcat].[localhost].[/geo][0;39m - Initializing Spring DispatcherServlet 'dispatcherServlet'
[31m2026-06-03 16:29:15.102[0;39m [33m[http-nio-9966-exec-1][0;39m [34mINFO [0;39m [32morg.springframework.web.servlet.DispatcherServlet[0;39m - Initializing Servlet 'dispatcherServlet'
[31m2026-06-03 16:29:15.103[0;39m [33m[http-nio-9966-exec-1][0;39m [34mINFO [0;39m [32morg.springframework.web.servlet.DispatcherServlet[0;39m - Completed initialization in 1 ms
[31m2026-06-03 16:29:15.107[0;39m [33m[http-nio-9966-exec-1][0;39m [34mINFO [0;39m [32mcom.zaxxer.hikari.HikariDataSource[0;39m - HikariPool-2 - Starting...
[31m2026-06-03 16:29:15.133[0;39m [33m[http-nio-9966-exec-1][0;39m [34mINFO [0;39m [32mcom.zaxxer.hikari.pool.HikariPool[0;39m - HikariPool-2 - Added connection org.postgresql.jdbc.PgConnection@7822c4f9
[31m2026-06-03 16:29:15.133[0;39m [33m[http-nio-9966-exec-1][0;39m [34mINFO [0;39m [32mcom.zaxxer.hikari.HikariDataSource[0;39m - HikariPool-2 - Start completed.
[31m2026-06-03 16:29:26.983[0;39m [33m[File Watcher][0;39m [34mINFO [0;39m [32mo.s.b.d.a.LocalDevToolsAutoConfiguration$RestartingClassPathChangeChangedEventListener[0;39m - Restarting due to 203 class path changes (0 additions, 202 deletions, 1 modification)
[31m2026-06-03 16:29:26.985[0;39m [33m[Thread-11][0;39m [34mINFO [0;39m [32mo.s.boot.web.embedded.tomcat.GracefulShutdown[0;39m - Commencing graceful shutdown. Waiting for active requests to complete
[31m2026-06-03 16:29:26.986[0;39m [33m[tomcat-shutdown][0;39m [34mINFO [0;39m [32morg.apache.coyote.http11.Http11NioProtocol[0;39m - Pausing ProtocolHandler ["http-nio-9966"]
[31m2026-06-03 16:29:27.481[0;39m [33m[tomcat-shutdown][0;39m [34mINFO [0;39m [32mo.s.boot.web.embedded.tomcat.GracefulShutdown[0;39m - Graceful shutdown complete
[31m2026-06-03 16:29:27.481[0;39m [33m[Thread-11][0;39m [34mINFO [0;39m [32morg.apache.coyote.http11.Http11NioProtocol[0;39m - Stopping ProtocolHandler ["http-nio-9966"]
[31m2026-06-03 16:29:27.488[0;39m [33m[Thread-11][0;39m [34mINFO [0;39m [32mcom.zaxxer.hikari.HikariDataSource[0;39m - HikariPool-2 - Shutdown initiated...
[31m2026-06-03 16:29:27.489[0;39m [33m[Thread-11][0;39m [34mINFO [0;39m [32mcom.zaxxer.hikari.HikariDataSource[0;39m - HikariPool-2 - Shutdown completed.
[31m2026-06-03 16:29:27.551[0;39m [33m[restartedMain][0;39m [34mINFO [0;39m [32mcom.geo.dsp.GeoDspApplication[0;39m - Starting GeoDspApplication using Java 17.0.17 with PID 24504 (C:\Users\22317\Desktop\bbb\geodspp\GeoDsp(1)\GeoDsp\target\classes started by 22317 in C:\Users\22317\Desktop\bbb\geodspp\GeoDsp(1))
[31m2026-06-03 16:29:27.551[0;39m [33m[restartedMain][0;39m [34mINFO [0;39m [32mcom.geo.dsp.GeoDspApplication[0;39m - No active profile set, falling back to 1 default profile: "default"
[31m2026-06-03 16:29:27.723[0;39m [33m[restartedMain][0;39m [34mINFO [0;39m [32mo.s.boot.web.embedded.tomcat.TomcatWebServer[0;39m - Tomcat initialized with port 9966 (http)
[31m2026-06-03 16:29:27.724[0;39m [33m[restartedMain][0;39m [34mINFO [0;39m [32morg.apache.coyote.http11.Http11NioProtocol[0;39m - Initializing ProtocolHandler ["http-nio-9966"]
[31m2026-06-03 16:29:27.724[0;39m [33m[restartedMain][0;39m [34mINFO [0;39m [32morg.apache.catalina.core.StandardService[0;39m - Starting service [Tomcat]
[31m2026-06-03 16:29:27.724[0;39m [33m[restartedMain][0;39m [34mINFO [0;39m [32morg.apache.catalina.core.StandardEngine[0;39m - Starting Servlet engine: [Apache Tomcat/10.1.33]
[31m2026-06-03 16:29:27.743[0;39m [33m[restartedMain][0;39m [34mINFO [0;39m [32mo.a.c.c.ContainerBase.[Tomcat].[localhost].[/geo][0;39m - Initializing Spring embedded WebApplicationContext
[31m2026-06-03 16:29:27.743[0;39m [33m[restartedMain][0;39m [34mINFO [0;39m [32mo.s.b.w.s.c.ServletWebServerApplicationContext[0;39m - Root WebApplicationContext: initialization completed in 190 ms
[31m2026-06-03 16:29:27.822[0;39m [33m[restartedMain][0;39m [34mINFO [0;39m [32morg.apache.catalina.core.StandardService[0;39m - Stopping service [Tomcat]
[31m2026-06-03 16:29:31.646[0;39m [33m[restartedMain][0;39m [34mINFO [0;39m [32mcom.geo.dsp.GeoDspApplication[0;39m - Starting GeoDspApplication using Java 17.0.17 with PID 24504 (C:\Users\22317\Desktop\bbb\geodspp\GeoDsp(1)\GeoDsp\target\classes started by 22317 in C:\Users\22317\Desktop\bbb\geodspp\GeoDsp(1))
[31m2026-06-03 16:29:31.646[0;39m [33m[restartedMain][0;39m [34mINFO [0;39m [32mcom.geo.dsp.GeoDspApplication[0;39m - No active profile set, falling back to 1 default profile: "default"
[31m2026-06-03 16:29:31.975[0;39m [33m[restartedMain][0;39m [34mINFO [0;39m [32mo.s.boot.web.embedded.tomcat.TomcatWebServer[0;39m - Tomcat initialized with port 9966 (http)
[31m2026-06-03 16:29:31.977[0;39m [33m[restartedMain][0;39m [34mINFO [0;39m [32morg.apache.coyote.http11.Http11NioProtocol[0;39m - Initializing ProtocolHandler ["http-nio-9966"]
[31m2026-06-03 16:29:31.977[0;39m [33m[restartedMain][0;39m [34mINFO [0;39m [32morg.apache.catalina.core.StandardService[0;39m - Starting service [Tomcat]
[31m2026-06-03 16:29:31.977[0;39m [33m[restartedMain][0;39m [34mINFO [0;39m [32morg.apache.catalina.core.StandardEngine[0;39m - Starting Servlet engine: [Apache Tomcat/10.1.33]
[31m2026-06-03 16:29:32.000[0;39m [33m[restartedMain][0;39m [34mINFO [0;39m [32mo.a.c.c.C.[Tomcat-1].[localhost].[/geo][0;39m - Initializing Spring embedded WebApplicationContext
[31m2026-06-03 16:29:32.000[0;39m [33m[restartedMain][0;39m [34mINFO [0;39m [32mo.s.b.w.s.c.ServletWebServerApplicationContext[0;39m - Root WebApplicationContext: initialization completed in 353 ms
[31m2026-06-03 16:29:32.380[0;39m [33m[restartedMain][0;39m [34mINFO [0;39m [32mo.s.b.d.autoconfigure.OptionalLiveReloadServer[0;39m - LiveReload server is running on port 35729
[31m2026-06-03 16:29:32.394[0;39m [33m[restartedMain][0;39m [34mINFO [0;39m [32morg.apache.coyote.http11.Http11NioProtocol[0;39m - Starting ProtocolHandler ["http-nio-9966"]
[31m2026-06-03 16:29:32.397[0;39m [33m[restartedMain][0;39m [34mINFO [0;39m [32mo.s.boot.web.embedded.tomcat.TomcatWebServer[0;39m - Tomcat started on port 9966 (http) with context path '/geo'
[31m2026-06-03 16:29:32.403[0;39m [33m[restartedMain][0;39m [34mINFO [0;39m [32mcom.geo.dsp.GeoDspApplication[0;39m - Started GeoDspApplication in 0.775 seconds (process running for 663.037)
[31m2026-06-03 16:29:32.404[0;39m [33m[restartedMain][0;39m [34mINFO [0;39m [32mo.s.b.d.a.ConditionEvaluationDeltaLoggingListener[0;39m - Condition evaluation unchanged
[31m2026-06-03 16:30:56.195[0;39m [33m[background-preinit][0;39m [34mINFO [0;39m [32morg.hibernate.validator.internal.util.Version[0;39m - HV000001: Hibernate Validator 8.0.1.Final
[31m2026-06-03 16:30:56.231[0;39m [33m[restartedMain][0;39m [34mINFO [0;39m [32mcom.geo.dsp.GeoDspApplication[0;39m - Starting GeoDspApplication using Java 17.0.17 with PID 117144 (C:\Users\22317\Desktop\bbb\geodspp\GeoDsp(1)\GeoDsp\target\classes started by 22317 in C:\Users\22317\Desktop\bbb\geodspp\GeoDsp(1))
[31m2026-06-03 16:30:56.232[0;39m [33m[restartedMain][0;39m [34mINFO [0;39m [32mcom.geo.dsp.GeoDspApplication[0;39m - No active profile set, falling back to 1 default profile: "default"
[31m2026-06-03 16:30:56.268[0;39m [33m[restartedMain][0;39m [34mINFO [0;39m [32mo.s.boot.devtools.restart.ChangeableUrls[0;39m - The Class-Path manifest attribute in C:\Users\22317\.m2\repository\com\sun\xml\bind\jaxb-core\4.0.5\jaxb-core-4.0.5.jar referenced one or more files that do not exist: file:/C:/Users/22317/.m2/repository/com/sun/xml/bind/jaxb-core/4.0.5/jakarta.activation-api.jar,file:/C:/Users/22317/.m2/repository/com/sun/xml/bind/jaxb-core/4.0.5/jakarta.xml.bind-api.jar
[31m2026-06-03 16:30:56.268[0;39m [33m[restartedMain][0;39m [34mINFO [0;39m [32mo.s.boot.devtools.restart.ChangeableUrls[0;39m - The Class-Path manifest attribute in C:\Users\22317\.m2\repository\com\sun\xml\bind\jaxb-impl\4.0.5\jaxb-impl-4.0.5.jar referenced one or more files that do not exist: file:/C:/Users/22317/.m2/repository/com/sun/xml/bind/jaxb-impl/4.0.5/jaxb-core.jar,file:/C:/Users/22317/.m2/repository/com/sun/xml/bind/jaxb-impl/4.0.5/angus-activation.jar
[31m2026-06-03 16:30:56.268[0;39m [33m[restartedMain][0;39m [34mINFO [0;39m [32mo.s.b.d.env.DevToolsPropertyDefaultsPostProcessor[0;39m - Devtools property defaults active! Set 'spring.devtools.add-properties' to 'false' to disable
[31m2026-06-03 16:30:56.268[0;39m [33m[restartedMain][0;39m [34mINFO [0;39m [32mo.s.b.d.env.DevToolsPropertyDefaultsPostProcessor[0;39m - For additional web related logging consider setting the 'logging.level.web' property to 'DEBUG'
[31m2026-06-03 16:30:57.450[0;39m [33m[restartedMain][0;39m [34mINFO [0;39m [32mo.s.boot.web.embedded.tomcat.TomcatWebServer[0;39m - Tomcat initialized with port 9966 (http)
[31m2026-06-03 16:30:57.460[0;39m [33m[restartedMain][0;39m [34mINFO [0;39m [32morg.apache.coyote.http11.Http11NioProtocol[0;39m - Initializing ProtocolHandler ["http-nio-9966"]
[31m2026-06-03 16:30:57.461[0;39m [33m[restartedMain][0;39m [34mINFO [0;39m [32morg.apache.catalina.core.StandardService[0;39m - Starting service [Tomcat]
[31m2026-06-03 16:30:57.461[0;39m [33m[restartedMain][0;39m [34mINFO [0;39m [32morg.apache.catalina.core.StandardEngine[0;39m - Starting Servlet engine: [Apache Tomcat/10.1.33]
[31m2026-06-03 16:30:57.507[0;39m [33m[restartedMain][0;39m [34mINFO [0;39m [32mo.a.c.c.ContainerBase.[Tomcat].[localhost].[/geo][0;39m - Initializing Spring embedded WebApplicationContext
[31m2026-06-03 16:30:57.507[0;39m [33m[restartedMain][0;39m [34mINFO [0;39m [32mo.s.b.w.s.c.ServletWebServerApplicationContext[0;39m - Root WebApplicationContext: initialization completed in 1238 ms
[31m2026-06-03 16:30:58.688[0;39m [33m[restartedMain][0;39m [34mINFO [0;39m [32mo.s.b.d.autoconfigure.OptionalLiveReloadServer[0;39m - LiveReload server is running on port 35729
[31m2026-06-03 16:30:58.726[0;39m [33m[restartedMain][0;39m [34mINFO [0;39m [32morg.apache.coyote.http11.Http11NioProtocol[0;39m - Starting ProtocolHandler ["http-nio-9966"]
