[31m2026-05-31 19:56:09.634[0;39m [33m[background-preinit][0;39m [34mINFO [0;39m [32morg.hibernate.validator.internal.util.Version[0;39m - HV000001: Hibernate Validator 8.0.1.Final
[31m2026-05-31 19:56:09.701[0;39m [33m[main][0;39m [34mINFO [0;39m [32mcom.geo.dsp.GeoDspApplication[0;39m - Starting GeoDspApplication v0.0.1-SNAPSHOT using Java 17.0.18 with PID 59336 (C:\Users\22317\Desktop\bbb\geodspp\GeoDsp(1)\GeoDsp\target\dsp-0.0.1-SNAPSHOT.jar started by 22317 in C:\Users\22317\Desktop\bbb\geodspp\GeoDsp(1))
[31m2026-05-31 19:56:09.703[0;39m [33m[main][0;39m [39mDEBUG[0;39m [32mcom.geo.dsp.GeoDspApplication[0;39m - Running with Spring Boot v3.4.0, Spring v6.2.0
[31m2026-05-31 19:56:09.705[0;39m [33m[main][0;39m [34mINFO [0;39m [32mcom.geo.dsp.GeoDspApplication[0;39m - No active profile set, falling back to 1 default profile: "default"
[31m2026-05-31 19:56:09.706[0;39m [33m[main][0;39m [39mDEBUG[0;39m [32morg.springframework.boot.SpringApplication[0;39m - Loading source class com.geo.dsp.GeoDspApplication
[31m2026-05-31 19:56:09.789[0;39m [33m[main][0;39m [39mDEBUG[0;39m [32mo.s.b.w.s.c.AnnotationConfigServletWebServerApplicationContext[0;39m - Refreshing org.springframework.boot.web.servlet.context.AnnotationConfigServletWebServerApplicationContext@5c00384f
[31m2026-05-31 19:56:10.957[0;39m [33m[main][0;39m [39mDEBUG[0;39m [32mo.s.boot.autoconfigure.AutoConfigurationPackages[0;39m - @EnableAutoConfiguration was declared on a class in the package 'com.geo.dsp'. Automatic @Repository and @Entity scanning is enabled.
[31m2026-05-31 19:56:11.172[0;39m [33m[main][0;39m [39mDEBUG[0;39m [32morg.mybatis.spring.mapper.ClassPathMapperScanner[0;39m - Identified candidate component class: URL [jar:nested:/C:/Users/22317/Desktop/bbb/geodspp/GeoDsp(1)/GeoDsp/target/dsp-0.0.1-SNAPSHOT.jar/!BOOT-INF/classes/!/com/geo/dsp/module/data/mapper/CollectPhotoMapper.class]
[31m2026-05-31 19:56:11.172[0;39m [33m[main][0;39m [39mDEBUG[0;39m [32morg.mybatis.spring.mapper.ClassPathMapperScanner[0;39m - Identified candidate component class: URL [jar:nested:/C:/Users/22317/Desktop/bbb/geodspp/GeoDsp(1)/GeoDsp/target/dsp-0.0.1-SNAPSHOT.jar/!BOOT-INF/classes/!/com/geo/dsp/module/data/mapper/CollectTaskMapper.class]
[31m2026-05-31 19:56:11.173[0;39m [33m[main][0;39m [39mDEBUG[0;39m [32morg.mybatis.spring.mapper.ClassPathMapperScanner[0;39m - Identified candidate component class: URL [jar:nested:/C:/Users/22317/Desktop/bbb/geodspp/GeoDsp(1)/GeoDsp/target/dsp-0.0.1-SNAPSHOT.jar/!BOOT-INF/classes/!/com/geo/dsp/module/data/mapper/DataHistoryMapper.class]
[31m2026-05-31 19:56:11.173[0;39m [33m[main][0;39m [39mDEBUG[0;39m [32morg.mybatis.spring.mapper.ClassPathMapperScanner[0;39m - Identified candidate component class: URL [jar:nested:/C:/Users/22317/Desktop/bbb/geodspp/GeoDsp(1)/GeoDsp/target/dsp-0.0.1-SNAPSHOT.jar/!BOOT-INF/classes/!/com/geo/dsp/module/data/mapper/DataLineMapper.class]
[31m2026-05-31 19:56:11.173[0;39m [33m[main][0;39m [39mDEBUG[0;39m [32morg.mybatis.spring.mapper.ClassPathMapperScanner[0;39m - Identified candidate component class: URL [jar:nested:/C:/Users/22317/Desktop/bbb/geodspp/GeoDsp(1)/GeoDsp/target/dsp-0.0.1-SNAPSHOT.jar/!BOOT-INF/classes/!/com/geo/dsp/module/data/mapper/DataPointMapper.class]
[31m2026-05-31 19:56:11.173[0;39m [33m[main][0;39m [39mDEBUG[0;39m [32morg.mybatis.spring.mapper.ClassPathMapperScanner[0;39m - Identified candidate component class: URL [jar:nested:/C:/Users/22317/Desktop/bbb/geodspp/GeoDsp(1)/GeoDsp/target/dsp-0.0.1-SNAPSHOT.jar/!BOOT-INF/classes/!/com/geo/dsp/module/data/mapper/DataProjectMapper.class]
[31m2026-05-31 19:56:11.173[0;39m [33m[main][0;39m [39mDEBUG[0;39m [32morg.mybatis.spring.mapper.ClassPathMapperScanner[0;39m - Identified candidate component class: URL [jar:nested:/C:/Users/22317/Desktop/bbb/geodspp/GeoDsp(1)/GeoDsp/target/dsp-0.0.1-SNAPSHOT.jar/!BOOT-INF/classes/!/com/geo/dsp/module/data/mapper/DataSampleMapper.class]
[31m2026-05-31 19:56:11.173[0;39m [33m[main][0;39m [39mDEBUG[0;39m [32morg.mybatis.spring.mapper.ClassPathMapperScanner[0;39m - Identified candidate component class: URL [jar:nested:/C:/Users/22317/Desktop/bbb/geodspp/GeoDsp(1)/GeoDsp/target/dsp-0.0.1-SNAPSHOT.jar/!BOOT-INF/classes/!/com/geo/dsp/module/data/mapper/DictMapper.class]
[31m2026-05-31 19:56:11.173[0;39m [33m[main][0;39m [39mDEBUG[0;39m [32morg.mybatis.spring.mapper.ClassPathMapperScanner[0;39m - Identified candidate component class: URL [jar:nested:/C:/Users/22317/Desktop/bbb/geodspp/GeoDsp(1)/GeoDsp/target/dsp-0.0.1-SNAPSHOT.jar/!BOOT-INF/classes/!/com/geo/dsp/module/data/mapper/OperateMethodMapper.class]
[31m2026-05-31 19:56:11.173[0;39m [33m[main][0;39m [39mDEBUG[0;39m [32morg.mybatis.spring.mapper.ClassPathMapperScanner[0;39m - Identified candidate component class: URL [jar:nested:/C:/Users/22317/Desktop/bbb/geodspp/GeoDsp(1)/GeoDsp/target/dsp-0.0.1-SNAPSHOT.jar/!BOOT-INF/classes/!/com/geo/dsp/module/data/mapper/OperationLogMapper.class]
[31m2026-05-31 19:56:11.173[0;39m [33m[main][0;39m [39mDEBUG[0;39m [32morg.mybatis.spring.mapper.ClassPathMapperScanner[0;39m - Identified candidate component class: URL [jar:nested:/C:/Users/22317/Desktop/bbb/geodspp/GeoDsp(1)/GeoDsp/target/dsp-0.0.1-SNAPSHOT.jar/!BOOT-INF/classes/!/com/geo/dsp/module/data/mapper/ProjectMapper.class]
[31m2026-05-31 19:56:11.173[0;39m [33m[main][0;39m [39mDEBUG[0;39m [32morg.mybatis.spring.mapper.ClassPathMapperScanner[0;39m - Identified candidate component class: URL [jar:nested:/C:/Users/22317/Desktop/bbb/geodspp/GeoDsp(1)/GeoDsp/target/dsp-0.0.1-SNAPSHOT.jar/!BOOT-INF/classes/!/com/geo/dsp/module/data/mapper/TaskAuditMapper.class]
[31m2026-05-31 19:56:11.173[0;39m [33m[main][0;39m [39mDEBUG[0;39m [32morg.mybatis.spring.mapper.ClassPathMapperScanner[0;39m - Identified candidate component class: URL [jar:nested:/C:/Users/22317/Desktop/bbb/geodspp/GeoDsp(1)/GeoDsp/target/dsp-0.0.1-SNAPSHOT.jar/!BOOT-INF/classes/!/com/geo/dsp/module/equipment/mapper/DataWorksetMapper.class]
[31m2026-05-31 19:56:11.173[0;39m [33m[main][0;39m [39mDEBUG[0;39m [32morg.mybatis.spring.mapper.ClassPathMapperScanner[0;39m - Identified candidate component class: URL [jar:nested:/C:/Users/22317/Desktop/bbb/geodspp/GeoDsp(1)/GeoDsp/target/dsp-0.0.1-SNAPSHOT.jar/!BOOT-INF/classes/!/com/geo/dsp/module/equipment/mapper/DeviceLimitMapper.class]
[31m2026-05-31 19:56:11.173[0;39m [33m[main][0;39m [39mDEBUG[0;39m [32morg.mybatis.spring.mapper.ClassPathMapperScanner[0;39m - Identified candidate component class: URL [jar:nested:/C:/Users/22317/Desktop/bbb/geodspp/GeoDsp(1)/GeoDsp/target/dsp-0.0.1-SNAPSHOT.jar/!BOOT-INF/classes/!/com/geo/dsp/module/equipment/mapper/DeviceMapper.class]
[31m2026-05-31 19:56:11.173[0;39m [33m[main][0;39m [39mDEBUG[0;39m [32morg.mybatis.spring.mapper.ClassPathMapperScanner[0;39m - Identified candidate component class: URL [jar:nested:/C:/Users/22317/Desktop/bbb/geodspp/GeoDsp(1)/GeoDsp/target/dsp-0.0.1-SNAPSHOT.jar/!BOOT-INF/classes/!/com/geo/dsp/module/equipment/mapper/DeviceTypeMapper.class]
[31m2026-05-31 19:56:11.173[0;39m [33m[main][0;39m [39mDEBUG[0;39m [32morg.mybatis.spring.mapper.ClassPathMapperScanner[0;39m - Identified candidate component class: URL [jar:nested:/C:/Users/22317/Desktop/bbb/geodspp/GeoDsp(1)/GeoDsp/target/dsp-0.0.1-SNAPSHOT.jar/!BOOT-INF/classes/!/com/geo/dsp/module/equipment/mapper/UseRecordMapper.class]
[31m2026-05-31 19:56:11.173[0;39m [33m[main][0;39m [39mDEBUG[0;39m [32morg.mybatis.spring.mapper.ClassPathMapperScanner[0;39m - Identified candidate component class: URL [jar:nested:/C:/Users/22317/Desktop/bbb/geodspp/GeoDsp(1)/GeoDsp/target/dsp-0.0.1-SNAPSHOT.jar/!BOOT-INF/classes/!/com/geo/dsp/module/login/mapper/LoginLogMapper.class]
[31m2026-05-31 19:56:11.173[0;39m [33m[main][0;39m [39mDEBUG[0;39m [32morg.mybatis.spring.mapper.ClassPathMapperScanner[0;39m - Identified candidate component class: URL [jar:nested:/C:/Users/22317/Desktop/bbb/geodspp/GeoDsp(1)/GeoDsp/target/dsp-0.0.1-SNAPSHOT.jar/!BOOT-INF/classes/!/com/geo/dsp/module/login/mapper/OperateLogMapper.class]
[31m2026-05-31 19:56:11.173[0;39m [33m[main][0;39m [39mDEBUG[0;39m [32morg.mybatis.spring.mapper.ClassPathMapperScanner[0;39m - Identified candidate component class: URL [jar:nested:/C:/Users/22317/Desktop/bbb/geodspp/GeoDsp(1)/GeoDsp/target/dsp-0.0.1-SNAPSHOT.jar/!BOOT-INF/classes/!/com/geo/dsp/module/privilege/mapper/OperatorManageMapper.class]
[31m2026-05-31 19:56:11.173[0;39m [33m[main][0;39m [39mDEBUG[0;39m [32morg.mybatis.spring.mapper.ClassPathMapperScanner[0;39m - Identified candidate component class: URL [jar:nested:/C:/Users/22317/Desktop/bbb/geodspp/GeoDsp(1)/GeoDsp/target/dsp-0.0.1-SNAPSHOT.jar/!BOOT-INF/classes/!/com/geo/dsp/module/privilege/mapper/PermissionMapper.class]
[31m2026-05-31 19:56:11.173[0;39m [33m[main][0;39m [39mDEBUG[0;39m [32morg.mybatis.spring.mapper.ClassPathMapperScanner[0;39m - Identified candidate component class: URL [jar:nested:/C:/Users/22317/Desktop/bbb/geodspp/GeoDsp(1)/GeoDsp/target/dsp-0.0.1-SNAPSHOT.jar/!BOOT-INF/classes/!/com/geo/dsp/module/privilege/mapper/RoleMapper.class]
[31m2026-05-31 19:56:11.173[0;39m [33m[main][0;39m [39mDEBUG[0;39m [32morg.mybatis.spring.mapper.ClassPathMapperScanner[0;39m - Identified candidate component class: URL [jar:nested:/C:/Users/22317/Desktop/bbb/geodspp/GeoDsp(1)/GeoDsp/target/dsp-0.0.1-SNAPSHOT.jar/!BOOT-INF/classes/!/com/geo/dsp/module/privilege/mapper/RolePermisMapper.class]
[31m2026-05-31 19:56:11.173[0;39m [33m[main][0;39m [39mDEBUG[0;39m [32morg.mybatis.spring.mapper.ClassPathMapperScanner[0;39m - Identified candidate component class: URL [jar:nested:/C:/Users/22317/Desktop/bbb/geodspp/GeoDsp(1)/GeoDsp/target/dsp-0.0.1-SNAPSHOT.jar/!BOOT-INF/classes/!/com/geo/dsp/module/privilege/mapper/UserRoleMapper.class]
[31m2026-05-31 19:56:11.173[0;39m [33m[main][0;39m [39mDEBUG[0;39m [32morg.mybatis.spring.mapper.ClassPathMapperScanner[0;39m - Identified candidate component class: URL [jar:nested:/C:/Users/22317/Desktop/bbb/geodspp/GeoDsp(1)/GeoDsp/target/dsp-0.0.1-SNAPSHOT.jar/!BOOT-INF/classes/!/com/geo/dsp/module/user/mapper/CompanyMapper.class]
[31m2026-05-31 19:56:11.173[0;39m [33m[main][0;39m [39mDEBUG[0;39m [32morg.mybatis.spring.mapper.ClassPathMapperScanner[0;39m - Identified candidate component class: URL [jar:nested:/C:/Users/22317/Desktop/bbb/geodspp/GeoDsp(1)/GeoDsp/target/dsp-0.0.1-SNAPSHOT.jar/!BOOT-INF/classes/!/com/geo/dsp/module/user/mapper/UserImageMapper.class]
[31m2026-05-31 19:56:11.174[0;39m [33m[main][0;39m [39mDEBUG[0;39m [32morg.mybatis.spring.mapper.ClassPathMapperScanner[0;39m - Identified candidate component class: URL [jar:nested:/C:/Users/22317/Desktop/bbb/geodspp/GeoDsp(1)/GeoDsp/target/dsp-0.0.1-SNAPSHOT.jar/!BOOT-INF/classes/!/com/geo/dsp/module/user/mapper/UserMapper.class]
[31m2026-05-31 19:56:11.176[0;39m [33m[main][0;39m [39mDEBUG[0;39m [32morg.mybatis.spring.mapper.ClassPathMapperScanner[0;39m - Creating MapperFactoryBean with name 'collectPhotoMapper' and 'com.geo.dsp.module.data.mapper.CollectPhotoMapper' mapperInterface
[31m2026-05-31 19:56:11.179[0;39m [33m[main][0;39m [39mDEBUG[0;39m [32morg.mybatis.spring.mapper.ClassPathMapperScanner[0;39m - Enabling autowire by type for MapperFactoryBean with name 'collectPhotoMapper'.
[31m2026-05-31 19:56:11.180[0;39m [33m[main][0;39m [39mDEBUG[0;39m [32morg.mybatis.spring.mapper.ClassPathMapperScanner[0;39m - Creating MapperFactoryBean with name 'collectTaskMapper' and 'com.geo.dsp.module.data.mapper.CollectTaskMapper' mapperInterface
[31m2026-05-31 19:56:11.180[0;39m [33m[main][0;39m [39mDEBUG[0;39m [32morg.mybatis.spring.mapper.ClassPathMapperScanner[0;39m - Enabling autowire by type for MapperFactoryBean with name 'collectTaskMapper'.
[31m2026-05-31 19:56:11.180[0;39m [33m[main][0;39m [39mDEBUG[0;39m [32morg.mybatis.spring.mapper.ClassPathMapperScanner[0;39m - Creating MapperFactoryBean with name 'dataHistoryMapper' and 'com.geo.dsp.module.data.mapper.DataHistoryMapper' mapperInterface
[31m2026-05-31 19:56:11.180[0;39m [33m[main][0;39m [39mDEBUG[0;39m [32morg.mybatis.spring.mapper.ClassPathMapperScanner[0;39m - Enabling autowire by type for MapperFactoryBean with name 'dataHistoryMapper'.
[31m2026-05-31 19:56:11.180[0;39m [33m[main][0;39m [39mDEBUG[0;39m [32morg.mybatis.spring.mapper.ClassPathMapperScanner[0;39m - Creating MapperFactoryBean with name 'dataLineMapper' and 'com.geo.dsp.module.data.mapper.DataLineMapper' mapperInterface
[31m2026-05-31 19:56:11.181[0;39m [33m[main][0;39m [39mDEBUG[0;39m [32morg.mybatis.spring.mapper.ClassPathMapperScanner[0;39m - Enabling autowire by type for MapperFactoryBean with name 'dataLineMapper'.
[31m2026-05-31 19:56:11.181[0;39m [33m[main][0;39m [39mDEBUG[0;39m [32morg.mybatis.spring.mapper.ClassPathMapperScanner[0;39m - Creating MapperFactoryBean with name 'dataPointMapper' and 'com.geo.dsp.module.data.mapper.DataPointMapper' mapperInterface
[31m2026-05-31 19:56:11.181[0;39m [33m[main][0;39m [39mDEBUG[0;39m [32morg.mybatis.spring.mapper.ClassPathMapperScanner[0;39m - Enabling autowire by type for MapperFactoryBean with name 'dataPointMapper'.
[31m2026-05-31 19:56:11.181[0;39m [33m[main][0;39m [39mDEBUG[0;39m [32morg.mybatis.spring.mapper.ClassPathMapperScanner[0;39m - Creating MapperFactoryBean with name 'dataProjectMapper' and 'com.geo.dsp.module.data.mapper.DataProjectMapper' mapperInterface
[31m2026-05-31 19:56:11.181[0;39m [33m[main][0;39m [39mDEBUG[0;39m [32morg.mybatis.spring.mapper.ClassPathMapperScanner[0;39m - Enabling autowire by type for MapperFactoryBean with name 'dataProjectMapper'.
[31m2026-05-31 19:56:11.181[0;39m [33m[main][0;39m [39mDEBUG[0;39m [32morg.mybatis.spring.mapper.ClassPathMapperScanner[0;39m - Creating MapperFactoryBean with name 'dataSampleMapper' and 'com.geo.dsp.module.data.mapper.DataSampleMapper' mapperInterface
[31m2026-05-31 19:56:11.181[0;39m [33m[main][0;39m [39mDEBUG[0;39m [32morg.mybatis.spring.mapper.ClassPathMapperScanner[0;39m - Enabling autowire by type for MapperFactoryBean with name 'dataSampleMapper'.
[31m2026-05-31 19:56:11.181[0;39m [33m[main][0;39m [39mDEBUG[0;39m [32morg.mybatis.spring.mapper.ClassPathMapperScanner[0;39m - Creating MapperFactoryBean with name 'dictMapper' and 'com.geo.dsp.module.data.mapper.DictMapper' mapperInterface
[31m2026-05-31 19:56:11.182[0;39m [33m[main][0;39m [39mDEBUG[0;39m [32morg.mybatis.spring.mapper.ClassPathMapperScanner[0;39m - Enabling autowire by type for MapperFactoryBean with name 'dictMapper'.
[31m2026-05-31 19:56:11.182[0;39m [33m[main][0;39m [39mDEBUG[0;39m [32morg.mybatis.spring.mapper.ClassPathMapperScanner[0;39m - Creating MapperFactoryBean with name 'operateMethodMapper' and 'com.geo.dsp.module.data.mapper.OperateMethodMapper' mapperInterface
[31m2026-05-31 19:56:11.182[0;39m [33m[main][0;39m [39mDEBUG[0;39m [32morg.mybatis.spring.mapper.ClassPathMapperScanner[0;39m - Enabling autowire by type for MapperFactoryBean with name 'operateMethodMapper'.
[31m2026-05-31 19:56:11.182[0;39m [33m[main][0;39m [39mDEBUG[0;39m [32morg.mybatis.spring.mapper.ClassPathMapperScanner[0;39m - Creating MapperFactoryBean with name 'operationLogMapper' and 'com.geo.dsp.module.data.mapper.OperationLogMapper' mapperInterface
[31m2026-05-31 19:56:11.182[0;39m [33m[main][0;39m [39mDEBUG[0;39m [32morg.mybatis.spring.mapper.ClassPathMapperScanner[0;39m - Enabling autowire by type for MapperFactoryBean with name 'operationLogMapper'.
[31m2026-05-31 19:56:11.182[0;39m [33m[main][0;39m [39mDEBUG[0;39m [32morg.mybatis.spring.mapper.ClassPathMapperScanner[0;39m - Creating MapperFactoryBean with name 'projectMapper' and 'com.geo.dsp.module.data.mapper.ProjectMapper' mapperInterface
[31m2026-05-31 19:56:11.183[0;39m [33m[main][0;39m [39mDEBUG[0;39m [32morg.mybatis.spring.mapper.ClassPathMapperScanner[0;39m - Enabling autowire by type for MapperFactoryBean with name 'projectMapper'.
[31m2026-05-31 19:56:11.183[0;39m [33m[main][0;39m [39mDEBUG[0;39m [32morg.mybatis.spring.mapper.ClassPathMapperScanner[0;39m - Creating MapperFactoryBean with name 'taskAuditMapper' and 'com.geo.dsp.module.data.mapper.TaskAuditMapper' mapperInterface
[31m2026-05-31 19:56:11.183[0;39m [33m[main][0;39m [39mDEBUG[0;39m [32morg.mybatis.spring.mapper.ClassPathMapperScanner[0;39m - Enabling autowire by type for MapperFactoryBean with name 'taskAuditMapper'.
[31m2026-05-31 19:56:11.183[0;39m [33m[main][0;39m [39mDEBUG[0;39m [32morg.mybatis.spring.mapper.ClassPathMapperScanner[0;39m - Creating MapperFactoryBean with name 'dataWorksetMapper' and 'com.geo.dsp.module.equipment.mapper.DataWorksetMapper' mapperInterface
[31m2026-05-31 19:56:11.184[0;39m [33m[main][0;39m [39mDEBUG[0;39m [32morg.mybatis.spring.mapper.ClassPathMapperScanner[0;39m - Enabling autowire by type for MapperFactoryBean with name 'dataWorksetMapper'.
[31m2026-05-31 19:56:11.184[0;39m [33m[main][0;39m [39mDEBUG[0;39m [32morg.mybatis.spring.mapper.ClassPathMapperScanner[0;39m - Creating MapperFactoryBean with name 'deviceLimitMapper' and 'com.geo.dsp.module.equipment.mapper.DeviceLimitMapper' mapperInterface
[31m2026-05-31 19:56:11.184[0;39m [33m[main][0;39m [39mDEBUG[0;39m [32morg.mybatis.spring.mapper.ClassPathMapperScanner[0;39m - Enabling autowire by type for MapperFactoryBean with name 'deviceLimitMapper'.
[31m2026-05-31 19:56:11.184[0;39m [33m[main][0;39m [39mDEBUG[0;39m [32morg.mybatis.spring.mapper.ClassPathMapperScanner[0;39m - Creating MapperFactoryBean with name 'deviceMapper' and 'com.geo.dsp.module.equipment.mapper.DeviceMapper' mapperInterface
[31m2026-05-31 19:56:11.185[0;39m [33m[main][0;39m [39mDEBUG[0;39m [32morg.mybatis.spring.mapper.ClassPathMapperScanner[0;39m - Enabling autowire by type for MapperFactoryBean with name 'deviceMapper'.
[31m2026-05-31 19:56:11.185[0;39m [33m[main][0;39m [39mDEBUG[0;39m [32morg.mybatis.spring.mapper.ClassPathMapperScanner[0;39m - Creating MapperFactoryBean with name 'deviceTypeMapper' and 'com.geo.dsp.module.equipment.mapper.DeviceTypeMapper' mapperInterface
[31m2026-05-31 19:56:11.185[0;39m [33m[main][0;39m [39mDEBUG[0;39m [32morg.mybatis.spring.mapper.ClassPathMapperScanner[0;39m - Enabling autowire by type for MapperFactoryBean with name 'deviceTypeMapper'.
[31m2026-05-31 19:56:11.185[0;39m [33m[main][0;39m [39mDEBUG[0;39m [32morg.mybatis.spring.mapper.ClassPathMapperScanner[0;39m - Creating MapperFactoryBean with name 'useRecordMapper' and 'com.geo.dsp.module.equipment.mapper.UseRecordMapper' mapperInterface
[31m2026-05-31 19:56:11.186[0;39m [33m[main][0;39m [39mDEBUG[0;39m [32morg.mybatis.spring.mapper.ClassPathMapperScanner[0;39m - Enabling autowire by type for MapperFactoryBean with name 'useRecordMapper'.
[31m2026-05-31 19:56:11.186[0;39m [33m[main][0;39m [39mDEBUG[0;39m [32morg.mybatis.spring.mapper.ClassPathMapperScanner[0;39m - Creating MapperFactoryBean with name 'loginLogMapper' and 'com.geo.dsp.module.login.mapper.LoginLogMapper' mapperInterface
[31m2026-05-31 19:56:11.186[0;39m [33m[main][0;39m [39mDEBUG[0;39m [32morg.mybatis.spring.mapper.ClassPathMapperScanner[0;39m - Enabling autowire by type for MapperFactoryBean with name 'loginLogMapper'.
[31m2026-05-31 19:56:11.186[0;39m [33m[main][0;39m [39mDEBUG[0;39m [32morg.mybatis.spring.mapper.ClassPathMapperScanner[0;39m - Creating MapperFactoryBean with name 'operateLogMapper' and 'com.geo.dsp.module.login.mapper.OperateLogMapper' mapperInterface
[31m2026-05-31 19:56:11.186[0;39m [33m[main][0;39m [39mDEBUG[0;39m [32morg.mybatis.spring.mapper.ClassPathMapperScanner[0;39m - Enabling autowire by type for MapperFactoryBean with name 'operateLogMapper'.
[31m2026-05-31 19:56:11.186[0;39m [33m[main][0;39m [39mDEBUG[0;39m [32morg.mybatis.spring.mapper.ClassPathMapperScanner[0;39m - Creating MapperFactoryBean with name 'operatorManageMapper' and 'com.geo.dsp.module.privilege.mapper.OperatorManageMapper' mapperInterface
[31m2026-05-31 19:56:11.187[0;39m [33m[main][0;39m [39mDEBUG[0;39m [32morg.mybatis.spring.mapper.ClassPathMapperScanner[0;39m - Enabling autowire by type for MapperFactoryBean with name 'operatorManageMapper'.
[31m2026-05-31 19:56:11.187[0;39m [33m[main][0;39m [39mDEBUG[0;39m [32morg.mybatis.spring.mapper.ClassPathMapperScanner[0;39m - Creating MapperFactoryBean with name 'permissionMapper' and 'com.geo.dsp.module.privilege.mapper.PermissionMapper' mapperInterface
[31m2026-05-31 19:56:11.187[0;39m [33m[main][0;39m [39mDEBUG[0;39m [32morg.mybatis.spring.mapper.ClassPathMapperScanner[0;39m - Enabling autowire by type for MapperFactoryBean with name 'permissionMapper'.
[31m2026-05-31 19:56:11.187[0;39m [33m[main][0;39m [39mDEBUG[0;39m [32morg.mybatis.spring.mapper.ClassPathMapperScanner[0;39m - Creating MapperFactoryBean with name 'roleMapper' and 'com.geo.dsp.module.privilege.mapper.RoleMapper' mapperInterface
[31m2026-05-31 19:56:11.187[0;39m [33m[main][0;39m [39mDEBUG[0;39m [32morg.mybatis.spring.mapper.ClassPathMapperScanner[0;39m - Enabling autowire by type for MapperFactoryBean with name 'roleMapper'.
[31m2026-05-31 19:56:11.187[0;39m [33m[main][0;39m [39mDEBUG[0;39m [32morg.mybatis.spring.mapper.ClassPathMapperScanner[0;39m - Creating MapperFactoryBean with name 'rolePermisMapper' and 'com.geo.dsp.module.privilege.mapper.RolePermisMapper' mapperInterface
[31m2026-05-31 19:56:11.188[0;39m [33m[main][0;39m [39mDEBUG[0;39m [32morg.mybatis.spring.mapper.ClassPathMapperScanner[0;39m - Enabling autowire by type for MapperFactoryBean with name 'rolePermisMapper'.
[31m2026-05-31 19:56:11.188[0;39m [33m[main][0;39m [39mDEBUG[0;39m [32morg.mybatis.spring.mapper.ClassPathMapperScanner[0;39m - Creating MapperFactoryBean with name 'userRoleMapper' and 'com.geo.dsp.module.privilege.mapper.UserRoleMapper' mapperInterface
[31m2026-05-31 19:56:11.188[0;39m [33m[main][0;39m [39mDEBUG[0;39m [32morg.mybatis.spring.mapper.ClassPathMapperScanner[0;39m - Enabling autowire by type for MapperFactoryBean with name 'userRoleMapper'.
[31m2026-05-31 19:56:11.188[0;39m [33m[main][0;39m [39mDEBUG[0;39m [32morg.mybatis.spring.mapper.ClassPathMapperScanner[0;39m - Creating MapperFactoryBean with name 'companyMapper' and 'com.geo.dsp.module.user.mapper.CompanyMapper' mapperInterface
[31m2026-05-31 19:56:11.188[0;39m [33m[main][0;39m [39mDEBUG[0;39m [32morg.mybatis.spring.mapper.ClassPathMapperScanner[0;39m - Enabling autowire by type for MapperFactoryBean with name 'companyMapper'.
[31m2026-05-31 19:56:11.188[0;39m [33m[main][0;39m [39mDEBUG[0;39m [32morg.mybatis.spring.mapper.ClassPathMapperScanner[0;39m - Creating MapperFactoryBean with name 'userImageMapper' and 'com.geo.dsp.module.user.mapper.UserImageMapper' mapperInterface
[31m2026-05-31 19:56:11.189[0;39m [33m[main][0;39m [39mDEBUG[0;39m [32morg.mybatis.spring.mapper.ClassPathMapperScanner[0;39m - Enabling autowire by type for MapperFactoryBean with name 'userImageMapper'.
[31m2026-05-31 19:56:11.189[0;39m [33m[main][0;39m [39mDEBUG[0;39m [32morg.mybatis.spring.mapper.ClassPathMapperScanner[0;39m - Creating MapperFactoryBean with name 'userMapper' and 'com.geo.dsp.module.user.mapper.UserMapper' mapperInterface
[31m2026-05-31 19:56:11.189[0;39m [33m[main][0;39m [39mDEBUG[0;39m [32morg.mybatis.spring.mapper.ClassPathMapperScanner[0;39m - Enabling autowire by type for MapperFactoryBean with name 'userMapper'.
[31m2026-05-31 19:56:12.129[0;39m [33m[main][0;39m [39mDEBUG[0;39m [32mo.s.b.w.e.tomcat.TomcatServletWebServerFactory[0;39m - Code archive: C:\Users\22317\Desktop\bbb\geodspp\GeoDsp(1)\GeoDsp\target\dsp-0.0.1-SNAPSHOT.jar
[31m2026-05-31 19:56:12.130[0;39m [33m[main][0;39m [39mDEBUG[0;39m [32mo.s.b.w.e.tomcat.TomcatServletWebServerFactory[0;39m - Code archive: C:\Users\22317\Desktop\bbb\geodspp\GeoDsp(1)\GeoDsp\target\dsp-0.0.1-SNAPSHOT.jar
[31m2026-05-31 19:56:12.130[0;39m [33m[main][0;39m [39mDEBUG[0;39m [32mo.s.b.w.e.tomcat.TomcatServletWebServerFactory[0;39m - None of the document roots [src/main/webapp, public, static] point to a directory and will be ignored.
[31m2026-05-31 19:56:12.259[0;39m [33m[main][0;39m [34mINFO [0;39m [32mo.s.boot.web.embedded.tomcat.TomcatWebServer[0;39m - Tomcat initialized with port 9966 (http)
[31m2026-05-31 19:56:12.294[0;39m [33m[main][0;39m [34mINFO [0;39m [32morg.apache.coyote.http11.Http11NioProtocol[0;39m - Initializing ProtocolHandler ["http-nio-9966"]
[31m2026-05-31 19:56:12.298[0;39m [33m[main][0;39m [34mINFO [0;39m [32morg.apache.catalina.core.StandardService[0;39m - Starting service [Tomcat]
[31m2026-05-31 19:56:12.300[0;39m [33m[main][0;39m [34mINFO [0;39m [32morg.apache.catalina.core.StandardEngine[0;39m - Starting Servlet engine: [Apache Tomcat/10.1.33]
[31m2026-05-31 19:56:12.392[0;39m [33m[main][0;39m [34mINFO [0;39m [32mo.a.c.c.ContainerBase.[Tomcat].[localhost].[/geo][0;39m - Initializing Spring embedded WebApplicationContext
[31m2026-05-31 19:56:12.393[0;39m [33m[main][0;39m [39mDEBUG[0;39m [32mo.s.b.w.s.c.ServletWebServerApplicationContext[0;39m - Published root WebApplicationContext as ServletContext attribute with name [org.springframework.web.context.WebApplicationContext.ROOT]
[31m2026-05-31 19:56:12.393[0;39m [33m[main][0;39m [34mINFO [0;39m [32mo.s.b.w.s.c.ServletWebServerApplicationContext[0;39m - Root WebApplicationContext: initialization completed in 2605 ms
[31m2026-05-31 19:56:12.443[0;39m [33m[main][0;39m [39mDEBUG[0;39m [32mo.s.b.web.servlet.ServletContextInitializerBeans[0;39m - Mapping filters: springSecurityFilterChain urls=[/*] order=-100, characterEncodingFilter urls=[/*] order=-2147483648, formContentFilter urls=[/*] order=-9900, requestContextFilter urls=[/*] order=-105, jwtAuthenticationFilter urls=[/*] order=2147483647
[31m2026-05-31 19:56:12.444[0;39m [33m[main][0;39m [39mDEBUG[0;39m [32mo.s.b.web.servlet.ServletContextInitializerBeans[0;39m - Mapping servlets: dispatcherServlet urls=[/]
[31m2026-05-31 19:56:12.520[0;39m [33m[main][0;39m [39mDEBUG[0;39m [32mo.s.b.w.servlet.filter.OrderedRequestContextFilter[0;39m - Filter 'requestContextFilter' configured for use
[31m2026-05-31 19:56:12.526[0;39m [33m[main][0;39m [39mDEBUG[0;39m [32mcom.geo.dsp.filter.JwtAuthenticationFilter[0;39m - Filter 'jwtAuthenticationFilter' configured for use
[31m2026-05-31 19:56:12.527[0;39m [33m[main][0;39m [39mDEBUG[0;39m [32mo.s.b.w.s.filter.OrderedCharacterEncodingFilter[0;39m - Filter 'characterEncodingFilter' configured for use
[31m2026-05-31 19:56:12.527[0;39m [33m[main][0;39m [39mDEBUG[0;39m [32mo.s.b.w.s.DelegatingFilterProxyRegistrationBean$1[0;39m - Filter 'springSecurityFilterChain' configured for use
[31m2026-05-31 19:56:12.527[0;39m [33m[main][0;39m [39mDEBUG[0;39m [32mo.s.b.web.servlet.filter.OrderedFormContentFilter[0;39m - Filter 'formContentFilter' configured for use
Logging initialized using 'class org.apache.ibatis.logging.stdout.StdOutImpl' adapter.
Initialization Sequence datacenterId:17 workerId:12
 _ _   |_  _ _|_. ___ _ |    _ 
| | |\/|_)(_| | |_\  |_)||_|_\ 
     /               |         
                        3.5.5 
[31m2026-05-31 19:56:15.525[0;39m [33m[main][0;39m [39mDEBUG[0;39m [32mo.s.w.s.m.m.a.RequestMappingHandlerMapping[0;39m - 131 mappings in 'requestMappingHandlerMapping'
[31m2026-05-31 19:56:15.732[0;39m [33m[main][0;39m [39mDEBUG[0;39m [32mo.s.web.servlet.handler.SimpleUrlHandlerMapping[0;39m - Patterns [/webjars/**, /**] in 'resourceHandlerMapping'
[31m2026-05-31 19:56:15.862[0;39m [33m[main][0;39m [39mDEBUG[0;39m [32mo.s.w.s.m.m.a.RequestMappingHandlerAdapter[0;39m - ControllerAdvice beans: 0 @ModelAttribute, 0 @InitBinder, 1 RequestBodyAdvice, 1 ResponseBodyAdvice
[31m2026-05-31 19:56:16.009[0;39m [33m[main][0;39m [39mDEBUG[0;39m [32mo.s.w.s.m.m.a.ExceptionHandlerExceptionResolver[0;39m - ControllerAdvice beans: 1 @ExceptionHandler, 1 ResponseBodyAdvice
[31m2026-05-31 19:56:16.987[0;39m [33m[main][0;39m [34mINFO [0;39m [32morg.apache.coyote.http11.Http11NioProtocol[0;39m - Starting ProtocolHandler ["http-nio-9966"]
[31m2026-05-31 19:56:17.007[0;39m [33m[main][0;39m [31mWARN [0;39m [32mo.s.b.w.s.c.AnnotationConfigServletWebServerApplicationContext[0;39m - Exception encountered during context initialization - cancelling refresh attempt: org.springframework.context.ApplicationContextException: Failed to start bean 'webServerStartStop'
[31m2026-05-31 19:56:17.119[0;39m [33m[main][0;39m [39mDEBUG[0;39m [32mo.s.b.a.logging.ConditionEvaluationReportLogger[0;39m - 


============================
CONDITIONS EVALUATION REPORT
============================


Positive matches:
-----------------

   AopAutoConfiguration matched:
      - @ConditionalOnProperty (spring.aop.auto=true) matched (OnPropertyCondition)

   AopAutoConfiguration.ClassProxyingConfiguration matched:
      - @ConditionalOnMissingClass did not find unwanted class 'org.aspectj.weaver.Advice' (OnClassCondition)
      - @ConditionalOnProperty (spring.aop.proxy-target-class=true) matched (OnPropertyCondition)

   ApplicationAvailabilityAutoConfiguration#applicationAvailability matched:
      - @ConditionalOnMissingBean (types: org.springframework.boot.availability.ApplicationAvailability; SearchStrategy: all) did not find any beans (OnBeanCondition)

   DataSourceAutoConfiguration matched:
      - @ConditionalOnClass found required classes 'javax.sql.DataSource', 'org.springframework.jdbc.datasource.embedded.EmbeddedDatabaseType' (OnClassCondition)
      - @ConditionalOnMissingBean (types: io.r2dbc.spi.ConnectionFactory; SearchStrategy: all) did not find any beans (OnBeanCondition)

   DataSourceAutoConfiguration.PooledDataSourceConfiguration matched:
      - AnyNestedCondition 1 matched 1 did not; NestedCondition on DataSourceAutoConfiguration.PooledDataSourceCondition.PooledDataSourceAvailable PooledDataSource found supported DataSource; NestedCondition on DataSourceAutoConfiguration.PooledDataSourceCondition.ExplicitType @ConditionalOnProperty (spring.datasource.type) did not find property 'type' (DataSourceAutoConfiguration.PooledDataSourceCondition)
      - @ConditionalOnMissingBean (types: javax.sql.DataSource,javax.sql.XADataSource; SearchStrategy: all) did not find any beans (OnBeanCondition)

   DataSourceAutoConfiguration.PooledDataSourceConfiguration#jdbcConnectionDetails matched:
      - @ConditionalOnMissingBean (types: org.springframework.boot.autoconfigure.jdbc.JdbcConnectionDetails; SearchStrategy: all) did not find any beans (OnBeanCondition)

   DataSourceConfiguration.Hikari matched:
      - @ConditionalOnClass found required class 'com.zaxxer.hikari.HikariDataSource' (OnClassCondition)
      - @ConditionalOnProperty (spring.datasource.type=com.zaxxer.hikari.HikariDataSource) matched (OnPropertyCondition)
      - @ConditionalOnMissingBean (types: javax.sql.DataSource; SearchStrategy: all) did not find any beans (OnBeanCondition)

   DataSourceInitializationConfiguration matched:
      - @ConditionalOnClass found required class 'org.springframework.jdbc.datasource.init.DatabasePopulator' (OnClassCondition)
      - @ConditionalOnSingleCandidate (types: javax.sql.DataSource; SearchStrategy: all) found a single bean 'dataSource'; @ConditionalOnMissingBean (types: org.springframework.boot.autoconfigure.sql.init.SqlDataSourceScriptDatabaseInitializer,org.springframework.boot.autoconfigure.sql.init.SqlR2dbcScriptDatabaseInitializer; SearchStrategy: all) did not find any beans (OnBeanCondition)

   DataSourceJmxConfiguration matched:
      - @ConditionalOnProperty (spring.jmx.enabled=true) matched (OnPropertyCondition)

   DataSourceJmxConfiguration.Hikari matched:
      - @ConditionalOnClass found required class 'com.zaxxer.hikari.HikariDataSource' (OnClassCondition)
      - @ConditionalOnSingleCandidate (types: javax.sql.DataSource; SearchStrategy: all) found a single bean 'dataSource' (OnBeanCondition)

   DataSourcePoolMetadataProvidersConfiguration.HikariPoolDataSourceMetadataProviderConfiguration matched:
      - @ConditionalOnClass found required class 'com.zaxxer.hikari.HikariDataSource' (OnClassCondition)

   DataSourceTransactionManagerAutoConfiguration matched:
      - @ConditionalOnClass found required classes 'javax.sql.DataSource', 'org.springframework.jdbc.core.JdbcTemplate', 'org.springframework.transaction.TransactionManager' (OnClassCondition)

   DataSourceTransactionManagerAutoConfiguration.JdbcTransactionManagerConfiguration matched:
      - @ConditionalOnSingleCandidate (types: javax.sql.DataSource; SearchStrategy: all) found a single bean 'dataSource' (OnBeanCondition)

   DataSourceTransactionManagerAutoConfiguration.JdbcTransactionManagerConfiguration#transactionManager matched:
      - @ConditionalOnMissingBean (types: org.springframework.transaction.TransactionManager; SearchStrategy: all) did not find any beans (OnBeanCondition)

   DisabledSecurityConfig matched:
      - @ConditionalOnProperty (security.enabled=false) matched (OnPropertyCondition)

   DispatcherServletAutoConfiguration matched:
      - @ConditionalOnClass found required class 'org.springframework.web.servlet.DispatcherServlet' (OnClassCondition)
      - found 'session' scope (OnWebApplicationCondition)

   DispatcherServletAutoConfiguration.DispatcherServletConfiguration matched:
      - @ConditionalOnClass found required class 'jakarta.servlet.ServletRegistration' (OnClassCondition)
      - Default DispatcherServlet did not find dispatcher servlet beans (DispatcherServletAutoConfiguration.DefaultDispatcherServletCondition)

   DispatcherServletAutoConfiguration.DispatcherServletRegistrationConfiguration matched:
      - @ConditionalOnClass found required class 'jakarta.servlet.ServletRegistration' (OnClassCondition)
      - DispatcherServlet Registration did not find servlet registration bean (DispatcherServletAutoConfiguration.DispatcherServletRegistrationCondition)

   DispatcherServletAutoConfiguration.DispatcherServletRegistrationConfiguration#dispatcherServletRegistration matched:
      - @ConditionalOnBean (names: dispatcherServlet types: org.springframework.web.servlet.DispatcherServlet; SearchStrategy: all) found bean 'dispatcherServlet' (OnBeanCondition)

   EmbeddedWebServerFactoryCustomizerAutoConfiguration matched:
      - @ConditionalOnWebApplication (required) found 'session' scope (OnWebApplicationCondition)
      - @ConditionalOnWarDeployment the application is not deployed as a WAR file. (OnWarDeploymentCondition)

   EmbeddedWebServerFactoryCustomizerAutoConfiguration.TomcatWebServerFactoryCustomizerConfiguration matched:
      - @ConditionalOnClass found required classes 'org.apache.catalina.startup.Tomcat', 'org.apache.coyote.UpgradeProtocol' (OnClassCondition)

   ErrorMvcAutoConfiguration matched:
      - @ConditionalOnClass found required classes 'jakarta.servlet.Servlet', 'org.springframework.web.servlet.DispatcherServlet' (OnClassCondition)
      - found 'session' scope (OnWebApplicationCondition)

   ErrorMvcAutoConfiguration#basicErrorController matched:
      - @ConditionalOnMissingBean (types: org.springframework.boot.web.servlet.error.ErrorController; SearchStrategy: current) did not find any beans (OnBeanCondition)

   ErrorMvcAutoConfiguration#errorAttributes matched:
      - @ConditionalOnMissingBean (types: org.springframework.boot.web.servlet.error.ErrorAttributes; SearchStrategy: current) did not find any beans (OnBeanCondition)

   ErrorMvcAutoConfiguration.DefaultErrorViewResolverConfiguration#conventionErrorViewResolver matched:
      - @ConditionalOnBean (types: org.springframework.web.servlet.DispatcherServlet; SearchStrategy: all) found bean 'dispatcherServlet'; @ConditionalOnMissingBean (types: org.springframework.boot.autoconfigure.web.servlet.error.ErrorViewResolver; SearchStrategy: all) did not find any beans (OnBeanCondition)

   ErrorMvcAutoConfiguration.WhitelabelErrorViewConfiguration matched:
      - @ConditionalOnProperty (server.error.whitelabel.enabled) matched (OnPropertyCondition)
      - ErrorTemplate Missing did not find error template view (ErrorMvcAutoConfiguration.ErrorTemplateMissingCondition)

   ErrorMvcAutoConfiguration.WhitelabelErrorViewConfiguration#beanNameViewResolver matched:
      - @ConditionalOnMissingBean (types: org.springframework.web.servlet.view.BeanNameViewResolver; SearchStrategy: all) did not find any beans (OnBeanCondition)

   ErrorMvcAutoConfiguration.WhitelabelErrorViewConfiguration#defaultErrorView matched:
      - @ConditionalOnMissingBean (names: error; SearchStrategy: all) did not find any beans (OnBeanCondition)

   GenericCacheConfiguration matched:
      - Cache org.springframework.boot.autoconfigure.cache.GenericCacheConfiguration automatic cache type (CacheCondition)

   GsonAutoConfiguration matched:
      - @ConditionalOnClass found required class 'com.google.gson.Gson' (OnClassCondition)

   GsonAutoConfiguration#gson matched:
      - @ConditionalOnMissingBean (types: com.google.gson.Gson; SearchStrategy: all) did not find any beans (OnBeanCondition)

   GsonAutoConfiguration#gsonBuilder matched:
      - @ConditionalOnMissingBean (types: com.google.gson.GsonBuilder; SearchStrategy: all) did not find any beans (OnBeanCondition)

   GsonHttpMessageConvertersConfiguration matched:
      - @ConditionalOnClass found required class 'com.google.gson.Gson' (OnClassCondition)

   HttpClientAutoConfiguration matched:
      - @ConditionalOnClass found required class 'org.springframework.http.client.ClientHttpRequestFactory' (OnClassCondition)
      - NoneNestedConditions 0 matched 1 did not; NestedCondition on NotReactiveWebApplicationCondition.ReactiveWebApplication did not find reactive web application classes (NotReactiveWebApplicationCondition)

   HttpClientAutoConfiguration#clientHttpRequestFactoryBuilder matched:
      - @ConditionalOnMissingBean (types: org.springframework.boot.http.client.ClientHttpRequestFactoryBuilder; SearchStrategy: all) did not find any beans (OnBeanCondition)

   HttpClientAutoConfiguration#clientHttpRequestFactorySettings matched:
      - @ConditionalOnMissingBean (types: org.springframework.boot.http.client.ClientHttpRequestFactorySettings; SearchStrategy: all) did not find any beans (OnBeanCondition)

   HttpEncodingAutoConfiguration matched:
      - @ConditionalOnClass found required class 'org.springframework.web.filter.CharacterEncodingFilter' (OnClassCondition)
      - found 'session' scope (OnWebApplicationCondition)
      - @ConditionalOnProperty (server.servlet.encoding.enabled) matched (OnPropertyCondition)

   HttpEncodingAutoConfiguration#characterEncodingFilter matched:
      - @ConditionalOnMissingBean (types: org.springframework.web.filter.CharacterEncodingFilter; SearchStrategy: all) did not find any beans (OnBeanCondition)

   HttpMessageConvertersAutoConfiguration matched:
      - @ConditionalOnClass found required class 'org.springframework.http.converter.HttpMessageConverter' (OnClassCondition)
      - NoneNestedConditions 0 matched 1 did not; NestedCondition on HttpMessageConvertersAutoConfiguration.NotReactiveWebApplicationCondition.ReactiveWebApplication did not find reactive web application classes (HttpMessageConvertersAutoConfiguration.NotReactiveWebApplicationCondition)

   HttpMessageConvertersAutoConfiguration#messageConverters matched:
      - @ConditionalOnMissingBean (types: org.springframework.boot.autoconfigure.http.HttpMessageConverters; SearchStrategy: all) did not find any beans (OnBeanCondition)

   HttpMessageConvertersAutoConfiguration.StringHttpMessageConverterConfiguration matched:
      - @ConditionalOnClass found required class 'org.springframework.http.converter.StringHttpMessageConverter' (OnClassCondition)

   HttpMessageConvertersAutoConfiguration.StringHttpMessageConverterConfiguration#stringHttpMessageConverter matched:
      - @ConditionalOnMissingBean (types: org.springframework.http.converter.StringHttpMessageConverter; SearchStrategy: all) did not find any beans (OnBeanCondition)

   JacksonAutoConfiguration matched:
      - @ConditionalOnClass found required class 'com.fasterxml.jackson.databind.ObjectMapper' (OnClassCondition)

   JacksonAutoConfiguration.Jackson2ObjectMapperBuilderCustomizerConfiguration matched:
      - @ConditionalOnClass found required class 'org.springframework.http.converter.json.Jackson2ObjectMapperBuilder' (OnClassCondition)

   JacksonAutoConfiguration.JacksonObjectMapperBuilderConfiguration matched:
      - @ConditionalOnClass found required class 'org.springframework.http.converter.json.Jackson2ObjectMapperBuilder' (OnClassCondition)

   JacksonAutoConfiguration.JacksonObjectMapperBuilderConfiguration#jacksonObjectMapperBuilder matched:
      - @ConditionalOnMissingBean (types: org.springframework.http.converter.json.Jackson2ObjectMapperBuilder; SearchStrategy: all) did not find any beans (OnBeanCondition)

   JacksonAutoConfiguration.JacksonObjectMapperConfiguration matched:
      - @ConditionalOnClass found required class 'org.springframework.http.converter.json.Jackson2ObjectMapperBuilder' (OnClassCondition)

   JacksonAutoConfiguration.JacksonObjectMapperConfiguration#jacksonObjectMapper matched:
      - @ConditionalOnMissingBean (types: com.fasterxml.jackson.databind.ObjectMapper; SearchStrategy: all) did not find any beans (OnBeanCondition)

   JacksonAutoConfiguration.ParameterNamesModuleConfiguration matched:
      - @ConditionalOnClass found required class 'com.fasterxml.jackson.module.paramnames.ParameterNamesModule' (OnClassCondition)

   JacksonAutoConfiguration.ParameterNamesModuleConfiguration#parameterNamesModule matched:
      - @ConditionalOnMissingBean (types: com.fasterxml.jackson.module.paramnames.ParameterNamesModule; SearchStrategy: all) did not find any beans (OnBeanCondition)

   JacksonHttpMessageConvertersConfiguration.MappingJackson2HttpMessageConverterConfiguration matched:
      - @ConditionalOnClass found required class 'com.fasterxml.jackson.databind.ObjectMapper' (OnClassCondition)
      - @ConditionalOnProperty (spring.mvc.converters.preferred-json-mapper=jackson) matched (OnPropertyCondition)
      - @ConditionalOnBean (types: com.fasterxml.jackson.databind.ObjectMapper; SearchStrategy: all) found bean 'jacksonObjectMapper' (OnBeanCondition)

   JacksonHttpMessageConvertersConfiguration.MappingJackson2HttpMessageConverterConfiguration#mappingJackson2HttpMessageConverter matched:
      - @ConditionalOnMissingBean (types: org.springframework.http.converter.json.MappingJackson2HttpMessageConverter ignored: org.springframework.hateoas.server.mvc.TypeConstrainedMappingJackson2HttpMessageConverter,org.springframework.data.rest.webmvc.alps.AlpsJsonHttpMessageConverter; SearchStrategy: all) did not find any beans (OnBeanCondition)

   JdbcClientAutoConfiguration matched:
      - @ConditionalOnSingleCandidate (types: org.springframework.jdbc.core.namedparam.NamedParameterJdbcTemplate; SearchStrategy: all) found a single bean 'namedParameterJdbcTemplate'; @ConditionalOnMissingBean (types: org.springframework.jdbc.core.simple.JdbcClient; SearchStrategy: all) did not find any beans (OnBeanCondition)

   JdbcTemplateAutoConfiguration matched:
      - @ConditionalOnClass found required classes 'javax.sql.DataSource', 'org.springframework.jdbc.core.JdbcTemplate' (OnClassCondition)
      - @ConditionalOnSingleCandidate (types: javax.sql.DataSource; SearchStrategy: all) found a single bean 'dataSource' (OnBeanCondition)

   JdbcTemplateConfiguration matched:
      - @ConditionalOnMissingBean (types: org.springframework.jdbc.core.JdbcOperations; SearchStrategy: all) did not find any beans (OnBeanCondition)

   LettuceConnectionConfiguration matched:
      - @ConditionalOnClass found required class 'io.lettuce.core.RedisClient' (OnClassCondition)
      - @ConditionalOnProperty (spring.data.redis.client-type=lettuce) matched (OnPropertyCondition)

   LettuceConnectionConfiguration#lettuceClientResources matched:
      - @ConditionalOnMissingBean (types: io.lettuce.core.resource.ClientResources; SearchStrategy: all) did not find any beans (OnBeanCondition)

   LettuceConnectionConfiguration#redisConnectionFactory matched:
      - @ConditionalOnMissingBean (types: org.springframework.data.redis.connection.RedisConnectionFactory; SearchStrategy: all) did not find any beans (OnBeanCondition)
      - @ConditionalOnThreading found PLATFORM (OnThreadingCondition)

   LifecycleAutoConfiguration#defaultLifecycleProcessor matched:
      - @ConditionalOnMissingBean (names: lifecycleProcessor; SearchStrategy: current) did not find any beans (OnBeanCondition)

   MomentsAutoConfiguration matched:
      - @ConditionalOnProperty (spring.modulith.moments.enabled=true) matched (OnPropertyCondition)

   MomentsAutoConfiguration#moments matched:
      - @ConditionalOnProperty (spring.modulith.moments.enable-time-machine=false) matched (OnPropertyCondition)

   MultipartAutoConfiguration matched:
      - @ConditionalOnClass found required classes 'jakarta.servlet.Servlet', 'org.springframework.web.multipart.support.StandardServletMultipartResolver', 'jakarta.servlet.MultipartConfigElement' (OnClassCondition)
      - found 'session' scope (OnWebApplicationCondition)
      - @ConditionalOnProperty (spring.servlet.multipart.enabled) matched (OnPropertyCondition)

   MultipartAutoConfiguration#multipartConfigElement matched:
      - @ConditionalOnMissingBean (types: jakarta.servlet.MultipartConfigElement; SearchStrategy: all) did not find any beans (OnBeanCondition)

   MultipartAutoConfiguration#multipartResolver matched:
      - @ConditionalOnMissingBean (types: org.springframework.web.multipart.MultipartResolver; SearchStrategy: all) did not find any beans (OnBeanCondition)

   MybatisPlusAutoConfiguration matched:
      - @ConditionalOnClass found required classes 'org.apache.ibatis.session.SqlSessionFactory', 'org.mybatis.spring.SqlSessionFactoryBean' (OnClassCondition)
      - @ConditionalOnSingleCandidate (types: javax.sql.DataSource; SearchStrategy: all) found a single bean 'dataSource' (OnBeanCondition)

   MybatisPlusAutoConfiguration#ddlApplicationRunner matched:
      - @ConditionalOnMissingBean (types: com.baomidou.mybatisplus.autoconfigure.DdlApplicationRunner; SearchStrategy: all) did not find any beans (OnBeanCondition)

   MybatisPlusAutoConfiguration#sqlSessionFactory matched:
      - @ConditionalOnMissingBean (types: org.apache.ibatis.session.SqlSessionFactory; SearchStrategy: all) did not find any beans (OnBeanCondition)

   MybatisPlusAutoConfiguration#sqlSessionTemplate matched:
      - @ConditionalOnMissingBean (types: org.mybatis.spring.SqlSessionTemplate; SearchStrategy: all) did not find any beans (OnBeanCondition)

   MybatisPlusLanguageDriverAutoConfiguration matched:
      - @ConditionalOnClass found required class 'org.apache.ibatis.scripting.LanguageDriver' (OnClassCondition)

   NamedParameterJdbcTemplateConfiguration matched:
      - @ConditionalOnSingleCandidate (types: org.springframework.jdbc.core.JdbcTemplate; SearchStrategy: all) found a single bean 'jdbcTemplate'; @ConditionalOnMissingBean (types: org.springframework.jdbc.core.namedparam.NamedParameterJdbcOperations; SearchStrategy: all) did not find any beans (OnBeanCondition)

   NettyAutoConfiguration matched:
      - @ConditionalOnClass found required class 'io.netty.util.NettyRuntime' (OnClassCondition)

   NoOpCacheConfiguration matched:
      - Cache org.springframework.boot.autoconfigure.cache.NoOpCacheConfiguration automatic cache type (CacheCondition)

   PersistenceExceptionTranslationAutoConfiguration matched:
      - @ConditionalOnClass found required class 'org.springframework.dao.annotation.PersistenceExceptionTranslationPostProcessor' (OnClassCondition)

   PersistenceExceptionTranslationAutoConfiguration#persistenceExceptionTranslationPostProcessor matched:
      - @ConditionalOnProperty (spring.dao.exceptiontranslation.enabled) matched (OnPropertyCondition)
      - @ConditionalOnMissingBean (types: org.springframework.dao.annotation.PersistenceExceptionTranslationPostProcessor; SearchStrategy: all) did not find any beans (OnBeanCondition)

   PropertyPlaceholderAutoConfiguration#propertySourcesPlaceholderConfigurer matched:
      - @ConditionalOnMissingBean (types: org.springframework.context.support.PropertySourcesPlaceholderConfigurer; SearchStrategy: current) did not find any beans (OnBeanCondition)

   RabbitAnnotationDrivenConfiguration matched:
      - @ConditionalOnClass found required class 'org.springframework.amqp.rabbit.annotation.EnableRabbit' (OnClassCondition)

   RabbitAnnotationDrivenConfiguration#directRabbitListenerContainerFactoryConfigurer matched:
      - @ConditionalOnMissingBean (types: org.springframework.boot.autoconfigure.amqp.DirectRabbitListenerContainerFactoryConfigurer; SearchStrategy: all) did not find any beans (OnBeanCondition)
      - @ConditionalOnThreading found PLATFORM (OnThreadingCondition)

   RabbitAnnotationDrivenConfiguration#simpleRabbitListenerContainerFactory matched:
      - @ConditionalOnProperty (spring.rabbitmq.listener.type=simple) matched (OnPropertyCondition)
      - @ConditionalOnMissingBean (names: rabbitListenerContainerFactory; SearchStrategy: all) did not find any beans (OnBeanCondition)

   RabbitAnnotationDrivenConfiguration#simpleRabbitListenerContainerFactoryConfigurer matched:
      - @ConditionalOnMissingBean (types: org.springframework.boot.autoconfigure.amqp.SimpleRabbitListenerContainerFactoryConfigurer; SearchStrategy: all) did not find any beans (OnBeanCondition)
      - @ConditionalOnThreading found PLATFORM (OnThreadingCondition)

   RabbitAnnotationDrivenConfiguration.EnableRabbitConfiguration matched:
      - @ConditionalOnMissingBean (names: org.springframework.amqp.rabbit.config.internalRabbitListenerAnnotationProcessor; SearchStrategy: all) did not find any beans (OnBeanCondition)

   RabbitAutoConfiguration matched:
      - @ConditionalOnClass found required classes 'org.springframework.amqp.rabbit.core.RabbitTemplate', 'com.rabbitmq.client.Channel' (OnClassCondition)

   RabbitAutoConfiguration.MessagingTemplateConfiguration matched:
      - @ConditionalOnClass found required class 'org.springframework.amqp.rabbit.core.RabbitMessagingTemplate' (OnClassCondition)
      - @ConditionalOnMissingBean (types: org.springframework.amqp.rabbit.core.RabbitMessagingTemplate; SearchStrategy: all) did not find any beans (OnBeanCondition)

   RabbitAutoConfiguration.MessagingTemplateConfiguration#rabbitMessagingTemplate matched:
      - @ConditionalOnSingleCandidate (types: org.springframework.amqp.rabbit.core.RabbitTemplate; SearchStrategy: all) found a single bean 'rabbitTemplate' (OnBeanCondition)

   RabbitAutoConfiguration.RabbitConnectionFactoryCreator#rabbitConnectionDetails matched:
      - @ConditionalOnMissingBean (types: org.springframework.boot.autoconfigure.amqp.RabbitConnectionDetails; SearchStrategy: all) did not find any beans (OnBeanCondition)

   RabbitAutoConfiguration.RabbitConnectionFactoryCreator#rabbitConnectionFactory matched:
      - @ConditionalOnMissingBean (types: org.springframework.amqp.rabbit.connection.ConnectionFactory; SearchStrategy: all) did not find any beans (OnBeanCondition)

   RabbitAutoConfiguration.RabbitConnectionFactoryCreator#rabbitConnectionFactoryBeanConfigurer matched:
      - @ConditionalOnMissingBean (types: org.springframework.boot.autoconfigure.amqp.RabbitConnectionFactoryBeanConfigurer; SearchStrategy: all) did not find any beans (OnBeanCondition)

   RabbitAutoConfiguration.RabbitConnectionFactoryCreator#rabbitConnectionFactoryConfigurer matched:
      - @ConditionalOnMissingBean (types: org.springframework.boot.autoconfigure.amqp.CachingConnectionFactoryConfigurer; SearchStrategy: all) did not find any beans (OnBeanCondition)

   RabbitAutoConfiguration.RabbitTemplateConfiguration#amqpAdmin matched:
      - @ConditionalOnProperty (spring.rabbitmq.dynamic) matched (OnPropertyCondition)
      - @ConditionalOnSingleCandidate (types: org.springframework.amqp.rabbit.connection.ConnectionFactory; SearchStrategy: all) found a single bean 'rabbitConnectionFactory'; @ConditionalOnMissingBean (types: org.springframework.amqp.core.AmqpAdmin; SearchStrategy: all) did not find any beans (OnBeanCondition)

   RabbitAutoConfiguration.RabbitTemplateConfiguration#rabbitTemplate matched:
      - @ConditionalOnSingleCandidate (types: org.springframework.amqp.rabbit.connection.ConnectionFactory; SearchStrategy: all) found a single bean 'rabbitConnectionFactory'; @ConditionalOnMissingBean (types: org.springframework.amqp.rabbit.core.RabbitOperations; SearchStrategy: all) did not find any beans (OnBeanCondition)

   RabbitAutoConfiguration.RabbitTemplateConfiguration#rabbitTemplateConfigurer matched:
      - @ConditionalOnMissingBean (types: org.springframework.boot.autoconfigure.amqp.RabbitTemplateConfigurer; SearchStrategy: all) did not find any beans (OnBeanCondition)

   ReactorAutoConfiguration matched:
      - @ConditionalOnClass found required class 'reactor.core.publisher.Hooks' (OnClassCondition)

   RedisAutoConfiguration matched:
      - @ConditionalOnClass found required class 'org.springframework.data.redis.core.RedisOperations' (OnClassCondition)

   RedisAutoConfiguration#redisConnectionDetails matched:
      - @ConditionalOnMissingBean (types: org.springframework.boot.autoconfigure.data.redis.RedisConnectionDetails; SearchStrategy: all) did not find any beans (OnBeanCondition)

   RedisAutoConfiguration#stringRedisTemplate matched:
      - @ConditionalOnSingleCandidate (types: org.springframework.data.redis.connection.RedisConnectionFactory; SearchStrategy: all) found a single bean 'redisConnectionFactory'; @ConditionalOnMissingBean (types: org.springframework.data.redis.core.StringRedisTemplate; SearchStrategy: all) did not find any beans (OnBeanCondition)

   RedisCacheConfiguration matched:
      - @ConditionalOnClass found required class 'org.springframework.data.redis.connection.RedisConnectionFactory' (OnClassCondition)
      - Cache org.springframework.boot.autoconfigure.cache.RedisCacheConfiguration automatic cache type (CacheCondition)

   RedisReactiveAutoConfiguration matched:
      - @ConditionalOnClass found required classes 'org.springframework.data.redis.connection.ReactiveRedisConnectionFactory', 'org.springframework.data.redis.core.ReactiveRedisTemplate', 'reactor.core.publisher.Flux' (OnClassCondition)

   RedisReactiveAutoConfiguration#reactiveRedisTemplate matched:
      - @ConditionalOnBean (types: org.springframework.data.redis.connection.ReactiveRedisConnectionFactory; SearchStrategy: all) found bean 'redisConnectionFactory'; @ConditionalOnMissingBean (names: reactiveRedisTemplate; SearchStrategy: all) did not find any beans (OnBeanCondition)

   RedisReactiveAutoConfiguration#reactiveStringRedisTemplate matched:
      - @ConditionalOnBean (types: org.springframework.data.redis.connection.ReactiveRedisConnectionFactory; SearchStrategy: all) found bean 'redisConnectionFactory'; @ConditionalOnMissingBean (names: reactiveStringRedisTemplate; SearchStrategy: all) did not find any beans (OnBeanCondition)

   RedisRepositoriesAutoConfiguration matched:
      - @ConditionalOnClass found required class 'org.springframework.data.redis.repository.configuration.EnableRedisRepositories' (OnClassCondition)
      - @ConditionalOnProperty (spring.data.redis.repositories.enabled=true) matched (OnPropertyCondition)
      - @ConditionalOnBean (types: org.springframework.data.redis.connection.RedisConnectionFactory; SearchStrategy: all) found bean 'redisConnectionFactory'; @ConditionalOnMissingBean (types: org.springframework.data.redis.repository.support.RedisRepositoryFactoryBean; SearchStrategy: all) did not find any beans (OnBeanCondition)

   RestClientAutoConfiguration matched:
      - @ConditionalOnClass found required class 'org.springframework.web.client.RestClient' (OnClassCondition)
      - NoneNestedConditions 0 matched 1 did not; NestedCondition on NotReactiveWebApplicationCondition.ReactiveWebApplication did not find reactive web application classes (NotReactiveWebApplicationCondition)

   RestClientAutoConfiguration#httpMessageConvertersRestClientCustomizer matched:
      - @ConditionalOnMissingBean (types: org.springframework.boot.autoconfigure.web.client.HttpMessageConvertersRestClientCustomizer; SearchStrategy: all) did not find any beans (OnBeanCondition)

   RestClientAutoConfiguration#restClientBuilder matched:
      - @ConditionalOnMissingBean (types: org.springframework.web.client.RestClient$Builder; SearchStrategy: all) did not find any beans (OnBeanCondition)

   RestClientAutoConfiguration#restClientBuilderConfigurer matched:
      - @ConditionalOnMissingBean (types: org.springframework.boot.autoconfigure.web.client.RestClientBuilderConfigurer; SearchStrategy: all) did not find any beans (OnBeanCondition)

   RestClientAutoConfiguration#restClientSsl matched:
      - @ConditionalOnBean (types: org.springframework.boot.ssl.SslBundles; SearchStrategy: all) found bean 'sslBundleRegistry'; @ConditionalOnMissingBean (types: org.springframework.boot.autoconfigure.web.client.RestClientSsl; SearchStrategy: all) did not find any beans (OnBeanCondition)

   RestTemplateAutoConfiguration matched:
      - @ConditionalOnClass found required class 'org.springframework.web.client.RestTemplate' (OnClassCondition)
      - NoneNestedConditions 0 matched 1 did not; NestedCondition on NotReactiveWebApplicationCondition.ReactiveWebApplication did not find reactive web application classes (NotReactiveWebApplicationCondition)

   RestTemplateAutoConfiguration#restTemplateBuilder matched:
      - @ConditionalOnMissingBean (types: org.springframework.boot.web.client.RestTemplateBuilder; SearchStrategy: all) did not find any beans (OnBeanCondition)

   SecurityAutoConfiguration matched:
      - @ConditionalOnClass found required class 'org.springframework.security.authentication.DefaultAuthenticationEventPublisher' (OnClassCondition)

   SecurityAutoConfiguration#authenticationEventPublisher matched:
      - @ConditionalOnMissingBean (types: org.springframework.security.authentication.AuthenticationEventPublisher; SearchStrategy: all) did not find any beans (OnBeanCondition)

   SecurityFilterAutoConfiguration matched:
      - @ConditionalOnClass found required classes 'org.springframework.security.web.context.AbstractSecurityWebApplicationInitializer', 'org.springframework.security.config.http.SessionCreationPolicy' (OnClassCondition)
      - found 'session' scope (OnWebApplicationCondition)

   SecurityFilterAutoConfiguration#securityFilterChainRegistration matched:
      - @ConditionalOnBean (names: springSecurityFilterChain; SearchStrategy: all) found bean 'springSecurityFilterChain' (OnBeanCondition)

   ServletWebServerFactoryAutoConfiguration matched:
      - @ConditionalOnClass found required class 'jakarta.servlet.ServletRequest' (OnClassCondition)
      - found 'session' scope (OnWebApplicationCondition)

   ServletWebServerFactoryAutoConfiguration#tomcatServletWebServerFactoryCustomizer matched:
      - @ConditionalOnClass found required class 'org.apache.catalina.startup.Tomcat' (OnClassCondition)

   ServletWebServerFactoryConfiguration.EmbeddedTomcat matched:
      - @ConditionalOnClass found required classes 'jakarta.servlet.Servlet', 'org.apache.catalina.startup.Tomcat', 'org.apache.coyote.UpgradeProtocol' (OnClassCondition)
      - @ConditionalOnMissingBean (types: org.springframework.boot.web.servlet.server.ServletWebServerFactory; SearchStrategy: current) did not find any beans (OnBeanCondition)

   SimpleCacheConfiguration matched:
      - Cache org.springframework.boot.autoconfigure.cache.SimpleCacheConfiguration automatic cache type (CacheCondition)

   SpringBootWebSecurityConfiguration matched:
      - found 'session' scope (OnWebApplicationCondition)

   SpringBootWebSecurityConfiguration.WebSecurityEnablerConfiguration matched:
      - @ConditionalOnClass found required class 'org.springframework.security.config.annotation.web.configuration.EnableWebSecurity' (OnClassCondition)
      - @ConditionalOnMissingBean (names: springSecurityFilterChain; SearchStrategy: all) did not find any beans (OnBeanCondition)

   SpringDataWebAutoConfiguration matched:
      - @ConditionalOnClass found required classes 'org.springframework.data.web.PageableHandlerMethodArgumentResolver', 'org.springframework.web.servlet.config.annotation.WebMvcConfigurer' (OnClassCondition)
      - found 'session' scope (OnWebApplicationCondition)
      - @ConditionalOnMissingBean (types: org.springframework.data.web.PageableHandlerMethodArgumentResolver; SearchStrategy: all) did not find any beans (OnBeanCondition)

   SpringDataWebAutoConfiguration#pageableCustomizer matched:
      - @ConditionalOnMissingBean (types: org.springframework.data.web.config.PageableHandlerMethodArgumentResolverCustomizer; SearchStrategy: all) did not find any beans (OnBeanCondition)

   SpringDataWebAutoConfiguration#sortCustomizer matched:
      - @ConditionalOnMissingBean (types: org.springframework.data.web.config.SortHandlerMethodArgumentResolverCustomizer; SearchStrategy: all) did not find any beans (OnBeanCondition)

   SpringDataWebAutoConfiguration#springDataWebSettings matched:
      - @ConditionalOnMissingBean (types: org.springframework.data.web.config.SpringDataWebSettings; SearchStrategy: all) did not find any beans (OnBeanCondition)

   SqlInitializationAutoConfiguration matched:
      - @ConditionalOnProperty (spring.sql.init.enabled) matched (OnPropertyCondition)
      - NoneNestedConditions 0 matched 1 did not; NestedCondition on SqlInitializationAutoConfiguration.SqlInitializationModeCondition.ModeIsNever @ConditionalOnProperty (spring.sql.init.mode=never) did not find property 'mode' (SqlInitializationAutoConfiguration.SqlInitializationModeCondition)

   SslAutoConfiguration#sslBundleRegistry matched:
      - @ConditionalOnMissingBean (types: org.springframework.boot.ssl.SslBundleRegistry,org.springframework.boot.ssl.SslBundles; SearchStrategy: all) did not find any beans (OnBeanCondition)

   TaskExecutionAutoConfiguration matched:
      - @ConditionalOnClass found required class 'org.springframework.scheduling.concurrent.ThreadPoolTaskExecutor' (OnClassCondition)

   TaskExecutorConfigurations.SimpleAsyncTaskExecutorBuilderConfiguration#simpleAsyncTaskExecutorBuilder matched:
      - @ConditionalOnMissingBean (types: org.springframework.boot.task.SimpleAsyncTaskExecutorBuilder; SearchStrategy: all) did not find any beans (OnBeanCondition)
      - @ConditionalOnThreading found PLATFORM (OnThreadingCondition)

   TaskExecutorConfigurations.TaskExecutorConfiguration matched:
      - @ConditionalOnMissingBean (types: java.util.concurrent.Executor; SearchStrategy: all) did not find any beans (OnBeanCondition)

   TaskExecutorConfigurations.TaskExecutorConfiguration#applicationTaskExecutor matched:
      - @ConditionalOnThreading found PLATFORM (OnThreadingCondition)

   TaskExecutorConfigurations.ThreadPoolTaskExecutorBuilderConfiguration#threadPoolTaskExecutorBuilder matched:
      - @ConditionalOnMissingBean (types: org.springframework.boot.task.ThreadPoolTaskExecutorBuilder; SearchStrategy: all) did not find any beans (OnBeanCondition)

   TaskSchedulingAutoConfiguration matched:
      - @ConditionalOnClass found required class 'org.springframework.scheduling.concurrent.ThreadPoolTaskScheduler' (OnClassCondition)

   TaskSchedulingConfigurations.SimpleAsyncTaskSchedulerBuilderConfiguration#simpleAsyncTaskSchedulerBuilder matched:
      - @ConditionalOnMissingBean (types: org.springframework.boot.task.SimpleAsyncTaskSchedulerBuilder; SearchStrategy: all) did not find any beans (OnBeanCondition)
      - @ConditionalOnThreading found PLATFORM (OnThreadingCondition)

   TaskSchedulingConfigurations.ThreadPoolTaskSchedulerBuilderConfiguration#threadPoolTaskSchedulerBuilder matched:
      - @ConditionalOnMissingBean (types: org.springframework.boot.task.ThreadPoolTaskSchedulerBuilder; SearchStrategy: all) did not find any beans (OnBeanCondition)

   TransactionAutoConfiguration matched:
      - @ConditionalOnClass found required class 'org.springframework.transaction.PlatformTransactionManager' (OnClassCondition)

   TransactionAutoConfiguration.TransactionTemplateConfiguration matched:
      - @ConditionalOnSingleCandidate (types: org.springframework.transaction.PlatformTransactionManager; SearchStrategy: all) found a single bean 'transactionManager' (OnBeanCondition)

   TransactionAutoConfiguration.TransactionTemplateConfiguration#transactionTemplate matched:
      - @ConditionalOnMissingBean (types: org.springframework.transaction.support.TransactionOperations; SearchStrategy: all) did not find any beans (OnBeanCondition)

   TransactionManagerCustomizationAutoConfiguration matched:
      - @ConditionalOnClass found required class 'org.springframework.transaction.PlatformTransactionManager' (OnClassCondition)

   TransactionManagerCustomizationAutoConfiguration#platformTransactionManagerCustomizers matched:
      - @ConditionalOnMissingBean (types: org.springframework.boot.autoconfigure.transaction.TransactionManagerCustomizers; SearchStrategy: all) did not find any beans (OnBeanCondition)

   UserDetailsServiceAutoConfiguration matched:
      - @ConditionalOnClass found required class 'org.springframework.security.authentication.AuthenticationManager' (OnClassCondition)
      - AnyNestedCondition 3 matched 0 did not; NestedCondition on UserDetailsServiceAutoConfiguration.MissingAlternativeOrUserPropertiesConfigured.PasswordConfigured @ConditionalOnProperty (spring.security.user.password) matched; NestedCondition on UserDetailsServiceAutoConfiguration.MissingAlternativeOrUserPropertiesConfigured.NameConfigured @ConditionalOnProperty (spring.security.user.name) matched; NestedCondition on UserDetailsServiceAutoConfiguration.MissingAlternativeOrUserPropertiesConfigured.MissingAlternative @ConditionalOnMissingClass did not find unwanted classes 'org.springframework.security.oauth2.client.registration.ClientRegistrationRepository', 'org.springframework.security.oauth2.server.resource.introspection.OpaqueTokenIntrospector', 'org.springframework.security.saml2.provider.service.registration.RelyingPartyRegistrationRepository' (UserDetailsServiceAutoConfiguration.MissingAlternativeOrUserPropertiesConfigured)
      - @ConditionalOnBean (types: org.springframework.security.config.ObjectPostProcessor; SearchStrategy: all) found beans 'objectPostProcessor', 'webAuthorizationManagerPostProcessor', 'filterChainDecoratorPostProcessor', 'authenticationManagerPostProcessor'; @ConditionalOnMissingBean (types: org.springframework.security.authentication.AuthenticationManager,org.springframework.security.authentication.AuthenticationProvider,org.springframework.security.core.userdetails.UserDetailsService,org.springframework.security.authentication.AuthenticationManagerResolver,org.springframework.security.oauth2.jwt.JwtDecoder; SearchStrategy: all) did not find any beans (OnBeanCondition)

   ValidationAutoConfiguration matched:
      - @ConditionalOnClass found required class 'jakarta.validation.executable.ExecutableValidator' (OnClassCondition)
      - @ConditionalOnResource found location classpath:META-INF/services/jakarta.validation.spi.ValidationProvider (OnResourceCondition)

   ValidationAutoConfiguration#defaultValidator matched:
      - @ConditionalOnMissingBean (types: jakarta.validation.Validator; SearchStrategy: all) did not find any beans (OnBeanCondition)

   ValidationAutoConfiguration#methodValidationPostProcessor matched:
      - @ConditionalOnMissingBean (types: org.springframework.validation.beanvalidation.MethodValidationPostProcessor; SearchStrategy: current) did not find any beans (OnBeanCondition)

   WebMvcAutoConfiguration matched:
      - @ConditionalOnClass found required classes 'jakarta.servlet.Servlet', 'org.springframework.web.servlet.DispatcherServlet', 'org.springframework.web.servlet.config.annotation.WebMvcConfigurer' (OnClassCondition)
      - found 'session' scope (OnWebApplicationCondition)
      - @ConditionalOnMissingBean (types: org.springframework.web.servlet.config.annotation.WebMvcConfigurationSupport; SearchStrategy: all) did not find any beans (OnBeanCondition)

   WebMvcAutoConfiguration#formContentFilter matched:
      - @ConditionalOnProperty (spring.mvc.formcontent.filter.enabled) matched (OnPropertyCondition)
      - @ConditionalOnMissingBean (types: org.springframework.web.filter.FormContentFilter; SearchStrategy: all) did not find any beans (OnBeanCondition)

   WebMvcAutoConfiguration.EnableWebMvcConfiguration#flashMapManager matched:
      - @ConditionalOnMissingBean (names: flashMapManager; SearchStrategy: all) did not find any beans (OnBeanCondition)

   WebMvcAutoConfiguration.EnableWebMvcConfiguration#localeResolver matched:
      - @ConditionalOnMissingBean (names: localeResolver; SearchStrategy: all) did not find any beans (OnBeanCondition)

   WebMvcAutoConfiguration.EnableWebMvcConfiguration#themeResolver matched:
      - @ConditionalOnMissingBean (names: themeResolver; SearchStrategy: all) did not find any beans (OnBeanCondition)

   WebMvcAutoConfiguration.EnableWebMvcConfiguration#viewNameTranslator matched:
      - @ConditionalOnMissingBean (names: viewNameTranslator; SearchStrategy: all) did not find any beans (OnBeanCondition)

   WebMvcAutoConfiguration.WebMvcAutoConfigurationAdapter#defaultViewResolver matched:
      - @ConditionalOnMissingBean (types: org.springframework.web.servlet.view.InternalResourceViewResolver; SearchStrategy: all) did not find any beans (OnBeanCondition)

   WebMvcAutoConfiguration.WebMvcAutoConfigurationAdapter#requestContextFilter matched:
      - @ConditionalOnMissingBean (types: org.springframework.web.context.request.RequestContextListener,org.springframework.web.filter.RequestContextFilter; SearchStrategy: all) did not find any beans (OnBeanCondition)

   WebMvcAutoConfiguration.WebMvcAutoConfigurationAdapter#viewResolver matched:
      - @ConditionalOnBean (types: org.springframework.web.servlet.ViewResolver; SearchStrategy: all) found beans 'defaultViewResolver', 'beanNameViewResolver', 'mvcViewResolver'; @ConditionalOnMissingBean (names: viewResolver types: org.springframework.web.servlet.view.ContentNegotiatingViewResolver; SearchStrategy: all) did not find any beans (OnBeanCondition)

   WebSocketServletAutoConfiguration matched:
      - @ConditionalOnClass found required classes 'jakarta.servlet.Servlet', 'jakarta.websocket.server.ServerContainer' (OnClassCondition)
      - found 'session' scope (OnWebApplicationCondition)

   WebSocketServletAutoConfiguration.TomcatWebSocketConfiguration matched:
      - @ConditionalOnClass found required classes 'org.apache.catalina.startup.Tomcat', 'org.apache.tomcat.websocket.server.WsSci' (OnClassCondition)

   WebSocketServletAutoConfiguration.TomcatWebSocketConfiguration#websocketServletWebServerCustomizer matched:
      - @ConditionalOnMissingBean (names: websocketServletWebServerCustomizer; SearchStrategy: all) did not find any beans (OnBeanCondition)


Negative matches:
-----------------

   ActiveMQAutoConfiguration:
      Did not match:
         - @ConditionalOnClass did not find required class 'jakarta.jms.ConnectionFactory' (OnClassCondition)

   AopAutoConfiguration.AspectJAutoProxyingConfiguration:
      Did not match:
         - @ConditionalOnClass did not find required class 'org.aspectj.weaver.Advice' (OnClassCondition)

   ArtemisAutoConfiguration:
      Did not match:
         - @ConditionalOnClass did not find required class 'jakarta.jms.ConnectionFactory' (OnClassCondition)

   BatchAutoConfiguration:
      Did not match:
         - @ConditionalOnClass did not find required class 'org.springframework.batch.core.launch.JobLauncher' (OnClassCondition)

   Cache2kCacheConfiguration:
      Did not match:
         - @ConditionalOnClass did not find required class 'org.cache2k.Cache2kBuilder' (OnClassCondition)

   CacheAutoConfiguration:
      Did not match:
         - @ConditionalOnBean (types: org.springframework.cache.interceptor.CacheAspectSupport; SearchStrategy: all) did not find any beans of type org.springframework.cache.interceptor.CacheAspectSupport (OnBeanCondition)
      Matched:
         - @ConditionalOnClass found required class 'org.springframework.cache.CacheManager' (OnClassCondition)

   CacheAutoConfiguration.CacheManagerEntityManagerFactoryDependsOnPostProcessor:
      Did not match:
         - @ConditionalOnClass did not find required class 'org.springframework.orm.jpa.LocalContainerEntityManagerFactoryBean' (OnClassCondition)
         - Ancestor org.springframework.boot.autoconfigure.cache.CacheAutoConfiguration did not match (ConditionEvaluationReport.AncestorsMatchedCondition)

   CaffeineCacheConfiguration:
      Did not match:
         - @ConditionalOnClass did not find required class 'com.github.benmanes.caffeine.cache.Caffeine' (OnClassCondition)

   CassandraAutoConfiguration:
      Did not match:
         - @ConditionalOnClass did not find required class 'com.datastax.oss.driver.api.core.CqlSession' (OnClassCondition)

   CassandraDataAutoConfiguration:
      Did not match:
         - @ConditionalOnClass did not find required class 'com.datastax.oss.driver.api.core.CqlSession' (OnClassCondition)

   CassandraReactiveDataAutoConfiguration:
      Did not match:
         - @ConditionalOnClass did not find required class 'com.datastax.oss.driver.api.core.CqlSession' (OnClassCondition)

   CassandraReactiveRepositoriesAutoConfiguration:
      Did not match:
         - @ConditionalOnClass did not find required class 'org.springframework.data.cassandra.ReactiveSession' (OnClassCondition)

   CassandraRepositoriesAutoConfiguration:
      Did not match:
         - @ConditionalOnClass did not find required class 'com.datastax.oss.driver.api.core.CqlSession' (OnClassCondition)

   ClientHttpConnectorAutoConfiguration:
      Did not match:
         - @ConditionalOnClass did not find required class 'org.springframework.web.reactive.function.client.WebClient' (OnClassCondition)

   CodecsAutoConfiguration:
      Did not match:
         - @ConditionalOnClass did not find required class 'org.springframework.web.reactive.function.client.WebClient' (OnClassCondition)

   CouchbaseAutoConfiguration:
      Did not match:
         - @ConditionalOnClass did not find required class 'com.couchbase.client.java.Cluster' (OnClassCondition)

   CouchbaseCacheConfiguration:
      Did not match:
         - @ConditionalOnClass did not find required class 'com.couchbase.client.java.Cluster' (OnClassCondition)

   CouchbaseDataAutoConfiguration:
      Did not match:
         - @ConditionalOnClass did not find required class 'com.couchbase.client.java.Bucket' (OnClassCondition)

   CouchbaseReactiveDataAutoConfiguration:
      Did not match:
         - @ConditionalOnClass did not find required class 'com.couchbase.client.java.Cluster' (OnClassCondition)

   CouchbaseReactiveRepositoriesAutoConfiguration:
      Did not match:
         - @ConditionalOnClass did not find required class 'com.couchbase.client.java.Cluster' (OnClassCondition)

   CouchbaseRepositoriesAutoConfiguration:
      Did not match:
         - @ConditionalOnClass did not find required class 'com.couchbase.client.java.Bucket' (OnClassCondition)

   DataSourceAutoConfiguration.EmbeddedDatabaseConfiguration:
      Did not match:
         - EmbeddedDataSource spring.datasource.url is set (DataSourceAutoConfiguration.EmbeddedDatabaseCondition)

   DataSourceCheckpointRestoreConfiguration:
      Did not match:
         - @ConditionalOnClass did not find required class 'org.crac.Resource' (OnClassCondition)

   DataSourceConfiguration.Dbcp2:
      Did not match:
         - @ConditionalOnClass did not find required class 'org.apache.commons.dbcp2.BasicDataSource' (OnClassCondition)

   DataSourceConfiguration.Generic:
      Did not match:
         - @ConditionalOnProperty (spring.datasource.type) did not find property 'spring.datasource.type' (OnPropertyCondition)

   DataSourceConfiguration.OracleUcp:
      Did not match:
         - @ConditionalOnClass did not find required classes 'oracle.ucp.jdbc.PoolDataSourceImpl', 'oracle.jdbc.OracleConnection' (OnClassCondition)

   DataSourceConfiguration.Tomcat:
      Did not match:
         - @ConditionalOnClass did not find required class 'org.apache.tomcat.jdbc.pool.DataSource' (OnClassCondition)

   DataSourceJmxConfiguration.TomcatDataSourceJmxConfiguration:
      Did not match:
         - @ConditionalOnClass did not find required class 'org.apache.tomcat.jdbc.pool.DataSourceProxy' (OnClassCondition)

   DataSourcePoolMetadataProvidersConfiguration.CommonsDbcp2PoolDataSourceMetadataProviderConfiguration:
      Did not match:
         - @ConditionalOnClass did not find required class 'org.apache.commons.dbcp2.BasicDataSource' (OnClassCondition)

   DataSourcePoolMetadataProvidersConfiguration.OracleUcpPoolDataSourceMetadataProviderConfiguration:
      Did not match:
         - @ConditionalOnClass did not find required classes 'oracle.ucp.jdbc.PoolDataSource', 'oracle.jdbc.OracleConnection' (OnClassCondition)

   DataSourcePoolMetadataProvidersConfiguration.TomcatDataSourcePoolMetadataProviderConfiguration:
      Did not match:
         - @ConditionalOnClass did not find required class 'org.apache.tomcat.jdbc.pool.DataSource' (OnClassCondition)

   DispatcherServletAutoConfiguration.DispatcherServletConfiguration#multipartResolver:
      Did not match:
         - @ConditionalOnBean (types: org.springframework.web.multipart.MultipartResolver; SearchStrategy: all) did not find any beans of type org.springframework.web.multipart.MultipartResolver (OnBeanCondition)

   ElasticsearchClientAutoConfiguration:
      Did not match:
         - @ConditionalOnClass did not find required class 'co.elastic.clients.elasticsearch.ElasticsearchClient' (OnClassCondition)

   ElasticsearchDataAutoConfiguration:
      Did not match:
         - @ConditionalOnClass did not find required class 'org.springframework.data.elasticsearch.client.elc.ElasticsearchTemplate' (OnClassCondition)

   ElasticsearchRepositoriesAutoConfiguration:
      Did not match:
         - @ConditionalOnClass did not find required class 'org.springframework.data.elasticsearch.repository.ElasticsearchRepository' (OnClassCondition)

   ElasticsearchRestClientAutoConfiguration:
      Did not match:
         - @ConditionalOnClass did not find required class 'org.elasticsearch.client.RestClientBuilder' (OnClassCondition)

   EmbeddedLdapAutoConfiguration:
      Did not match:
         - @ConditionalOnClass did not find required class 'com.unboundid.ldap.listener.InMemoryDirectoryServer' (OnClassCondition)

   EmbeddedWebServerFactoryCustomizerAutoConfiguration.JettyWebServerFactoryCustomizerConfiguration:
      Did not match:
         - @ConditionalOnClass did not find required classes 'org.eclipse.jetty.server.Server', 'org.eclipse.jetty.util.Loader', 'org.eclipse.jetty.ee10.webapp.WebAppContext' (OnClassCondition)

   EmbeddedWebServerFactoryCustomizerAutoConfiguration.NettyWebServerFactoryCustomizerConfiguration:
      Did not match:
         - @ConditionalOnClass did not find required class 'reactor.netty.http.server.HttpServer' (OnClassCondition)

   EmbeddedWebServerFactoryCustomizerAutoConfiguration.TomcatWebServerFactoryCustomizerConfiguration#tomcatVirtualThreadsProtocolHandlerCustomizer:
      Did not match:
         - @ConditionalOnThreading did not find VIRTUAL (OnThreadingCondition)

   EmbeddedWebServerFactoryCustomizerAutoConfiguration.UndertowWebServerFactoryCustomizerConfiguration:
      Did not match:
         - @ConditionalOnClass did not find required classes 'io.undertow.Undertow', 'org.xnio.SslClientAuthMode' (OnClassCondition)

   ErrorWebFluxAutoConfiguration:
      Did not match:
         - @ConditionalOnClass did not find required class 'org.springframework.web.reactive.config.WebFluxConfigurer' (OnClassCondition)

   FlywayAutoConfiguration:
      Did not match:
         - @ConditionalOnClass did not find required class 'org.flywaydb.core.Flyway' (OnClassCondition)

   FreeMarkerAutoConfiguration:
      Did not match:
         - @ConditionalOnClass did not find required class 'freemarker.template.Configuration' (OnClassCondition)

   GraphQlAutoConfiguration:
      Did not match:
         - @ConditionalOnClass did not find required class 'graphql.GraphQL' (OnClassCondition)

   GraphQlQueryByExampleAutoConfiguration:
      Did not match:
         - @ConditionalOnClass did not find required class 'graphql.GraphQL' (OnClassCondition)

   GraphQlQuerydslAutoConfiguration:
      Did not match:
         - @ConditionalOnClass did not find required class 'com.querydsl.core.Query' (OnClassCondition)

   GraphQlRSocketAutoConfiguration:
      Did not match:
         - @ConditionalOnClass did not find required class 'graphql.GraphQL' (OnClassCondition)

   GraphQlReactiveQueryByExampleAutoConfiguration:
      Did not match:
         - @ConditionalOnClass did not find required class 'graphql.GraphQL' (OnClassCondition)

   GraphQlReactiveQuerydslAutoConfiguration:
      Did not match:
         - @ConditionalOnClass did not find required class 'com.querydsl.core.Query' (OnClassCondition)

   GraphQlWebFluxAutoConfiguration:
      Did not match:
         - @ConditionalOnClass did not find required class 'graphql.GraphQL' (OnClassCondition)

   GraphQlWebFluxSecurityAutoConfiguration:
      Did not match:
         - @ConditionalOnClass did not find required class 'graphql.GraphQL' (OnClassCondition)

   GraphQlWebMvcAutoConfiguration:
      Did not match:
         - @ConditionalOnClass did not find required class 'graphql.GraphQL' (OnClassCondition)

   GraphQlWebMvcSecurityAutoConfiguration:
      Did not match:
         - @ConditionalOnClass did not find required class 'graphql.GraphQL' (OnClassCondition)

   GroovyTemplateAutoConfiguration:
      Did not match:
         - @ConditionalOnClass did not find required class 'groovy.text.markup.MarkupTemplateEngine' (OnClassCondition)

   GsonHttpMessageConvertersConfiguration.GsonHttpMessageConverterConfiguration:
      Did not match:
         - AnyNestedCondition 0 matched 2 did not; NestedCondition on GsonHttpMessageConvertersConfiguration.PreferGsonOrJacksonAndJsonbUnavailableCondition.JacksonJsonbUnavailable NoneNestedConditions 1 matched 1 did not; NestedCondition on GsonHttpMessageConvertersConfiguration.JacksonAndJsonbUnavailableCondition.JsonbPreferred @ConditionalOnProperty (spring.mvc.converters.preferred-json-mapper=jsonb) did not find property 'spring.mvc.converters.preferred-json-mapper'; NestedCondition on GsonHttpMessageConvertersConfiguration.JacksonAndJsonbUnavailableCondition.JacksonAvailable @ConditionalOnBean (types: org.springframework.http.converter.json.MappingJackson2HttpMessageConverter; SearchStrategy: all) found bean 'mappingJackson2HttpMessageConverter'; NestedCondition on GsonHttpMessageConvertersConfiguration.PreferGsonOrJacksonAndJsonbUnavailableCondition.GsonPreferred @ConditionalOnProperty (spring.mvc.converters.preferred-json-mapper=gson) did not find property 'spring.mvc.converters.preferred-json-mapper' (GsonHttpMessageConvertersConfiguration.PreferGsonOrJacksonAndJsonbUnavailableCondition)

   H2ConsoleAutoConfiguration:
      Did not match:
         - @ConditionalOnClass did not find required class 'org.h2.server.web.JakartaWebServlet' (OnClassCondition)

   HazelcastAutoConfiguration:
      Did not match:
         - @ConditionalOnClass did not find required class 'com.hazelcast.core.HazelcastInstance' (OnClassCondition)

   HazelcastCacheConfiguration:
      Did not match:
         - @ConditionalOnClass did not find required class 'com.hazelcast.core.HazelcastInstance' (OnClassCondition)

   HazelcastJpaDependencyAutoConfiguration:
      Did not match:
         - @ConditionalOnClass did not find required class 'com.hazelcast.core.HazelcastInstance' (OnClassCondition)

   HibernateJpaAutoConfiguration:
      Did not match:
         - @ConditionalOnClass did not find required class 'jakarta.persistence.EntityManager' (OnClassCondition)

   HttpHandlerAutoConfiguration:
      Did not match:
         - @ConditionalOnClass did not find required class 'org.springframework.web.reactive.DispatcherHandler' (OnClassCondition)

   HypermediaAutoConfiguration:
      Did not match:
         - @ConditionalOnClass did not find required class 'org.springframework.hateoas.EntityModel' (OnClassCondition)

   IdentifierGeneratorAutoConfiguration:
      Did not match:
         - @ConditionalOnClass did not find required class 'org.springframework.cloud.commons.util.InetUtils' (OnClassCondition)

   InfinispanCacheConfiguration:
      Did not match:
         - @ConditionalOnClass did not find required class 'org.infinispan.spring.embedded.provider.SpringEmbeddedCacheManager' (OnClassCondition)

   IntegrationAutoConfiguration:
      Did not match:
         - @ConditionalOnClass did not find required class 'org.springframework.integration.config.EnableIntegration' (OnClassCondition)

   JCacheCacheConfiguration:
      Did not match:
         - @ConditionalOnClass did not find required class 'javax.cache.Caching' (OnClassCondition)

   JacksonHttpMessageConvertersConfiguration.MappingJackson2XmlHttpMessageConverterConfiguration:
      Did not match:
         - @ConditionalOnClass did not find required class 'com.fasterxml.jackson.dataformat.xml.XmlMapper' (OnClassCondition)

   JdbcRepositoriesAutoConfiguration:
      Did not match:
         - @ConditionalOnClass did not find required class 'org.springframework.data.jdbc.repository.config.AbstractJdbcConfiguration' (OnClassCondition)

   JedisConnectionConfiguration:
      Did not match:
         - @ConditionalOnClass did not find required classes 'org.apache.commons.pool2.impl.GenericObjectPool', 'redis.clients.jedis.Jedis' (OnClassCondition)

   JerseyAutoConfiguration:
      Did not match:
         - @ConditionalOnClass did not find required class 'org.glassfish.jersey.server.spring.SpringComponentProvider' (OnClassCondition)

   JmsAutoConfiguration:
      Did not match:
         - @ConditionalOnClass did not find required class 'jakarta.jms.Message' (OnClassCondition)

   JmxAutoConfiguration:
      Did not match:
         - @ConditionalOnProperty (spring.jmx.enabled=true) did not find property 'enabled' (OnPropertyCondition)
      Matched:
         - @ConditionalOnClass found required class 'org.springframework.jmx.export.MBeanExporter' (OnClassCondition)

   JndiConnectionFactoryAutoConfiguration:
      Did not match:
         - @ConditionalOnClass did not find required class 'org.springframework.jms.core.JmsTemplate' (OnClassCondition)

   JndiDataSourceAutoConfiguration:
      Did not match:
         - @ConditionalOnProperty (spring.datasource.jndi-name) did not find property 'jndi-name' (OnPropertyCondition)
      Matched:
         - @ConditionalOnClass found required classes 'javax.sql.DataSource', 'org.springframework.jdbc.datasource.embedded.EmbeddedDatabaseType' (OnClassCondition)

   JooqAutoConfiguration:
      Did not match:
         - @ConditionalOnClass did not find required class 'org.jooq.DSLContext' (OnClassCondition)

   JpaRepositoriesAutoConfiguration:
      Did not match:
         - @ConditionalOnClass did not find required class 'org.springframework.data.jpa.repository.JpaRepository' (OnClassCondition)

   JsonbAutoConfiguration:
      Did not match:
         - @ConditionalOnClass did not find required class 'jakarta.json.bind.Jsonb' (OnClassCondition)

   JsonbHttpMessageConvertersConfiguration:
      Did not match:
         - @ConditionalOnClass did not find required class 'jakarta.json.bind.Jsonb' (OnClassCondition)

   JtaAutoConfiguration:
      Did not match:
         - @ConditionalOnClass did not find required class 'jakarta.transaction.Transaction' (OnClassCondition)

   KafkaAutoConfiguration:
      Did not match:
         - @ConditionalOnClass did not find required class 'org.springframework.kafka.core.KafkaTemplate' (OnClassCondition)

   LdapAutoConfiguration:
      Did not match:
         - @ConditionalOnClass did not find required class 'org.springframework.ldap.core.ContextSource' (OnClassCondition)

   LdapRepositoriesAutoConfiguration:
      Did not match:
         - @ConditionalOnClass did not find required class 'org.springframework.data.ldap.repository.LdapRepository' (OnClassCondition)

   LettuceConnectionConfiguration#redisConnectionFactoryVirtualThreads:
      Did not match:
         - @ConditionalOnMissingBean (types: org.springframework.data.redis.connection.RedisConnectionFactory; SearchStrategy: all) found beans of type 'org.springframework.data.redis.connection.RedisConnectionFactory' redisConnectionFactory (OnBeanCondition)

   LiquibaseAutoConfiguration:
      Did not match:
         - @ConditionalOnClass did not find required class 'liquibase.change.DatabaseChange' (OnClassCondition)

   MailSenderAutoConfiguration:
      Did not match:
         - @ConditionalOnClass did not find required class 'jakarta.mail.internet.MimeMessage' (OnClassCondition)

   MailSenderValidatorAutoConfiguration:
      Did not match:
         - @ConditionalOnProperty (spring.mail.test-connection) did not find property 'test-connection' (OnPropertyCondition)

   MessageSourceAutoConfiguration:
      Did not match:
         - ResourceBundle did not find bundle with basename messages (MessageSourceAutoConfiguration.ResourceBundleCondition)

   MomentsAutoConfiguration#timeMachine:
      Did not match:
         - @ConditionalOnProperty (spring.modulith.moments.enable-time-machine=true) did not find property 'spring.modulith.moments.enable-time-machine' (OnPropertyCondition)

   MongoAutoConfiguration:
      Did not match:
         - @ConditionalOnClass did not find required class 'com.mongodb.client.MongoClient' (OnClassCondition)

   MongoDataAutoConfiguration:
      Did not match:
         - @ConditionalOnClass did not find required class 'com.mongodb.client.MongoClient' (OnClassCondition)

   MongoReactiveAutoConfiguration:
      Did not match:
         - @ConditionalOnClass did not find required class 'com.mongodb.reactivestreams.client.MongoClient' (OnClassCondition)

   MongoReactiveDataAutoConfiguration:
      Did not match:
         - @ConditionalOnClass did not find required class 'com.mongodb.reactivestreams.client.MongoClient' (OnClassCondition)

   MongoReactiveRepositoriesAutoConfiguration:
      Did not match:
         - @ConditionalOnClass did not find required class 'com.mongodb.reactivestreams.client.MongoClient' (OnClassCondition)

   MongoRepositoriesAutoConfiguration:
      Did not match:
         - @ConditionalOnClass did not find required class 'com.mongodb.client.MongoClient' (OnClassCondition)

   MustacheAutoConfiguration:
      Did not match:
         - @ConditionalOnClass did not find required class 'com.samskivert.mustache.Mustache' (OnClassCondition)

   MybatisPlusAutoConfiguration.MapperScannerRegistrarNotFoundConfiguration:
      Did not match:
         - @ConditionalOnMissingBean (types: org.mybatis.spring.mapper.MapperFactoryBean,org.mybatis.spring.mapper.MapperScannerConfigurer; SearchStrategy: all) found beans of type 'org.mybatis.spring.mapper.MapperScannerConfigurer' com.geo.dsp.config.MyBatisPlusConfig#MapperScannerRegistrar#0 (OnBeanCondition)

   MybatisPlusInnerInterceptorAutoConfiguration:
      Did not match:
         - @ConditionalOnBean (types: com.baomidou.mybatisplus.extension.plugins.inner.InnerInterceptor; SearchStrategy: all) did not find any beans of type com.baomidou.mybatisplus.extension.plugins.inner.InnerInterceptor (OnBeanCondition)

   MybatisPlusLanguageDriverAutoConfiguration.FreeMarkerConfiguration:
      Did not match:
         - @ConditionalOnClass did not find required classes 'org.mybatis.scripting.freemarker.FreeMarkerLanguageDriver', 'org.mybatis.scripting.freemarker.FreeMarkerLanguageDriverConfig' (OnClassCondition)

   MybatisPlusLanguageDriverAutoConfiguration.LegacyFreeMarkerConfiguration:
      Did not match:
         - @ConditionalOnClass did not find required class 'org.mybatis.scripting.freemarker.FreeMarkerLanguageDriver' (OnClassCondition)

   MybatisPlusLanguageDriverAutoConfiguration.LegacyVelocityConfiguration:
      Did not match:
         - @ConditionalOnClass did not find required class 'org.mybatis.scripting.velocity.Driver' (OnClassCondition)

   MybatisPlusLanguageDriverAutoConfiguration.ThymeleafConfiguration:
      Did not match:
         - @ConditionalOnClass did not find required class 'org.mybatis.scripting.thymeleaf.ThymeleafLanguageDriver' (OnClassCondition)

   MybatisPlusLanguageDriverAutoConfiguration.VelocityConfiguration:
      Did not match:
         - @ConditionalOnClass did not find required classes 'org.mybatis.scripting.velocity.VelocityLanguageDriver', 'org.mybatis.scripting.velocity.VelocityLanguageDriverConfig' (OnClassCondition)

   Neo4jAutoConfiguration:
      Did not match:
         - @ConditionalOnClass did not find required class 'org.neo4j.driver.Driver' (OnClassCondition)

   Neo4jDataAutoConfiguration:
      Did not match:
         - @ConditionalOnClass did not find required class 'org.neo4j.driver.Driver' (OnClassCondition)

   Neo4jReactiveDataAutoConfiguration:
      Did not match:
         - @ConditionalOnClass did not find required class 'org.neo4j.driver.Driver' (OnClassCondition)

   Neo4jReactiveRepositoriesAutoConfiguration:
      Did not match:
         - @ConditionalOnClass did not find required class 'org.neo4j.driver.Driver' (OnClassCondition)

   Neo4jRepositoriesAutoConfiguration:
      Did not match:
         - @ConditionalOnClass did not find required class 'org.neo4j.driver.Driver' (OnClassCondition)

   OAuth2AuthorizationServerAutoConfiguration:
      Did not match:
         - @ConditionalOnClass did not find required class 'org.springframework.security.oauth2.server.authorization.OAuth2Authorization' (OnClassCondition)

   OAuth2AuthorizationServerJwtAutoConfiguration:
      Did not match:
         - @ConditionalOnClass did not find required class 'org.springframework.security.oauth2.server.authorization.OAuth2Authorization' (OnClassCondition)

   OAuth2ClientAutoConfiguration:
      Did not match:
         - @ConditionalOnClass did not find required class 'org.springframework.security.oauth2.client.registration.ClientRegistration' (OnClassCondition)

   OAuth2ResourceServerAutoConfiguration:
      Did not match:
         - @ConditionalOnClass did not find required class 'org.springframework.security.oauth2.server.resource.authentication.BearerTokenAuthenticationToken' (OnClassCondition)

   ProjectInfoAutoConfiguration#buildProperties:
      Did not match:
         - @ConditionalOnResource did not find resource '${spring.info.build.location:classpath:META-INF/build-info.properties}' (OnResourceCondition)

   ProjectInfoAutoConfiguration#gitProperties:
      Did not match:
         - GitResource did not find git info at classpath:git.properties (ProjectInfoAutoConfiguration.GitResourceAvailableCondition)

   PulsarAutoConfiguration:
      Did not match:
         - @ConditionalOnClass did not find required class 'org.apache.pulsar.client.api.PulsarClient' (OnClassCondition)

   PulsarReactiveAutoConfiguration:
      Did not match:
         - @ConditionalOnClass did not find required class 'org.apache.pulsar.client.api.PulsarClient' (OnClassCondition)

   QuartzAutoConfiguration:
      Did not match:
         - @ConditionalOnClass did not find required class 'org.quartz.Scheduler' (OnClassCondition)

   R2dbcAutoConfiguration:
      Did not match:
         - @ConditionalOnClass did not find required class 'io.r2dbc.spi.ConnectionFactory' (OnClassCondition)

   R2dbcDataAutoConfiguration:
      Did not match:
         - @ConditionalOnClass did not find required class 'org.springframework.data.r2dbc.core.R2dbcEntityTemplate' (OnClassCondition)

   R2dbcInitializationConfiguration:
      Did not match:
         - @ConditionalOnClass did not find required classes 'io.r2dbc.spi.ConnectionFactory', 'org.springframework.r2dbc.connection.init.DatabasePopulator' (OnClassCondition)

   R2dbcProxyAutoConfiguration:
      Did not match:
         - @ConditionalOnClass did not find required class 'io.r2dbc.proxy.ProxyConnectionFactory' (OnClassCondition)

   R2dbcRepositoriesAutoConfiguration:
      Did not match:
         - @ConditionalOnClass did not find required class 'io.r2dbc.spi.ConnectionFactory' (OnClassCondition)

   R2dbcTransactionManagerAutoConfiguration:
      Did not match:
         - @ConditionalOnClass did not find required class 'org.springframework.r2dbc.connection.R2dbcTransactionManager' (OnClassCondition)

   RSocketGraphQlClientAutoConfiguration:
      Did not match:
         - @ConditionalOnClass did not find required class 'graphql.GraphQL' (OnClassCondition)

   RSocketMessagingAutoConfiguration:
      Did not match:
         - @ConditionalOnClass did not find required class 'io.rsocket.RSocket' (OnClassCondition)

   RSocketRequesterAutoConfiguration:
      Did not match:
         - @ConditionalOnClass did not find required class 'io.rsocket.RSocket' (OnClassCondition)

   RSocketSecurityAutoConfiguration:
      Did not match:
         - @ConditionalOnClass did not find required class 'org.springframework.security.rsocket.core.SecuritySocketAcceptorInterceptor' (OnClassCondition)

   RSocketServerAutoConfiguration:
      Did not match:
         - @ConditionalOnClass did not find required class 'io.rsocket.core.RSocketServer' (OnClassCondition)

   RSocketStrategiesAutoConfiguration:
      Did not match:
         - @ConditionalOnClass did not find required class 'io.rsocket.RSocket' (OnClassCondition)

   RabbitAnnotationDrivenConfiguration#directRabbitListenerContainerFactory:
      Did not match:
         - @ConditionalOnProperty (spring.rabbitmq.listener.type=direct) did not find property 'type' (OnPropertyCondition)

   RabbitAnnotationDrivenConfiguration#directRabbitListenerContainerFactoryConfigurerVirtualThreads:
      Did not match:
         - @ConditionalOnMissingBean (types: org.springframework.boot.autoconfigure.amqp.DirectRabbitListenerContainerFactoryConfigurer; SearchStrategy: all) found beans of type 'org.springframework.boot.autoconfigure.amqp.DirectRabbitListenerContainerFactoryConfigurer' directRabbitListenerContainerFactoryConfigurer (OnBeanCondition)

   RabbitAnnotationDrivenConfiguration#simpleRabbitListenerContainerFactoryConfigurerVirtualThreads:
      Did not match:
         - @ConditionalOnMissingBean (types: org.springframework.boot.autoconfigure.amqp.SimpleRabbitListenerContainerFactoryConfigurer; SearchStrategy: all) found beans of type 'org.springframework.boot.autoconfigure.amqp.SimpleRabbitListenerContainerFactoryConfigurer' simpleRabbitListenerContainerFactoryConfigurer (OnBeanCondition)

   RabbitStreamConfiguration:
      Did not match:
         - @ConditionalOnClass did not find required class 'org.springframework.rabbit.stream.config.StreamRabbitListenerContainerFactory' (OnClassCondition)

   ReactiveElasticsearchClientAutoConfiguration:
      Did not match:
         - @ConditionalOnClass did not find required class 'co.elastic.clients.transport.ElasticsearchTransport' (OnClassCondition)

   ReactiveElasticsearchRepositoriesAutoConfiguration:
      Did not match:
         - @ConditionalOnClass did not find required class 'org.springframework.data.elasticsearch.client.elc.ReactiveElasticsearchClient' (OnClassCondition)

   ReactiveMultipartAutoConfiguration:
      Did not match:
         - @ConditionalOnClass did not find required class 'org.springframework.web.reactive.config.WebFluxConfigurer' (OnClassCondition)

   ReactiveOAuth2ClientAutoConfiguration:
      Did not match:
         - @ConditionalOnClass did not find required class 'org.springframework.security.oauth2.client.registration.ClientRegistration' (OnClassCondition)

   ReactiveOAuth2ResourceServerAutoConfiguration:
      Did not match:
         - @ConditionalOnWebApplication did not find reactive web application classes (OnWebApplicationCondition)

   ReactiveSecurityAutoConfiguration:
      Did not match:
         - @ConditionalOnClass did not find required class 'org.springframework.web.reactive.config.WebFluxConfigurer' (OnClassCondition)

   ReactiveUserDetailsServiceAutoConfiguration:
      Did not match:
         - AnyNestedCondition 0 matched 2 did not; NestedCondition on ReactiveUserDetailsServiceAutoConfiguration.RSocketEnabledOrReactiveWebApplication.ReactiveWebApplicationCondition did not find reactive web application classes; NestedCondition on ReactiveUserDetailsServiceAutoConfiguration.RSocketEnabledOrReactiveWebApplication.RSocketSecurityEnabledCondition @ConditionalOnBean (types: org.springframework.messaging.rsocket.annotation.support.RSocketMessageHandler; SearchStrategy: all) did not find any beans of type org.springframework.messaging.rsocket.annotation.support.RSocketMessageHandler (ReactiveUserDetailsServiceAutoConfiguration.RSocketEnabledOrReactiveWebApplication)
      Matched:
         - @ConditionalOnClass found required class 'org.springframework.security.authentication.ReactiveAuthenticationManager' (OnClassCondition)
         - AnyNestedCondition 3 matched 0 did not; NestedCondition on ReactiveUserDetailsServiceAutoConfiguration.MissingAlternativeOrUserPropertiesConfigured.PasswordConfigured @ConditionalOnProperty (spring.security.user.password) matched; NestedCondition on ReactiveUserDetailsServiceAutoConfiguration.MissingAlternativeOrUserPropertiesConfigured.NameConfigured @ConditionalOnProperty (spring.security.user.name) matched; NestedCondition on ReactiveUserDetailsServiceAutoConfiguration.MissingAlternativeOrUserPropertiesConfigured.MissingAlternative @ConditionalOnMissingClass did not find unwanted classes 'org.springframework.security.oauth2.client.registration.ClientRegistrationRepository', 'org.springframework.security.oauth2.server.resource.introspection.ReactiveOpaqueTokenIntrospector' (ReactiveUserDetailsServiceAutoConfiguration.MissingAlternativeOrUserPropertiesConfigured)

   ReactiveWebServerFactoryAutoConfiguration:
      Did not match:
         - @ConditionalOnWebApplication did not find reactive web application classes (OnWebApplicationCondition)

   RedisAutoConfiguration#redisTemplate:
      Did not match:
         - @ConditionalOnMissingBean (names: redisTemplate; SearchStrategy: all) found beans named redisTemplate (OnBeanCondition)

   RepositoryRestMvcAutoConfiguration:
      Did not match:
         - @ConditionalOnClass did not find required class 'org.springframework.data.rest.webmvc.config.RepositoryRestMvcConfiguration' (OnClassCondition)

   Saml2RelyingPartyAutoConfiguration:
      Did not match:
         - @ConditionalOnClass did not find required class 'org.springframework.security.saml2.provider.service.registration.RelyingPartyRegistrationRepository' (OnClassCondition)

   SecurityConfig:
      Did not match:
         - @ConditionalOnProperty (security.enabled=true) found different value in property 'security.enabled' (OnPropertyCondition)

   SecurityDataConfiguration:
      Did not match:
         - @ConditionalOnClass did not find required class 'org.springframework.security.data.repository.query.SecurityEvaluationContextExtension' (OnClassCondition)

   SendGridAutoConfiguration:
      Did not match:
         - @ConditionalOnClass did not find required class 'com.sendgrid.SendGrid' (OnClassCondition)

   ServletWebServerFactoryAutoConfiguration.ForwardedHeaderFilterConfiguration:
      Did not match:
         - @ConditionalOnProperty (server.forward-headers-strategy=framework) did not find property 'server.forward-headers-strategy' (OnPropertyCondition)

   ServletWebServerFactoryConfiguration.EmbeddedJetty:
      Did not match:
         - @ConditionalOnClass did not find required classes 'org.eclipse.jetty.server.Server', 'org.eclipse.jetty.util.Loader', 'org.eclipse.jetty.ee10.webapp.WebAppContext' (OnClassCondition)

   ServletWebServerFactoryConfiguration.EmbeddedUndertow:
      Did not match:
         - @ConditionalOnClass did not find required classes 'io.undertow.Undertow', 'org.xnio.SslClientAuthMode' (OnClassCondition)

   SessionAutoConfiguration:
      Did not match:
         - @ConditionalOnClass did not find required class 'org.springframework.session.Session' (OnClassCondition)

   SpringApplicationAdminJmxAutoConfiguration:
      Did not match:
         - @ConditionalOnProperty (spring.application.admin.enabled=true) did not find property 'enabled' (OnPropertyCondition)

   SpringBootWebSecurityConfiguration.SecurityFilterChainConfiguration:
      Did not match:
         - AllNestedConditions 1 matched 1 did not; NestedCondition on DefaultWebSecurityCondition.Beans @ConditionalOnMissingBean (types: org.springframework.security.web.SecurityFilterChain; SearchStrategy: all) found beans of type 'org.springframework.security.web.SecurityFilterChain' securityFilterChain; NestedCondition on DefaultWebSecurityCondition.Classes @ConditionalOnClass found required classes 'org.springframework.security.web.SecurityFilterChain', 'org.springframework.security.config.annotation.web.builders.HttpSecurity' (DefaultWebSecurityCondition)

   TaskExecutorConfigurations.SimpleAsyncTaskExecutorBuilderConfiguration#simpleAsyncTaskExecutorBuilderVirtualThreads:
      Did not match:
         - @ConditionalOnMissingBean (types: org.springframework.boot.task.SimpleAsyncTaskExecutorBuilder; SearchStrategy: all) found beans of type 'org.springframework.boot.task.SimpleAsyncTaskExecutorBuilder' simpleAsyncTaskExecutorBuilder (OnBeanCondition)

   TaskExecutorConfigurations.TaskExecutorConfiguration#applicationTaskExecutorVirtualThreads:
      Did not match:
         - @ConditionalOnThreading did not find VIRTUAL (OnThreadingCondition)

   TaskSchedulingAutoConfiguration#scheduledBeanLazyInitializationExcludeFilter:
      Did not match:
         - @ConditionalOnBean (names: org.springframework.context.annotation.internalScheduledAnnotationProcessor; SearchStrategy: all) did not find any beans named org.springframework.context.annotation.internalScheduledAnnotationProcessor (OnBeanCondition)

   TaskSchedulingConfigurations.SimpleAsyncTaskSchedulerBuilderConfiguration#simpleAsyncTaskSchedulerBuilderVirtualThreads:
      Did not match:
         - @ConditionalOnMissingBean (types: org.springframework.boot.task.SimpleAsyncTaskSchedulerBuilder; SearchStrategy: all) found beans of type 'org.springframework.boot.task.SimpleAsyncTaskSchedulerBuilder' simpleAsyncTaskSchedulerBuilder (OnBeanCondition)

   TaskSchedulingConfigurations.TaskSchedulerConfiguration:
      Did not match:
         - @ConditionalOnBean (names: org.springframework.context.annotation.internalScheduledAnnotationProcessor; SearchStrategy: all) did not find any beans named org.springframework.context.annotation.internalScheduledAnnotationProcessor (OnBeanCondition)

   ThymeleafAutoConfiguration:
      Did not match:
         - @ConditionalOnClass did not find required class 'org.thymeleaf.spring6.SpringTemplateEngine' (OnClassCondition)

   TransactionAutoConfiguration#transactionalOperator:
      Did not match:
         - @ConditionalOnSingleCandidate (types: org.springframework.transaction.ReactiveTransactionManager; SearchStrategy: all) did not find any beans (OnBeanCondition)

   TransactionAutoConfiguration.AspectJTransactionManagementConfiguration:
      Did not match:
         - @ConditionalOnBean did not find required type 'org.springframework.transaction.aspectj.AbstractTransactionAspect' (OnBeanCondition)
         - @ConditionalOnBean (types: org.springframework.transaction.aspectj.AbstractTransactionAspect; SearchStrategy: all) did not find any beans of type org.springframework.transaction.aspectj.AbstractTransactionAspect (OnBeanCondition)

   TransactionAutoConfiguration.EnableTransactionManagementConfiguration:
      Did not match:
         - @ConditionalOnMissingBean (types: org.springframework.transaction.annotation.AbstractTransactionManagementConfiguration; SearchStrategy: all) found beans of type 'org.springframework.transaction.annotation.AbstractTransactionManagementConfiguration' org.springframework.transaction.annotation.ProxyTransactionManagementConfiguration (OnBeanCondition)

   TransactionAutoConfiguration.EnableTransactionManagementConfiguration.CglibAutoProxyConfiguration:
      Did not match:
         - Ancestor org.springframework.boot.autoconfigure.transaction.TransactionAutoConfiguration$EnableTransactionManagementConfiguration did not match (ConditionEvaluationReport.AncestorsMatchedCondition)
      Matched:
         - @ConditionalOnProperty (spring.aop.proxy-target-class=true) matched (OnPropertyCondition)

   TransactionAutoConfiguration.EnableTransactionManagementConfiguration.JdkDynamicAutoProxyConfiguration:
      Did not match:
         - @ConditionalOnProperty (spring.aop.proxy-target-class=false) did not find property 'proxy-target-class' (OnPropertyCondition)
         - Ancestor org.springframework.boot.autoconfigure.transaction.TransactionAutoConfiguration$EnableTransactionManagementConfiguration did not match (ConditionEvaluationReport.AncestorsMatchedCondition)

   WebClientAutoConfiguration:
      Did not match:
         - @ConditionalOnClass did not find required class 'org.springframework.web.reactive.function.client.WebClient' (OnClassCondition)

   WebFluxAutoConfiguration:
      Did not match:
         - @ConditionalOnClass did not find required class 'org.springframework.web.reactive.config.WebFluxConfigurer' (OnClassCondition)

   WebMvcAutoConfiguration#hiddenHttpMethodFilter:
      Did not match:
         - @ConditionalOnProperty (spring.mvc.hiddenmethod.filter.enabled) did not find property 'enabled' (OnPropertyCondition)

   WebMvcAutoConfiguration.ProblemDetailsErrorHandlingConfiguration:
      Did not match:
         - @ConditionalOnProperty (spring.mvc.problemdetails.enabled=true) did not find property 'enabled' (OnPropertyCondition)

   WebMvcAutoConfiguration.ResourceChainCustomizerConfiguration:
      Did not match:
         - @ConditionalOnEnabledResourceChain did not find class org.webjars.WebJarVersionLocator (OnEnabledResourceChainCondition)

   WebMvcAutoConfiguration.WebMvcAutoConfigurationAdapter#beanNameViewResolver:
      Did not match:
         - @ConditionalOnMissingBean (types: org.springframework.web.servlet.view.BeanNameViewResolver; SearchStrategy: all) found beans of type 'org.springframework.web.servlet.view.BeanNameViewResolver' beanNameViewResolver (OnBeanCondition)

   WebServiceTemplateAutoConfiguration:
      Did not match:
         - @ConditionalOnClass did not find required class 'org.springframework.ws.client.core.WebServiceTemplate' (OnClassCondition)

   WebServicesAutoConfiguration:
      Did not match:
         - @ConditionalOnClass did not find required class 'org.springframework.ws.transport.http.MessageDispatcherServlet' (OnClassCondition)

   WebSessionIdResolverAutoConfiguration:
      Did not match:
         - @ConditionalOnWebApplication did not find reactive web application classes (OnWebApplicationCondition)

   WebSocketMessagingAutoConfiguration:
      Did not match:
         - @ConditionalOnClass did not find required class 'org.springframework.web.socket.config.annotation.WebSocketMessageBrokerConfigurer' (OnClassCondition)

   WebSocketReactiveAutoConfiguration:
      Did not match:
         - @ConditionalOnWebApplication did not find reactive web application classes (OnWebApplicationCondition)

   WebSocketServletAutoConfiguration.JettyWebSocketConfiguration:
      Did not match:
         - @ConditionalOnClass did not find required class 'org.eclipse.jetty.ee10.websocket.jakarta.server.config.JakartaWebSocketServletContainerInitializer' (OnClassCondition)

   WebSocketServletAutoConfiguration.UndertowWebSocketConfiguration:
      Did not match:
         - @ConditionalOnClass did not find required class 'io.undertow.websockets.jsr.Bootstrap' (OnClassCondition)

   XADataSourceAutoConfiguration:
      Did not match:
         - @ConditionalOnClass did not find required class 'jakarta.transaction.TransactionManager' (OnClassCondition)


Exclusions:
-----------

    None


Unconditional classes:
----------------------

    org.springframework.boot.autoconfigure.context.ConfigurationPropertiesAutoConfiguration

    org.springframework.boot.autoconfigure.ssl.SslAutoConfiguration

    org.springframework.boot.autoconfigure.context.PropertyPlaceholderAutoConfiguration

    org.springframework.boot.autoconfigure.context.LifecycleAutoConfiguration

    org.springframework.modulith.core.config.ApplicationModuleInitializerRuntimeVerification

    cn.hutool.extra.spring.SpringUtil

    org.springframework.boot.autoconfigure.availability.ApplicationAvailabilityAutoConfiguration

    org.springframework.boot.autoconfigure.info.ProjectInfoAutoConfiguration



[31m2026-05-31 19:56:17.140[0;39m [33m[main][0;39m [39mDEBUG[0;39m [32mo.s.b.diagnostics.LoggingFailureAnalysisReporter[0;39m - Application failed to start due to an exception
org.springframework.boot.web.server.PortInUseException: Port 9966 is already in use
	at org.springframework.boot.web.server.PortInUseException.lambda$throwIfPortBindingException$0(PortInUseException.java:71)
	at org.springframework.boot.web.server.PortInUseException.lambda$ifPortBindingException$1(PortInUseException.java:86)
	at org.springframework.boot.web.server.PortInUseException.ifCausedBy(PortInUseException.java:104)
	at org.springframework.boot.web.server.PortInUseException.ifPortBindingException(PortInUseException.java:83)
	at org.springframework.boot.web.server.PortInUseException.throwIfPortBindingException(PortInUseException.java:70)
	at org.springframework.boot.web.embedded.tomcat.TomcatWebServer.start(TomcatWebServer.java:250)
	at org.springframework.boot.web.servlet.context.WebServerStartStopLifecycle.start(WebServerStartStopLifecycle.java:44)
	at org.springframework.context.support.DefaultLifecycleProcessor.doStart(DefaultLifecycleProcessor.java:323)
	at org.springframework.context.support.DefaultLifecycleProcessor$LifecycleGroup.start(DefaultLifecycleProcessor.java:510)
	at java.base/java.lang.Iterable.forEach(Iterable.java:75)
	at org.springframework.context.support.DefaultLifecycleProcessor.startBeans(DefaultLifecycleProcessor.java:295)
	at org.springframework.context.support.DefaultLifecycleProcessor.onRefresh(DefaultLifecycleProcessor.java:240)
	at org.springframework.context.support.AbstractApplicationContext.finishRefresh(AbstractApplicationContext.java:1006)
	at org.springframework.context.support.AbstractApplicationContext.refresh(AbstractApplicationContext.java:630)
	at org.springframework.boot.web.servlet.context.ServletWebServerApplicationContext.refresh(ServletWebServerApplicationContext.java:146)
	at org.springframework.boot.SpringApplication.refresh(SpringApplication.java:752)
	at org.springframework.boot.SpringApplication.refreshContext(SpringApplication.java:439)
	at org.springframework.boot.SpringApplication.run(SpringApplication.java:318)
	at org.springframework.boot.SpringApplication.run(SpringApplication.java:1361)
	at org.springframework.boot.SpringApplication.run(SpringApplication.java:1350)
	at com.geo.dsp.GeoDspApplication.main(GeoDspApplication.java:15)
	at java.base/jdk.internal.reflect.NativeMethodAccessorImpl.invoke0(Native Method)
	at java.base/jdk.internal.reflect.NativeMethodAccessorImpl.invoke(NativeMethodAccessorImpl.java:77)
	at java.base/jdk.internal.reflect.DelegatingMethodAccessorImpl.invoke(DelegatingMethodAccessorImpl.java:43)
	at java.base/java.lang.reflect.Method.invoke(Method.java:568)
	at org.springframework.boot.loader.launch.Launcher.launch(Launcher.java:102)
	at org.springframework.boot.loader.launch.Launcher.launch(Launcher.java:64)
	at org.springframework.boot.loader.launch.JarLauncher.main(JarLauncher.java:40)
Caused by: java.lang.IllegalArgumentException: standardService.connector.startFailed
	at org.apache.catalina.core.StandardService.addConnector(StandardService.java:222)
	at org.springframework.boot.web.embedded.tomcat.TomcatWebServer.addPreviouslyRemovedConnectors(TomcatWebServer.java:310)
	at org.springframework.boot.web.embedded.tomcat.TomcatWebServer.start(TomcatWebServer.java:236)
	... 22 common frames omitted
Caused by: org.apache.catalina.LifecycleException: Protocol handler start failed
	at org.apache.catalina.connector.Connector.startInternal(Connector.java:1061)
	at org.apache.catalina.util.LifecycleBase.start(LifecycleBase.java:164)
	at org.apache.catalina.core.StandardService.addConnector(StandardService.java:219)
	... 24 common frames omitted
Caused by: java.net.BindException: Address already in use: bind
	at java.base/sun.nio.ch.Net.bind0(Native Method)
	at java.base/sun.nio.ch.Net.bind(Net.java:567)
	at java.base/sun.nio.ch.ServerSocketChannelImpl.netBind(ServerSocketChannelImpl.java:337)
	at java.base/sun.nio.ch.ServerSocketChannelImpl.bind(ServerSocketChannelImpl.java:294)
	at org.apache.tomcat.util.net.NioEndpoint.initServerSocket(NioEndpoint.java:239)
	at org.apache.tomcat.util.net.NioEndpoint.bind(NioEndpoint.java:194)
	at org.apache.tomcat.util.net.AbstractEndpoint.bindWithCleanup(AbstractEndpoint.java:1304)
	at org.apache.tomcat.util.net.AbstractEndpoint.start(AbstractEndpoint.java:1390)
	at org.apache.coyote.AbstractProtocol.start(AbstractProtocol.java:644)
	at org.apache.catalina.connector.Connector.startInternal(Connector.java:1058)
	... 26 common frames omitted
[31m2026-05-31 19:56:17.142[0;39m [33m[main][0;39m [1;31mERROR[0;39m [32mo.s.b.diagnostics.LoggingFailureAnalysisReporter[0;39m - 

***************************
APPLICATION FAILED TO START
***************************

Description:

Web server failed to start. Port 9966 was already in use.

Action:

Identify and stop the process that's listening on port 9966 or configure this application to listen on another port.

                                                                                                                                                                                                                                                                                                                                                                                                                                                                                                                                                                                                                                                                                                                                                                                                                                                                                                                                                                                                                                                                                                                                                                                                                                                                                                                                                                                                                                                                                                                                                                                                                                                                                                                                                                                                                                                                                                                                                                                                                                                                                                                                                                                                                                                                                                                                                                                                                                                                                                                                                                                                                                                                                                                                                                                                                                                                                                                                                                                                                                                                                                                                                                                                                                                                                                                                                                                                                                                                                                                                                                                                                                                                                                                                                                                                                                                                                                                                                                                                                                                                                                                                                                                                                                                                                                                                                                                                                                                                                                                                                                                                                                                                                                                                                                                                                                                                                                                                                                                                                                                                                                                                                                                                                                                                                                                                                                                                                                                                                                                                                                                                                                                                                                                                                                                                                                                                                                                                                                                                                                                                                                                                                                                                                                                                                                                                                                                                                                                                                                                                                                                                                                                                                                                                                                                                                                                                                                                                                                                                                                                                                                                                                                                                                                                                                                                                                                                                                                                                                                                                                                                                                                                                                                                                                                                                                                                                                                                                                                                                                                                                                                                                                                                                                                                                                                                                                                                                                                                                                                                                                                                                                                                                                                                                                                                                                                                                                                                                                                                                                                                                                                                                                                                                                                                                                                                                                                                                                                                                                                                                                                                                                                                                                                                                                                                                                                                                                                                                                                                                                                                                                                                                                                                                                                                                                                                                                                                                                                                                                                                                                                                                                                                                                                                                                                                                                                                                                                                                                                                                                                                                                                                                                                                                                                                                                                                                                                                                                                                                                                                                                                                                                                                                                                                                                                                                                                                                                                                                                                                                                                                                                                                                                                                                                                                                                                                                                                                                                                                                                                                                                                                                                                                                                                                                                                                                                                                                                                                                                                                                                                                                                                                                                                                                                                                                                                                                                                                                                                                                                                                                                                                                                                                                                                                                                                                                                                                                                                                                                                                                                                                                                                                                                                                                                                                                                                                                                                                                                                                                                                                                                                                                                                                                                                                                                                                                                                                                                                                                                                                                                                                                                                                                                                                                                                                                                                                                                                                                                                                                                                                                                                                                                                                                                                                                                                                                                                                                                                                                                                                                                                                                                                                                                                                                                                                                                                                                                                                                                                                                                                                                                                                                                                                                                                                                                                                                                                                                                                                                                                                                                                                                                                                                                                                                                                                                                                                                                                                                                                                                                                                                                                                                                                                                                                                                                                                                                                                                                                                                                                                                                                                                                                                                                                                                                                                                                                                                                                                                                                                                                                                                                                                                                                                                                                                                                                                                                                                                                                                                                                                                                                                                                                                                                                                                                                                                                                                                                                                                                                                                                                                                                                                                                                                                                                                                                                                                                                                                                                                                                                                                                                                                                                                                                                                                                                                                                                                                                                                                                                                                                                                                                                                                                                                                                                                                                                                                                                                                                                                                                                                                                                                                                                                                                                                                                                                                                                                                                                                                                                                                                                                                                                                                                                                                                                                                                                                                                                                                                                                                                                                                                                                                                                                                                                                                                                                                                                                                                                                                                                                                                                                                                                                                                                                                                                                                                                                                                                                                                                                                                                                                                                                                                                                                                                                                                                                                                                                                                                                                                                                                                                                                                                                                                                                                                                                                                                                                                                                                                                                                                                                                                                                                                                                                                                                                                                                                                                                                                                                                                                                                                                                                                                                                                                                                                                                                                                                                                                                                                                                                                                                                                                                                                                                                                                                                                                                                                                                                                                                                                                                                                                                                                                                                                                                                                                                                                                                                                                                                                                                                                                                                                                                                                                                                                                                                                                                                                                                                                                                                                                                                                                                                                                                                                                                                                                                                                                                                                                                                                                                                                                                                                                                                                                                                                                                                                                                                                                                                                                                                                                                                                                                                                                                                                                                                                                                                                                                                                                                                                                                                                                                                                                                                                                                                                                                                                                                                                                                                                                                                                                                                                                                                                                                                                                                                                                                                                                                                                                                                                                                                                                                                                                                                                                                                                                                                                                                                                                                                                                                                                                                                                                                                                                                                                                                                                                                                                                                                                                                                                                                                                                                                                                                                                                                                                                                                                                                                                                                                                                                                                                                                                                                                                                                                                                                                                                                                                                                                                                                                                                                                                                                                                                                                                                                                                                                                                                                                                                                                                                                                                                                                                                                                                                                                                                                                                                                                                                                                                                                                                                                                                                                                                                                                                                                                                                                                                                                                                                                                                                                                                                                                                                                                                                                                                                                                                                                                                                                                                                                                                                                                                                                                                                                                                                                                                                                                                                                                                                                                                                                                                                                                                                                                                                                                                                                                                                                                                                                                                                                                                                                                                                                                                                                                                                                                                                                                                                                                                                                                                                                                                                                                                                                                                                                                                                                                                                                                                                                                                                                                                                                                                                                                                                                                                                                                                                                                                                                                                                                                                                                                                                                                                                                                                                                                                                                                                                                                                                                                                                                                                                                                                                                                                                                                                                                                                                                                                                                                                                                                                                                                                                                                                                                                                                                                                                                                                                                                                                                                                                                                                                                                                                                                                                                                                                                                                                                                                                                                                                                                                                                                                                                                                                                                                                                                                                                                                                                                                                                                                                                                                                                                                                                                                                                                                                                                                                                                                                                                                                                                                                                                                                                                                                                                                                                                                                                                                                                                                                                                                                                                                                                                                                                                                                                                                                                                                                                                                                                                                                                                                                                                                                                                                                                                                                                                                                                                                                                                                                                                                                                                                                                                                                                                                                                                                                                                                                                                                                                                                                                                                                                                                                                                                                                                                                                                                                                                                                                                                                                                                                                                                                                                                                                                                                                                                                                                                                                                                                                                                                                                                                                                                                                                                                                                                                                                                                                                                                                                                                                                                                                                                                                                                                                                                                                                                                                                                                                                                                                                                                                                                                                                                                                                                                                                                                                                                                                                                                                                                                                                                                                                                                                                                                                                                                                                                                                                                                                                                                                                                                                                                                                                                                                                                                                                                                                                                                                                                                                                                                                                                                                                                                                                                                                                                                                                                                                                                                                                                                                                                                                                                                                                                                                                                                                                                                                                                                                                                                                                                                                                                                                                                                                                                                                                                                                                                                                                                                                                                                                                                                                                                                                                                                                                                                                                                                                                                                                                                                                                                                                                                                                                                                                                                                                                                                                                                                                                                                                                                                                                                                                                                                                                                                                                                                                                                                                                                                                                                                                                                                                                                                                                                                                                                                                                                                                                                                                                                                                                                                                                                                                                                                                                                                                                                                                                                                                                                                                                                                                                                                                                                                                                                                                                                                                                                                                                                                                                                                                                                                                                                                                                                                                                                                                                                                                                                                                                                                                                                                                                                                                                                                                                                                                                                                                                                                                                                                                                                                                                                                                                                                                                                                                                                                                                                                                                                                                                                                                                                                                                                                                                                                                                                                                                                                                                                                                                                                                                                                                                                                                                                                                                                                                                                                                                                                                                                                                                                                                                                                                                                                                                                                                                                                                                                                                                                                                                                                                                                                                                                                                                                                                                                                                                                                                                                                                                                                                                                                                                                                                                                                                                                                                                                                                                                                                                                                                                                                                                                                                                                                                                                                                                                                                                                                                                                                                                                                                                                                                                                                                                                                                                                                                                                                                                                                                                                                                                                                                                                                                                                                                                                                                                                                                                                                                                                                                                                                                                                                                                                                                                                                                                                                                                                                                                                                                                                                                                                                                                                                                                                                                                                                                                                                                                                                                                                                                                                                                                                                                                                                                                                                                                                                                                                                                                                                                                                                                                                                                                                                                                                                                                                                                                                                                                                                                                                                                                                                                                                                                                                                                                                                                                                                                                                                                                                                                                                                                                                                                                                                                                                                                                                                                                                                                                                                                                                                                                                                                                                                                                                                                                                                                                                                                                                                                                                                                                                                                                                                                                                                                                                                                                                                                                                                                                                                                                                                                                                                                                                                                                                                                                                                                                                                                                                                                                                                                                                                                                                                                                                                                                                                                                                                                                                                                                                                                                                                                                                                                                                                                                                                                                                                                                                                                                                                                                                                                                                                                                                                                                                                                                                                                                                                                                                                                                                                                                                                                                                                                                                                                                                                                                                                                                                                                                                                                                                                                                                                                                                                                                                                                                                                                                                                                                                                                                                                                                                                                                                                                                                                                                                                                                                                                                                                                                                                                                                                                                                                                                                                                                                                                                                                                                                                                                                                                                                                                                                                                                                                                                                                                                                                                                                                                                                                                                                                                                                                                                                                                                                                                                                                                                                                                                                                                                                                                                                                                                                                                                                                                                                                                                                                                                                                                                                                                                                                                                                                                                                                                                                                                                                                                                                                                                                                                                                                                                                                                                                                                                                                                                                                                                                                                                                                                                                                                                                                                                                                                                                                                                                                                                                                                                                                                                                                                                                                                                                                                                                                                                                                                                                                                                                                                                                                                                                                                                                                                                                                                                                                                                                                                                                                                                                                                                                                                                                                                                                                                                                                                                                                                                                                                                                                                                                                                                                                                                                                                                                                                                                                                                                                                                                                                                                                                                                                                                                                                                                                                                                                                                                                                                                                                                                                                                                                                                                                                                                                                                                                                                                                                                                                                                                                                                                                                                                                                                                                                                                                                                                                                                                                                                                                                                                                                                                                                                                                                                                                                                                                                                                                                                                                                                                                                                                                                                                                                                                                                                                                                                                                                                                                                                                                                                                                                                                                                                                                                                                                                                                                                                                                                                                                                                                                                                                                                                                                                                                                                                                                                                                                                                                                                                                                                                                                                                                                                                                                                                                                                                                                                                                                                                                                                                                                                                                                                                                                                                                                                                                                                                                                                                                                                                                                                                                                                                                                                                                                                                                                                                                                                                                                                                                                                                                                                                                                                                                                                                                                                                                                                                                                                                                                                                                                                                                                                                                                                                                                                                                                                                                                                                                                                                                                                                                                                                                                                                                                                                                                                                                                                                                                                                                                                                                                                                                                                                                                                                                                                                                                                                                                                                                                                                                                                                                                                                                                                                                                                                                                                                                                                                                                                                                                                                                                                                                                                                                                                                                                                                                                                                                                                                                                                                                                                                                                                                                                                                                                                                                                                                                                                                                                                                                                                                                                                                                                                                                                                                                                                                                                                                                                                                                                                                                                                                                                                                                                                                                                                                                                                                                                                                                                                                                                                                                                                                                                                                                                                                                                                                                                                                                                                                                                                                                                                                                                                                                                                                                                                                                                                                                                                                                                                                                                                                                                                                                                                                                                                                                                                                                                                                                                                                                                                                                                                                                                                                                                                                                                                                                                                                                                                                                                                                                                                                                                                                                                                                                                                                                                                                                                                                                                                                                                                                                                                                                                                                                                                                                                                                                                                                                                                                                                                                                                                                                                                                                                                                                                                                                                                                                                                                                                                                                                                                                                                                                                                                                                                                                                                                                                                                                                                                                                                                                                                                                                                                                                                                                                                                                                                                                                                                                                                                                                                                                                                                                                                                                                                                                                                                                                                                                                                                                                                                                                                                                                                                                                                                                                                                                                                                                                                                                                                                                                                                                                                                                                                                                                                                                                                                                                                                                                                                                                                                                                                                                                                                                                                                                                                                                                                                                                                                                                                                                                                                                                                                                                                                                                                                                                                                                                                                                                                                                                                                                                                                                                                                                                                                                                                                                                                                                                                                                                                                                                                                                                                                                                                                                                                                                                                                                                                                                                                                                                                                                                                                                                                                                                                                                                                                                                                                                                                                                                                                                                                                                                                                                                                                                                                                                                                                                                                                                                                                                                                                                                                                                                                                                                                                                                                                                                                                                                                                                                                                                                                                                                                                                                                                                                                                                                                                                                                                                                                                                                                                                                                                                                                                                                                                                                                                                                                                                                                                                                                                                                                                                                                                                                                                                                                                                                                                                                                                                                                                                                                                                                                                                                                                                                                                                                                                                                                                                                                                                                                                                                                                                                                                                                                                                                                                                                                                                                                                                                                                                                                                                                                                                                                                                                                                                                                                                                                                                                                                                                                                                                                                                                                                                                                                                                                                                                                                                                                                                                                                                                                                                                                                                                                                                                                                                                                                                                                                                                                                                                                                                                                                                                                                                                                                                                                                                                                                                                                                                                                                                                                                                                                                                                                                                                                                                                                                                                                                                                                                                                                                                                                                                                                                                                                                                                                                                                                                                                                                                                                                                                                                                                                                                                                                                                                                                                                                                                                                                                                                                                                                                                                                                                                                                                                                                                                                                                                                                                                                                                                                                                                                                                                                                                                                                                                                                                                                                                                                                                                                                                                                                                                                                                                                                                                                                                                                                                                                                                                                                                                                                                                                                                                                                                                                                                                                                                                                                                                                                                                                                                                                                                                                                                                                                                                                                                                                                                                                                                                                                                                                                                                                                                                                                                                                                                                                                                                                                                                                                                                                                                                                                                                                                                                                                                                                                                                                                                                                                                                                                                                                                                                                                                                                                                                                                                                                                                                                                                                                                                                                                                                                                                                                                                                                                                                                                                                                                                                                                                                                                                                                                                                                                                                                                                                                                                                                                                                                                                                                                                                                                                                                                                                                                                                                                                                                                                                                                                                                                                                                                                                                                                                                                                                                                                                                                                                                                                                                                                                                                                                                                                                                                                                                                                                                                                                                                                                                                                                                                                                                                                                                                                                                                                                                                                                                                                                                                                                                                                                                                                                                                                                                                                                                                                                                                                                                                                                                                                                                                                                                                                                                                                                                                                                                                                                                                                                                                                                                                                                                                                                                                                                                                                                                                                                                                                                                                                                                                                                                                                                                                                                                                                                                                                                                                                                                                                                                                                                                                                                                                                                                                                                                                                                                                                                                                                                                                                                                                                                                                                                                                                                                                                                                                                                                                                                                                                                                                                                                                                                                                                                                                                                                                                                                                                                                                                                                                                                                                                                                                                                                                                                                                                                                                                                                                                                                                                                                                                                                                                                                                                                                                                                                                                                                                                                                                                                                                                                                                                                                                                                                                                                                                                                                                                                                                                                                                                                                                                                                                                                                                                                                                                                                                                                                                                                                                                                                                                                                                                                                                                                                                                                                                                                                                                                                                                                                                                                                                                                                                                                                                                                                                                                                                                                                                                                                                                                                                                                                                                                                                                                                                                                                                                                                                                                                                                                                                                                                                                                                                                                                                                                                                                                                                                                                                                                                                                                                                                                                                                                                                                                                                                                                                                                                                                                                                                                                                                                                                                                                                                                                                                                                                                                                                                                                                                                                                                                                                                                                                                                                                                                                                                                                                                                                                                                                                                                                                                                                                                                                                                                                                                                                                                                                                                                                                                                                                                                                                                                                                                                                                                                                                                                                                                                                                                                                                                                                                                                                                                                                                                                                                                                                                                                                                                                                                                                                                                                                                                                                                                                                                                                                                                                                                                                                                                                                                                                                                                                                                                                                                                                                                                                                                                                                                                                                                                                                                                                                                                                                                                                                                                                                                                                                                                                                                                                                                                                                                                                                                                                                                                                                                                                                                                                                                                                                                                                                                                                                                                                                                                                                                                                                                                                                                                                                                                                                                                                                                                                                                                                                                                                                                                                                                                                                                                                                                                                                                                                                                                                                                                                                                                                                                                                                                                                                                                                                                                                                                                                                                                                                                                                                                                                                                                                                                                                                                                                                                                                                                                                                                                                                                                                                                                                                                                                                                                                                                                                                                                                                                                                                                                                                                                                                                                                                                                                                                                                                                                                                                                                                                                                                                                                                                                                                                                                                                                                                                                                                                                                                                                                                                                                                                                                                                                                                                                                                                                                                                                                                                                                                                                                                                                                                                                                                                                                                                                                                                                                                                                                                                                                                                                                                                                                                                                                                                                                                                                                                                                                                                                                                                                                                                                                                                                                                                                                                                                                                                                                                                                                                                                                                                                                                                                                                                                                                                                                                                                                                                                                                                                                                                                                                                                                                                                                                                                                                                                                                                                                                                                                                                                                                                                                                                                                                                                                                                                                                                                                                                                                                                                                                                                                                                                                                                                                                                                                                                                                                                                                                                                                                                                                                                                                                                                                                                                                                                                                                                                                                                                                                                                                                                                                                                                                                                                                                                                                                                                                                                                                                                                                                                                                                                                                                                                                                                                                                                                                                                                                                                                                                                                                                                                                                                                                                                                                                                                                                                                                                                                                                                                                                                                                                                                                                                                                                                                                                                                                                                                                                                                                                                                                                                                                                                                                                                                                                                                                                                                                                                                                                                                                                                                                                                                                                                                                                                                                                                                                                                                                                                                                                                                                                                                                                                                                                                                                                                                                                                                                                                                                                                                                                                                                                                                                                                                                                                                                                                                                                                                                                                                                                                                                                                                                                                                                                                                                                                                                                                                                                                                                                                                                                                                                                                                                                                                                                                                                                                                                                                                                                                                                                                                                                                                                                                                                                                                                                                                                                                                                                                                                                                                                                                                                                                                                                                                                                                                                                                                                                                                                                                                                                                                                                                                                                                                                                                                                                                                                                                                                                                                                                                                                                                                                                                                                                                                                                                                                                                                                                                                                                                                                                                                                                                                                                                                                                                                                                                                                                                                                                                                                                                                                                                                                                                                                                                                                                                                                                                                                                                                                                                                                                                                                                                                                                                                                                                                                                                                                                                                                                                                                                                                                                                                                                                                                                                                                                                                                                                                                                                                                                                                                                                                                                                                                                                                                                                                                                                                                                                                                                                                                                                                                                                                                                                                                                                                                                                                                                                                                                                                                                                                                                                                                                                                                                                                                                                                                                                                                                                                                                                                                                                                                                                                                                                                                                                                                                                                                                                                                                                                                                                                                                                                                                                                                                                                                                                                                                                                                                                                                                                                                                                                                                                                                                                                                                                                                                                                                                                                                                                                                                                                                                                                                                                                                                                                                                                                                                                                                                                                                                                                                                                                                                                                                                                                                                                                                                                                                                                                                                                                                                                                                                                                                                                                                                                                                                                                                                                                                                                                                                                                                                                                                                                                                                                                                                                                                                                                                                                                                                                                                                                                                                                                                                                                                                                                                                                                                                                                                                                                                                                                                                                                                                                                                                                                                                                                                                                                                                                                                                                                                                                                                                                                                                                                                                                                                                                                                                                                                                                                                                                                                                                                                                                                                                                                                                                                                                                                                                                                                                                                                                                                                                                                                                                                                                                                                                                                                                                                                                                                                                                                                                                                                                                                                                                                                                                                                                                                                                                                                                                                                                                                                                                                                                                                                                                                                                                                                                                                                                                                                                                                                                                                                                                                                                                                                                                                                                                                                                                                                                                                                                                                                                                                                                                                                                                                                                                                                                                                                                                                                                                                                                                                                                                                                                                                                                                                                                                                                                                                                                                                                                                                                                                                                                                                                                                                                                                                                                                                                                                                                                                                                                                                                                                                                                                                                                                                                                                                                                                                                                                                                                                                                                                                                                                                                                                                                                                                                                                                                                                                                                                                                                                                                                                                                                                                                                                                                                                                                                                                                                                                                                                                                                                                                                                                                                                                                                                                                                                                                                                                                                                                                                                                                                                                                                                                                                                                                                         [31m2026-05-31 19:56:32.255[0;39m [33m[http-nio-9966-exec-6][0;39m [39mDEBUG[0;39m [32morg.springframework.web.servlet.DispatcherServlet[0;39m - GET "/geo/api/user/list?pageNum=1&pageSize=10", parameters={masked}
[31m2026-05-31 19:56:32.255[0;39m [33m[http-nio-9966-exec-6][0;39m [39mDEBUG[0;39m [32mo.s.w.s.m.m.a.RequestMappingHandlerMapping[0;39m - Mapped to com.geo.dsp.module.user.controller.UserController#list(String, Short, Integer, Integer)
Creating a new SqlSession
SqlSession [org.apache.ibatis.session.defaults.DefaultSqlSession@215f449f] was not registered for synchronization because synchronization is not active
JDBC Connection [HikariProxyConnection@1210986245 wrapping org.postgresql.jdbc.PgConnection@1bbebf4b] will not be managed by Spring
==>  Preparing: SELECT u.id, u.uuid, u.user_name, u.account, u.email, u.phone_num, ur.role_name, u.create_time, u.status FROM users u -- πÿ¡™”√ªßΩ«…´±Ì£¨≤È—Ø”√ªß∂‘”¶µƒΩ«…´√˚≥∆ LEFT JOIN user_roles ur ON u.uuid = ur.user_uuid WHERE u.is_del = false -- ÷ª≤È—ØŒ¥¬ﬂº≠…æ≥˝µƒ”√ªß ORDER BY u.create_time DESC -- ∞¥¥¥Ω® ±º‰µπ–Ú£¨◊Ó–¬”√ªß‘⁄«∞ LIMIT ? OFFSET ?
==> Parameters: 10(Integer), 0(Integer)
<==    Columns: id, uuid, user_name, account, email, phone_num, role_name, create_time, status
<==        Row: 16, f32dab2c-1da9-472e-944c-ff9fadf0b6b4, ≤‚ ‘”√ªß, test001, test@qq.com, 13800138000, π‹¿Ì‘±, 2026-05-12 12:34:15.617474+08, 1
<==        Row: 1, 4bdd4b0a-8340-4990-aeb8-63727556c4d3, aaa, aaa, aaa@qq.com, 19119119111, ”√ªß, 2026-05-12 00:10:12.289174+08, 1
<==      Total: 2
Closing non transactional SqlSession [org.apache.ibatis.session.defaults.DefaultSqlSession@215f449f]
Creating a new SqlSession
SqlSession [org.apache.ibatis.session.defaults.DefaultSqlSession@23fd2e02] was not registered for synchronization because synchronization is not active
JDBC Connection [HikariProxyConnection@1204666056 wrapping org.postgresql.jdbc.PgConnection@1bbebf4b] will not be managed by Spring
==>  Preparing: SELECT COUNT(*) FROM users u WHERE u.is_del = false
==> Parameters: 
<==    Columns: count
<==        Row: 2
<==      Total: 1
Closing non transactional SqlSession [org.apache.ibatis.session.defaults.DefaultSqlSession@23fd2e02]
[31m2026-05-31 19:56:32.263[0;39m [33m[http-nio-9966-exec-6][0;39m [39mDEBUG[0;39m [32mo.s.w.s.m.m.a.RequestResponseBodyMethodProcessor[0;39m - Using 'application/json', given [*/*] and supported [application/json, application/*+json]
[31m2026-05-31 19:56:32.263[0;39m [33m[http-nio-9966-exec-6][0;39m [39mDEBUG[0;39m [32mo.s.w.s.m.m.a.RequestResponseBodyMethodProcessor[0;39m - Writing [com.geo.dsp.common.result.Result@62a6885b]
[31m2026-05-31 19:56:32.264[0;39m [33m[http-nio-9966-exec-6][0;39m [39mDEBUG[0;39m [32morg.springframework.web.servlet.DispatcherServlet[0;39m - Completed 200 OK
[31m2026-05-31 19:57:09.267[0;39m [33m[http-nio-9966-exec-9][0;39m [39mDEBUG[0;39m [32morg.springframework.web.servlet.DispatcherServlet[0;39m - GET "/geo/api/user/list?pageNum=1&pageSize=10", parameters={masked}
[31m2026-05-31 19:57:09.267[0;39m [33m[http-nio-9966-exec-9][0;39m [39mDEBUG[0;39m [32mo.s.w.s.m.m.a.RequestMappingHandlerMapping[0;39m - Mapped to com.geo.dsp.module.user.controller.UserController#list(String, Short, Integer, Integer)
Creating a new SqlSession
SqlSession [org.apache.ibatis.session.defaults.DefaultSqlSession@21a98658] was not registered for synchronization because synchronization is not active
JDBC Connection [HikariProxyConnection@1707618335 wrapping org.postgresql.jdbc.PgConnection@77d0a23d] will not be managed by Spring
==>  Preparing: SELECT u.id, u.uuid, u.user_name, u.account, u.email, u.phone_num, ur.role_name, u.create_time, u.status FROM users u -- πÿ¡™”√ªßΩ«…´±Ì£¨≤È—Ø”√ªß∂‘”¶µƒΩ«…´√˚≥∆ LEFT JOIN user_roles ur ON u.uuid = ur.user_uuid WHERE u.is_del = false -- ÷ª≤È—ØŒ¥¬ﬂº≠…æ≥˝µƒ”√ªß ORDER BY u.create_time DESC -- ∞¥¥¥Ω® ±º‰µπ–Ú£¨◊Ó–¬”√ªß‘⁄«∞ LIMIT ? OFFSET ?
==> Parameters: 10(Integer), 0(Integer)
<==    Columns: id, uuid, user_name, account, email, phone_num, role_name, create_time, status
<==        Row: 16, f32dab2c-1da9-472e-944c-ff9fadf0b6b4, ≤‚ ‘”√ªß, test001, test@qq.com, 13800138000, π‹¿Ì‘±, 2026-05-12 12:34:15.617474+08, 1
<==        Row: 1, 4bdd4b0a-8340-4990-aeb8-63727556c4d3, aaa, aaa, aaa@qq.com, 19119119111, ”√ªß, 2026-05-12 00:10:12.289174+08, 1
<==      Total: 2
Closing non transactional SqlSession [org.apache.ibatis.session.defaults.DefaultSqlSession@21a98658]
Creating a new SqlSession
SqlSession [org.apache.ibatis.session.defaults.DefaultSqlSession@716eb8de] was not registered for synchronization because synchronization is not active
JDBC Connection [HikariProxyConnection@1426204196 wrapping org.postgresql.jdbc.PgConnection@77d0a23d] will not be managed by Spring
==>  Preparing: SELECT COUNT(*) FROM users u WHERE u.is_del = false
==> Parameters: 
<==    Columns: count
<==        Row: 2
<==      Total: 1
Closing non transactional SqlSession [org.apache.ibatis.session.defaults.DefaultSqlSession@716eb8de]
[31m2026-05-31 19:57:09.270[0;39m [33m[http-nio-9966-exec-9][0;39m [39mDEBUG[0;39m [32mo.s.w.s.m.m.a.RequestResponseBodyMethodProcessor[0;39m - Using 'application/json', given [*/*] and supported [application/json, application/*+json]
[31m2026-05-31 19:57:09.270[0;39m [33m[http-nio-9966-exec-9][0;39m [39mDEBUG[0;39m [32mo.s.w.s.m.m.a.RequestResponseBodyMethodProcessor[0;39m - Writing [com.geo.dsp.common.result.Result@6476c056]
[31m2026-05-31 19:57:09.271[0;39m [33m[http-nio-9966-exec-9][0;39m [39mDEBUG[0;39m [32morg.springframework.web.servlet.DispatcherServlet[0;39m - Completed 200 OK
[31m2026-05-31 19:57:09.717[0;39m [33m[http-nio-9966-exec-10][0;39m [39mDEBUG[0;39m [32morg.springframework.web.servlet.DispatcherServlet[0;39m - GET "/geo/api/operator/list?pageNum=1&pageSize=10", parameters={masked}
[31m2026-05-31 19:57:09.717[0;39m [33m[http-nio-9966-exec-10][0;39m [39mDEBUG[0;39m [32mo.s.w.s.m.m.a.RequestMappingHandlerMapping[0;39m - Mapped to com.geo.dsp.module.privilege.controller.OperatorManageController#list(String, String, Integer, LocalDateTime, LocalDateTime, int, int)
Creating a new SqlSession
SqlSession [org.apache.ibatis.session.defaults.DefaultSqlSession@10dbc5fe] was not registered for synchronization because synchronization is not active
JDBC Connection [HikariProxyConnection@265385533 wrapping org.postgresql.jdbc.PgConnection@77d0a23d] will not be managed by Spring
==>  Preparing: SELECT * FROM operator_manage WHERE is_del = false ORDER BY create_time DESC LIMIT ? OFFSET ?
==> Parameters: 10(Integer), 0(Integer)
<==    Columns: id, uuid, company_id, user_id, operator_name, phone_num, status, start_time, stop_time, create_by, create_time, update_by, update_time, is_del, note
<==        Row: 11, 16ffad4d-0289-4898-8c7f-67de80fbcd13, 1, 0, ’≈»˝, 18918918901, 1, 2026-04-08 00:00:00+08, 2026-04-09 00:00:00+08, 1, 2026-04-09 17:40:04.502212+08, null, null, f, 
<==      Total: 1
Closing non transactional SqlSession [org.apache.ibatis.session.defaults.DefaultSqlSession@10dbc5fe]
Creating a new SqlSession
SqlSession [org.apache.ibatis.session.defaults.DefaultSqlSession@20398d8f] was not registered for synchronization because synchronization is not active
JDBC Connection [HikariProxyConnection@411650489 wrapping org.postgresql.jdbc.PgConnection@77d0a23d] will not be managed by Spring
==>  Preparing: SELECT COUNT(*) FROM operator_manage WHERE is_del = false
==> Parameters: 
<==    Columns: count
<==        Row: 1
<==      Total: 1
Closing non transactional SqlSession [org.apache.ibatis.session.defaults.DefaultSqlSession@20398d8f]
[31m2026-05-31 19:57:09.722[0;39m [33m[http-nio-9966-exec-10][0;39m [39mDEBUG[0;39m [32mo.s.w.s.m.m.a.RequestResponseBodyMethodProcessor[0;39m - Using 'application/json', given [*/*] and supported [application/json, application/*+json]
[31m2026-05-31 19:57:09.722[0;39m [33m[http-nio-9966-exec-10][0;39m [39mDEBUG[0;39m [32mo.s.w.s.m.m.a.RequestResponseBodyMethodProcessor[0;39m - Writing [com.geo.dsp.common.result.Result@56339b63]
[31m2026-05-31 19:57:09.723[0;39m [33m[http-nio-9966-exec-10][0;39m [39mDEBUG[0;39m [32morg.springframework.web.servlet.DispatcherServlet[0;39m - Completed 200 OK
[31m2026-05-31 19:57:10.245[0;39m [33m[http-nio-9966-exec-1][0;39m [39mDEBUG[0;39m [32morg.springframework.web.servlet.DispatcherServlet[0;39m - GET "/geo/api/user/list?pageNum=1&pageSize=10", parameters={masked}
[31m2026-05-31 19:57:10.245[0;39m [33m[http-nio-9966-exec-1][0;39m [39mDEBUG[0;39m [32mo.s.w.s.m.m.a.RequestMappingHandlerMapping[0;39m - Mapped to com.geo.dsp.module.user.controller.UserController#list(String, Short, Integer, Integer)
Creating a new SqlSession
SqlSession [org.apache.ibatis.session.defaults.DefaultSqlSession@197e4720] was not registered for synchronization because synchronization is not active
JDBC Connection [HikariProxyConnection@875526008 wrapping org.postgresql.jdbc.PgConnection@77d0a23d] will not be managed by Spring
==>  Preparing: SELECT u.id, u.uuid, u.user_name, u.account, u.email, u.phone_num, ur.role_name, u.create_time, u.status FROM users u -- πÿ¡™”√ªßΩ«…´±Ì£¨≤È—Ø”√ªß∂‘”¶µƒΩ«…´√˚≥∆ LEFT JOIN user_roles ur ON u.uuid = ur.user_uuid WHERE u.is_del = false -- ÷ª≤È—ØŒ¥¬ﬂº≠…æ≥˝µƒ”√ªß ORDER BY u.create_time DESC -- ∞¥¥¥Ω® ±º‰µπ–Ú£¨◊Ó–¬”√ªß‘⁄«∞ LIMIT ? OFFSET ?
==> Parameters: 10(Integer), 0(Integer)
<==    Columns: id, uuid, user_name, account, email, phone_num, role_name, create_time, status
<==        Row: 16, f32dab2c-1da9-472e-944c-ff9fadf0b6b4, ≤‚ ‘”√ªß, test001, test@qq.com, 13800138000, π‹¿Ì‘±, 2026-05-12 12:34:15.617474+08, 1
<==        Row: 1, 4bdd4b0a-8340-4990-aeb8-63727556c4d3, aaa, aaa, aaa@qq.com, 19119119111, ”√ªß, 2026-05-12 00:10:12.289174+08, 1
<==      Total: 2
Closing non transactional SqlSession [org.apache.ibatis.session.defaults.DefaultSqlSession@197e4720]
Creating a new SqlSession
SqlSession [org.apache.ibatis.session.defaults.DefaultSqlSession@15af7917] was not registered for synchronization because synchronization is not active
JDBC Connection [HikariProxyConnection@1955193157 wrapping org.postgresql.jdbc.PgConnection@77d0a23d] will not be managed by Spring
==>  Preparing: SELECT COUNT(*) FROM users u WHERE u.is_del = false
==> Parameters: 
<==    Columns: count
<==        Row: 2
<==      Total: 1
Closing non transactional SqlSession [org.apache.ibatis.session.defaults.DefaultSqlSession@15af7917]
[31m2026-05-31 19:57:10.259[0;39m [33m[http-nio-9966-exec-1][0;39m [39mDEBUG[0;39m [32mo.s.w.s.m.m.a.RequestResponseBodyMethodProcessor[0;39m - Using 'application/json', given [*/*] and supported [application/json, application/*+json]
[31m2026-05-31 19:57:10.259[0;39m [33m[http-nio-9966-exec-1][0;39m [39mDEBUG[0;39m [32mo.s.w.s.m.m.a.RequestResponseBodyMethodProcessor[0;39m - Writing [com.geo.dsp.common.result.Result@6ed5ef06]
[31m2026-05-31 19:57:10.260[0;39m [33m[http-nio-9966-exec-1][0;39m [39mDEBUG[0;39m [32morg.springframework.web.servlet.DispatcherServlet[0;39m - Completed 200 OK
[31m2026-05-31 19:58:27.198[0;39m [33m[http-nio-9966-exec-2][0;39m [39mDEBUG[0;39m [32morg.springframework.web.servlet.DispatcherServlet[0;39m - POST "/geo/api/user/login", parameters={}
[31m2026-05-31 19:58:27.198[0;39m [33m[http-nio-9966-exec-2][0;39m [39mDEBUG[0;39m [32mo.s.w.s.m.m.a.RequestMappingHandlerMapping[0;39m - Mapped to com.geo.dsp.module.login.controller.LoginController#login(LoginDTO)
[31m2026-05-31 19:58:27.228[0;39m [33m[http-nio-9966-exec-2][0;39m [39mDEBUG[0;39m [32mo.s.w.s.m.m.a.RequestResponseBodyMethodProcessor[0;39m - Read "application/json;charset=UTF-8" to [LoginDTO(account=test001, password=123456, smsCode=null, loginType=1)]
Creating a new SqlSession
SqlSession [org.apache.ibatis.session.defaults.DefaultSqlSession@3e10cb79] was not registered for synchronization because synchronization is not active
JDBC Connection [HikariProxyConnection@1297876005 wrapping org.postgresql.jdbc.PgConnection@77d0a23d] will not be managed by Spring
==>  Preparing: SELECT id, uuid, user_name, account, password, email, phone_num, user_type, status, image_id, create_by, create_time, update_by, update_time, is_del, note, sex FROM users WHERE account = ? AND is_del = false
==> Parameters: test001(String)
<==    Columns: id, uuid, user_name, account, password, email, phone_num, user_type, status, image_id, create_by, create_time, update_by, update_time, is_del, note, sex
<==        Row: 16, f32dab2c-1da9-472e-944c-ff9fadf0b6b4, ≤‚ ‘”√ªß, test001, $2a$10$j3yM2CwdNz3u7K5f/pXyGe3KIyECGMXJw9rcDue2Pwcs8JG85AY1q, test@qq.com, 13800138000, 3, 1, null, 64, 2026-05-12 12:34:15.617474+08, 1, 2026-05-31 19:34:24.661532+08, f, null, null
<==      Total: 1
Closing non transactional SqlSession [org.apache.ibatis.session.defaults.DefaultSqlSession@3e10cb79]
Creating a new SqlSession
SqlSession [org.apache.ibatis.session.defaults.DefaultSqlSession@5a05606a] was not registered for synchronization because synchronization is not active
JDBC Connection [HikariProxyConnection@1426759211 wrapping org.postgresql.jdbc.PgConnection@77d0a23d] will not be managed by Spring
==>  Preparing: SELECT role_code FROM user_roles WHERE user_uuid = CAST(? AS uuid) LIMIT 1
==> Parameters: f32dab2c-1da9-472e-944c-ff9fadf0b6b4(String)
<==    Columns: role_code
<==        Row: admin
<==      Total: 1
Closing non transactional SqlSession [org.apache.ibatis.session.defaults.DefaultSqlSession@5a05606a]
Creating a new SqlSession
SqlSession [org.apache.ibatis.session.defaults.DefaultSqlSession@607a3665] was not registered for synchronization because synchronization is not active
JDBC Connection [HikariProxyConnection@1139065207 wrapping org.postgresql.jdbc.PgConnection@77d0a23d] will not be managed by Spring
==>  Preparing: SELECT id FROM roles WHERE role_code = ? AND is_del = false
==> Parameters: admin(String)
<==    Columns: id
<==        Row: 21
<==      Total: 1
Closing non transactional SqlSession [org.apache.ibatis.session.defaults.DefaultSqlSession@607a3665]
Creating a new SqlSession
SqlSession [org.apache.ibatis.session.defaults.DefaultSqlSession@6634659] was not registered for synchronization because synchronization is not active
JDBC Connection [HikariProxyConnection@46308253 wrapping org.postgresql.jdbc.PgConnection@77d0a23d] will not be managed by Spring
==>  Preparing: SELECT p.permission_code FROM permissions p INNER JOIN role_permis rp ON rp.permission_id = p.id WHERE rp.role_id = ? AND p.is_del = false
==> Parameters: 21(Long)
<==    Columns: permission_code
<==        Row: System
<==        Row: Device
<==        Row: Project
<==        Row: Data
<==        Row: Statistics
<==        Row: DataAnalysis
<==        Row: GisMap
<==        Row: Profile
<==        Row: SystemOverview
<==        Row: SystemUsers
<==        Row: SystemRoles
<==        Row: SystemPermission
<==        Row: admin:all
<==        Row: Dictionary
<==        Row: DictionaryData
<==        Row: SystemOperator
<==        Row: SystemLogs
<==        Row: SystemSettings
<==        Row: EnterpriseManagement
<==        Row: DeviceOverview
<==        Row: DeviceRegister
<==        Row: DeviceMonitor
<==        Row: DeviceMaintenance
<==        Row: DeviceAnalysis
<==        Row: DeviceAntenna
<==        Row: ProjectOverview
<==        Row: ProjectInfo
<==        Row: ProjectTasks
<==        Row: ProjectMethods
<==        Row: ProjectProgress
<==        Row: ProjectLogs
<==        Row: ProjectReports
<==        Row: DataOverview
<==        Row: DataQuality
<==        Row: DataTasks
<==        Row: DataPreview
<==        Row: StatisticsOverview
<==        Row: StatisticsClassification
<==        Row: StatisticsDisplay
<==        Row: device:register:add
<==        Row: device:register:edit
<==        Row: device:register:delete
<==      Total: 42
Closing non transactional SqlSession [org.apache.ibatis.session.defaults.DefaultSqlSession@6634659]
Creating a new SqlSession
SqlSession [org.apache.ibatis.session.defaults.DefaultSqlSession@7a88204d] was not registered for synchronization because synchronization is not active
JDBC Connection [HikariProxyConnection@690484264 wrapping org.postgresql.jdbc.PgConnection@77d0a23d] will not be managed by Spring
==>  Preparing: SELECT p.uuid, p.permission_code AS permissionCode, p.permission_name AS permissionName, p.permission_type AS permissionType, p.component_path AS componentPath, p.parent_uuid AS parentPermission FROM permissions p INNER JOIN role_permis rp ON rp.permission_id = p.id INNER JOIN user_roles ur ON ur.role_code = (SELECT role_code FROM roles WHERE id = rp.role_id) WHERE ur.user_uuid = CAST(? AS uuid) AND p.is_del = false ORDER BY p.create_time ASC
==> Parameters: f32dab2c-1da9-472e-944c-ff9fadf0b6b4(String)
<==    Columns: uuid, permissioncode, permissionname, permissiontype, componentpath, parentpermission
<==        Row: 8bfa14fe-7acb-43e0-9fdb-aa17f96f8302, admin:all, »´≤øπ‹¿Ì»®œﬁ, menu, null, null
<==        Row: a0000000-0000-0000-0000-000000000003, Project, œÓƒøπ‹¿Ì, menu, views/projects/index.vue, null
<==        Row: a0000000-0000-0000-0000-000000000004, Data,  ˝æ›π‹¿Ì, menu, views/data/index.vue, null
<==        Row: a0000000-0000-0000-0000-000000000001, System, œµÕ≥π‹¿Ì, menu, views/system/index.vue, null
<==        Row: a0000000-0000-0000-0000-000000000005, Statistics, Õ≥º∆∑÷Œˆ, menu, views/statistics/index.vue, null
<==        Row: a0000000-0000-0000-0000-000000000006, DataAnalysis,  ˝æ›∑÷Œˆ, menu, views/data-analysis/index.vue, null
<==        Row: a0000000-0000-0000-0000-000000000007, GisMap, GISµÿÕº, menu, views/gis-map/index.vue, null
<==        Row: a0000000-0000-0000-0000-000000000008, Profile, ∏ˆ»À÷––ƒ, menu, views/profile/index.vue, null
<==        Row: a0000000-0000-0000-0000-000000000002, Device, …Ë±∏π‹¿Ì, menu, views/devices/index.vue, null
<==        Row: 1b6276e8-9cfb-4560-8e1f-0d684e9d9d29, SystemLogs, »’÷æπ‹¿Ì, menu, views/system/logs/index.vue, a0000000-0000-0000-0000-000000000001
<==        Row: 7fa2a341-221c-41e5-ac55-5e0dd55603ed, SystemOverview, œµÕ≥∏≈¿¿, menu, views/system/overview.vue, a0000000-0000-0000-0000-000000000001
<==        Row: 3863c388-7a30-41aa-8e49-a4aaf7654a25, SystemUsers, ”√ªßπ‹¿Ì, menu, views/system/users/index.vue, a0000000-0000-0000-0000-000000000001
<==        Row: 95b44be6-527b-426b-a74a-59247155cd0d, SystemRoles, Ω«…´π‹¿Ì, menu, views/system/roles/index.vue, a0000000-0000-0000-0000-000000000001
<==        Row: e9f65f25-70bc-487b-babe-7589fc471ec9, SystemPermission, »®œﬁπ‹¿Ì, menu, views/system/permission/index.vue, a0000000-0000-0000-0000-000000000001
<==        Row: a8ccfa8a-e1fe-4e34-9deb-f4f7caebaf72, EnterpriseManagement, ∆Û“µπ‹¿Ì, menu, views/system/enterprise/index.vue, a0000000-0000-0000-0000-000000000001
<==        Row: 5ff2c4c9-de8f-4710-97d8-35c3add1e47b, SystemSettings, ≈‰÷√π‹¿Ì, menu, views/system/settings/index.vue, a0000000-0000-0000-0000-000000000001
<==        Row: 4e7fda28-6dc1-45a8-9163-5b292dd50cd5, Dictionary, ◊÷µ‰π‹¿Ì, menu, views/system/dictionary/index.vue, a0000000-0000-0000-0000-000000000001
<==        Row: 1d0c83fc-40ab-4712-b186-dba5b9d567b4, DictionaryData, ◊÷µ‰ ˝æ›π‹¿Ì, menu, views/system/dictionary/data.vue, a0000000-0000-0000-0000-000000000001
<==        Row: 2ba4c4b9-a7f2-4306-82ba-703d0d8405de, SystemOperator, ≤Ÿ◊˜‘±π‹¿Ì, menu, views/system/operator/index.vue, a0000000-0000-0000-0000-000000000001
<==        Row: 1126d3e3-dd49-4422-b0e0-94a5762a2a25, DeviceRegister, …Ë±∏µ«º«, menu, views/devices/register/index.vue, a0000000-0000-0000-0000-000000000002
<==        Row: 29ccc09d-ee12-452e-a61e-b3145125dd94, DeviceAntenna, ÃÏœﬂ…Ë±∏Œ¨ª§, menu, views/devices/antenna/index.vue, a0000000-0000-0000-0000-000000000002
<==        Row: 28fa7dcd-86b8-47a2-9285-1d34b7bf046f, DeviceAnalysis, …Ë±∏∑÷Œˆ, menu, views/devices/analysis/index.vue, a0000000-0000-0000-0000-000000000002
<==        Row: e581b25f-2ece-4e03-a699-fdcda56032fc, DeviceMaintenance, …Ë±∏Œ¨ª§, menu, views/devices/maintenance/index.vue, a0000000-0000-0000-0000-000000000002
<==        Row: 1f4005b9-f074-43c6-a057-6538d3b12387, DeviceMonitor, …Ë±∏º‡øÿ, menu, views/devices/monitor/index.vue, a0000000-0000-0000-0000-000000000002
<==        Row: 9530a5b3-2d46-4d23-a7a1-87514bd48bf4, DeviceOverview, …Ë±∏∏≈¿¿, menu, views/devices/overview.vue, a0000000-0000-0000-0000-000000000002
<==        Row: 2e3a0e1f-11f7-421a-a5f4-a44bcada8b1f, ProjectReports, œÓƒø±®∏Ê, menu, views/projects/reports/index.vue, a0000000-0000-0000-0000-000000000003
<==        Row: 3fd7d924-e847-48f8-baa7-afb7490a8f9a, ProjectOverview, œÓƒø∏≈¿¿, menu, views/projects/overview.vue, a0000000-0000-0000-0000-000000000003
<==        Row: 8991596b-0b28-4a46-9cbb-066c9e0d3771, ProjectInfo, œÓƒø–≈œ¢, menu, views/projects/info/index.vue, a0000000-0000-0000-0000-000000000003
<==        Row: 1923ac78-584b-4ad5-b1b4-6df7051562e6, ProjectTasks, œÓƒø»ŒŒÒ, menu, views/projects/tasks/index.vue, a0000000-0000-0000-0000-000000000003
<==        Row: b9c89db0-7802-4241-9c9b-10940d0fb037, ProjectMethods, ◊˜“µ∑Ω∑®, menu, views/projects/methods/index.vue, a0000000-0000-0000-0000-000000000003
<==        Row: 2c9139a4-0a5e-4fff-ab73-f06d54155426, ProjectProgress, œÓƒøΩ¯∂», menu, views/projects/progress/index.vue, a0000000-0000-0000-0000-000000000003
<==        Row: c320c6b0-eea1-4d35-80a2-57d8ed750d98, ProjectLogs, œÓƒø»’÷æ, menu, views/projects/logs/index.vue, a0000000-0000-0000-0000-000000000003
<==        Row: 803dd4f5-af9a-45df-a503-e43a3e8cd720, DataTasks,  ˝æ›»ŒŒÒ, menu, views/data/tasks/index.vue, a0000000-0000-0000-0000-000000000004
<==        Row: 60e16502-1f57-496a-aa93-8c2df7adc4d0, DataOverview,  ˝æ›∏≈¿¿, menu, views/data/overview.vue, a0000000-0000-0000-0000-000000000004
<==        Row: 4036a134-c1ca-4322-b327-1491903e973e, DataQuality,  ˝æ›÷ ¡ø, menu, views/data/quality/index.vue, a0000000-0000-0000-0000-000000000004
<==        Row: da58c221-edbd-4e97-aab4-69393829ca3a, DataPreview,  ˝æ›‘§¿¿, menu, views/data/preview.vue, a0000000-0000-0000-0000-000000000004
<==        Row: 7f1b9477-78c4-44ba-b804-c4cf5b179e6d, StatisticsClassification, Õ≥º∆∑÷¿‡, menu, views/statistics/classification/index.vue, a0000000-0000-0000-0000-000000000005
<==        Row: 6166f363-019f-4b7a-888a-0276423b5770, StatisticsOverview, Õ≥º∆∏≈¿¿, menu, views/statistics/overview.vue, a0000000-0000-0000-0000-000000000005
<==        Row: cc895f41-89d5-491a-a6e9-86eabac32c60, StatisticsDisplay, Õ≥º∆’π æ, menu, views/statistics/display/index.vue, a0000000-0000-0000-0000-000000000005
<==        Row: f282d39c-4905-4eaa-b5df-d6deb01a949f, device:register:edit, edit_device, button, null, 1126d3e3-dd49-4422-b0e0-94a5762a2a25
<==        Row: ee6c10ee-1d50-4810-841a-64f79fef27e9, device:register:add, add_device, button, null, 1126d3e3-dd49-4422-b0e0-94a5762a2a25
<==        Row: fe6267c0-aedb-4262-94e3-cc9efc6cab6e, device:register:delete, delete_device, button, null, 1126d3e3-dd49-4422-b0e0-94a5762a2a25
<==      Total: 42
Closing non transactional SqlSession [org.apache.ibatis.session.defaults.DefaultSqlSession@7a88204d]
Creating a new SqlSession
SqlSession [org.apache.ibatis.session.defaults.DefaultSqlSession@60a2c15] was not registered for synchronization because synchronization is not active
JDBC Connection [HikariProxyConnection@1534464760 wrapping org.postgresql.jdbc.PgConnection@77d0a23d] will not be managed by Spring
==>  Preparing: SELECT role_code FROM user_roles WHERE user_uuid = CAST(? AS uuid) LIMIT 1
==> Parameters: f32dab2c-1da9-472e-944c-ff9fadf0b6b4(String)
<==    Columns: role_code
<==        Row: admin
<==      Total: 1
Closing non transactional SqlSession [org.apache.ibatis.session.defaults.DefaultSqlSession@60a2c15]
[31m2026-05-31 19:58:27.405[0;39m [33m[http-nio-9966-exec-2][0;39m [34mINFO [0;39m [32mc.g.dsp.module.login.service.impl.LoginServiceImpl[0;39m - Áî®Êà∑ test001 ÁôªÂΩïÊàêÂäü
[31m2026-05-31 19:58:27.406[0;39m [33m[http-nio-9966-exec-2][0;39m [39mDEBUG[0;39m [32mo.s.w.s.m.m.a.RequestResponseBodyMethodProcessor[0;39m - Using 'application/json', given [*/*] and supported [application/json, application/*+json]
[31m2026-05-31 19:58:27.406[0;39m [33m[http-nio-9966-exec-2][0;39m [39mDEBUG[0;39m [32mo.s.w.s.m.m.a.RequestResponseBodyMethodProcessor[0;39m - Writing [com.geo.dsp.common.result.Result@4be22bd5]
[31m2026-05-31 19:58:27.415[0;39m [33m[http-nio-9966-exec-2][0;39m [39mDEBUG[0;39m [32morg.springframework.web.servlet.DispatcherServlet[0;39m - Completed 200 OK
[31m2026-05-31 19:58:30.559[0;39m [33m[http-nio-9966-exec-3][0;39m [39mDEBUG[0;39m [32morg.springframework.web.servlet.DispatcherServlet[0;39m - POST "/geo/api/user/login", parameters={}
[31m2026-05-31 19:58:30.559[0;39m [33m[http-nio-9966-exec-3][0;39m [39mDEBUG[0;39m [32mo.s.w.s.m.m.a.RequestMappingHandlerMapping[0;39m - Mapped to com.geo.dsp.module.login.controller.LoginController#login(LoginDTO)
[31m2026-05-31 19:58:30.559[0;39m [33m[http-nio-9966-exec-3][0;39m [39mDEBUG[0;39m [32mo.s.w.s.m.m.a.RequestResponseBodyMethodProcessor[0;39m - Read "application/json;charset=UTF-8" to [LoginDTO(account=test001, password=123456, smsCode=null, loginType=1)]
Creating a new SqlSession
SqlSession [org.apache.ibatis.session.defaults.DefaultSqlSession@39d9f6c3] was not registered for synchronization because synchronization is not active
JDBC Connection [HikariProxyConnection@147863666 wrapping org.postgresql.jdbc.PgConnection@77d0a23d] will not be managed by Spring
==>  Preparing: SELECT id, uuid, user_name, account, password, email, phone_num, user_type, status, image_id, create_by, create_time, update_by, update_time, is_del, note, sex FROM users WHERE account = ? AND is_del = false
==> Parameters: test001(String)
<==    Columns: id, uuid, user_name, account, password, email, phone_num, user_type, status, image_id, create_by, create_time, update_by, update_time, is_del, note, sex
<==        Row: 16, f32dab2c-1da9-472e-944c-ff9fadf0b6b4, ≤‚ ‘”√ªß, test001, $2a$10$j3yM2CwdNz3u7K5f/pXyGe3KIyECGMXJw9rcDue2Pwcs8JG85AY1q, test@qq.com, 13800138000, 3, 1, null, 64, 2026-05-12 12:34:15.617474+08, 1, 2026-05-31 19:34:24.661532+08, f, null, null
<==      Total: 1
Closing non transactional SqlSession [org.apache.ibatis.session.defaults.DefaultSqlSession@39d9f6c3]
Creating a new SqlSession
SqlSession [org.apache.ibatis.session.defaults.DefaultSqlSession@1cad07d4] was not registered for synchronization because synchronization is not active
JDBC Connection [HikariProxyConnection@646356525 wrapping org.postgresql.jdbc.PgConnection@77d0a23d] will not be managed by Spring
==>  Preparing: SELECT role_code FROM user_roles WHERE user_uuid = CAST(? AS uuid) LIMIT 1
==> Parameters: f32dab2c-1da9-472e-944c-ff9fadf0b6b4(String)
<==    Columns: role_code
<==        Row: admin
<==      Total: 1
Closing non transactional SqlSession [org.apache.ibatis.session.defaults.DefaultSqlSession@1cad07d4]
Creating a new SqlSession
SqlSession [org.apache.ibatis.session.defaults.DefaultSqlSession@264c3335] was not registered for synchronization because synchronization is not active
JDBC Connection [HikariProxyConnection@2049149872 wrapping org.postgresql.jdbc.PgConnection@77d0a23d] will not be managed by Spring
==>  Preparing: SELECT id FROM roles WHERE role_code = ? AND is_del = false
==> Parameters: admin(String)
<==    Columns: id
<==        Row: 21
<==      Total: 1
Closing non transactional SqlSession [org.apache.ibatis.session.defaults.DefaultSqlSession@264c3335]
Creating a new SqlSession
SqlSession [org.apache.ibatis.session.defaults.DefaultSqlSession@e44a087] was not registered for synchronization because synchronization is not active
JDBC Connection [HikariProxyConnection@480321684 wrapping org.postgresql.jdbc.PgConnection@77d0a23d] will not be managed by Spring
==>  Preparing: SELECT p.permission_code FROM permissions p INNER JOIN role_permis rp ON rp.permission_id = p.id WHERE rp.role_id = ? AND p.is_del = false
==> Parameters: 21(Long)
<==    Columns: permission_code
<==        Row: System
<==        Row: Device
<==        Row: Project
<==        Row: Data
<==        Row: Statistics
<==        Row: DataAnalysis
<==        Row: GisMap
<==        Row: Profile
<==        Row: SystemOverview
<==        Row: SystemUsers
<==        Row: SystemRoles
<==        Row: SystemPermission
<==        Row: admin:all
<==        Row: Dictionary
<==        Row: DictionaryData
<==        Row: SystemOperator
<==        Row: SystemLogs
<==        Row: SystemSettings
<==        Row: EnterpriseManagement
<==        Row: DeviceOverview
<==        Row: DeviceRegister
<==        Row: DeviceMonitor
<==        Row: DeviceMaintenance
<==        Row: DeviceAnalysis
<==        Row: DeviceAntenna
<==        Row: ProjectOverview
<==        Row: ProjectInfo
<==        Row: ProjectTasks
<==        Row: ProjectMethods
<==        Row: ProjectProgress
<==        Row: ProjectLogs
<==        Row: ProjectReports
<==        Row: DataOverview
<==        Row: DataQuality
<==        Row: DataTasks
<==        Row: DataPreview
<==        Row: StatisticsOverview
<==        Row: StatisticsClassification
<==        Row: StatisticsDisplay
<==        Row: device:register:add
<==        Row: device:register:edit
<==        Row: device:register:delete
<==      Total: 42
Closing non transactional SqlSession [org.apache.ibatis.session.defaults.DefaultSqlSession@e44a087]
Creating a new SqlSession
SqlSession [org.apache.ibatis.session.defaults.DefaultSqlSession@5bb37dae] was not registered for synchronization because synchronization is not active
JDBC Connection [HikariProxyConnection@1026229091 wrapping org.postgresql.jdbc.PgConnection@77d0a23d] will not be managed by Spring
==>  Preparing: SELECT p.uuid, p.permission_code AS permissionCode, p.permission_name AS permissionName, p.permission_type AS permissionType, p.component_path AS componentPath, p.parent_uuid AS parentPermission FROM permissions p INNER JOIN role_permis rp ON rp.permission_id = p.id INNER JOIN user_roles ur ON ur.role_code = (SELECT role_code FROM roles WHERE id = rp.role_id) WHERE ur.user_uuid = CAST(? AS uuid) AND p.is_del = false ORDER BY p.create_time ASC
==> Parameters: f32dab2c-1da9-472e-944c-ff9fadf0b6b4(String)
<==    Columns: uuid, permissioncode, permissionname, permissiontype, componentpath, parentpermission
<==        Row: 8bfa14fe-7acb-43e0-9fdb-aa17f96f8302, admin:all, »´≤øπ‹¿Ì»®œﬁ, menu, null, null
<==        Row: a0000000-0000-0000-0000-000000000003, Project, œÓƒøπ‹¿Ì, menu, views/projects/index.vue, null
<==        Row: a0000000-0000-0000-0000-000000000004, Data,  ˝æ›π‹¿Ì, menu, views/data/index.vue, null
<==        Row: a0000000-0000-0000-0000-000000000001, System, œµÕ≥π‹¿Ì, menu, views/system/index.vue, null
<==        Row: a0000000-0000-0000-0000-000000000005, Statistics, Õ≥º∆∑÷Œˆ, menu, views/statistics/index.vue, null
<==        Row: a0000000-0000-0000-0000-000000000006, DataAnalysis,  ˝æ›∑÷Œˆ, menu, views/data-analysis/index.vue, null
<==        Row: a0000000-0000-0000-0000-000000000007, GisMap, GISµÿÕº, menu, views/gis-map/index.vue, null
<==        Row: a0000000-0000-0000-0000-000000000008, Profile, ∏ˆ»À÷––ƒ, menu, views/profile/index.vue, null
<==        Row: a0000000-0000-0000-0000-000000000002, Device, …Ë±∏π‹¿Ì, menu, views/devices/index.vue, null
<==        Row: 1b6276e8-9cfb-4560-8e1f-0d684e9d9d29, SystemLogs, »’÷æπ‹¿Ì, menu, views/system/logs/index.vue, a0000000-0000-0000-0000-000000000001
<==        Row: 7fa2a341-221c-41e5-ac55-5e0dd55603ed, SystemOverview, œµÕ≥∏≈¿¿, menu, views/system/overview.vue, a0000000-0000-0000-0000-000000000001
<==        Row: 3863c388-7a30-41aa-8e49-a4aaf7654a25, SystemUsers, ”√ªßπ‹¿Ì, menu, views/system/users/index.vue, a0000000-0000-0000-0000-000000000001
<==        Row: 95b44be6-527b-426b-a74a-59247155cd0d, SystemRoles, Ω«…´π‹¿Ì, menu, views/system/roles/index.vue, a0000000-0000-0000-0000-000000000001
<==        Row: e9f65f25-70bc-487b-babe-7589fc471ec9, SystemPermission, »®œﬁπ‹¿Ì, menu, views/system/permission/index.vue, a0000000-0000-0000-0000-000000000001
<==        Row: a8ccfa8a-e1fe-4e34-9deb-f4f7caebaf72, EnterpriseManagement, ∆Û“µπ‹¿Ì, menu, views/system/enterprise/index.vue, a0000000-0000-0000-0000-000000000001
<==        Row: 5ff2c4c9-de8f-4710-97d8-35c3add1e47b, SystemSettings, ≈‰÷√π‹¿Ì, menu, views/system/settings/index.vue, a0000000-0000-0000-0000-000000000001
<==        Row: 4e7fda28-6dc1-45a8-9163-5b292dd50cd5, Dictionary, ◊÷µ‰π‹¿Ì, menu, views/system/dictionary/index.vue, a0000000-0000-0000-0000-000000000001
<==        Row: 1d0c83fc-40ab-4712-b186-dba5b9d567b4, DictionaryData, ◊÷µ‰ ˝æ›π‹¿Ì, menu, views/system/dictionary/data.vue, a0000000-0000-0000-0000-000000000001
<==        Row: 2ba4c4b9-a7f2-4306-82ba-703d0d8405de, SystemOperator, ≤Ÿ◊˜‘±π‹¿Ì, menu, views/system/operator/index.vue, a0000000-0000-0000-0000-000000000001
<==        Row: 1126d3e3-dd49-4422-b0e0-94a5762a2a25, DeviceRegister, …Ë±∏µ«º«, menu, views/devices/register/index.vue, a0000000-0000-0000-0000-000000000002
<==        Row: 29ccc09d-ee12-452e-a61e-b3145125dd94, DeviceAntenna, ÃÏœﬂ…Ë±∏Œ¨ª§, menu, views/devices/antenna/index.vue, a0000000-0000-0000-0000-000000000002
<==        Row: 28fa7dcd-86b8-47a2-9285-1d34b7bf046f, DeviceAnalysis, …Ë±∏∑÷Œˆ, menu, views/devices/analysis/index.vue, a0000000-0000-0000-0000-000000000002
<==        Row: e581b25f-2ece-4e03-a699-fdcda56032fc, DeviceMaintenance, …Ë±∏Œ¨ª§, menu, views/devices/maintenance/index.vue, a0000000-0000-0000-0000-000000000002
<==        Row: 1f4005b9-f074-43c6-a057-6538d3b12387, DeviceMonitor, …Ë±∏º‡øÿ, menu, views/devices/monitor/index.vue, a0000000-0000-0000-0000-000000000002
<==        Row: 9530a5b3-2d46-4d23-a7a1-87514bd48bf4, DeviceOverview, …Ë±∏∏≈¿¿, menu, views/devices/overview.vue, a0000000-0000-0000-0000-000000000002
<==        Row: 2e3a0e1f-11f7-421a-a5f4-a44bcada8b1f, ProjectReports, œÓƒø±®∏Ê, menu, views/projects/reports/index.vue, a0000000-0000-0000-0000-000000000003
<==        Row: 3fd7d924-e847-48f8-baa7-afb7490a8f9a, ProjectOverview, œÓƒø∏≈¿¿, menu, views/projects/overview.vue, a0000000-0000-0000-0000-000000000003
<==        Row: 8991596b-0b28-4a46-9cbb-066c9e0d3771, ProjectInfo, œÓƒø–≈œ¢, menu, views/projects/info/index.vue, a0000000-0000-0000-0000-000000000003
<==        Row: 1923ac78-584b-4ad5-b1b4-6df7051562e6, ProjectTasks, œÓƒø»ŒŒÒ, menu, views/projects/tasks/index.vue, a0000000-0000-0000-0000-000000000003
<==        Row: b9c89db0-7802-4241-9c9b-10940d0fb037, ProjectMethods, ◊˜“µ∑Ω∑®, menu, views/projects/methods/index.vue, a0000000-0000-0000-0000-000000000003
<==        Row: 2c9139a4-0a5e-4fff-ab73-f06d54155426, ProjectProgress, œÓƒøΩ¯∂», menu, views/projects/progress/index.vue, a0000000-0000-0000-0000-000000000003
<==        Row: c320c6b0-eea1-4d35-80a2-57d8ed750d98, ProjectLogs, œÓƒø»’÷æ, menu, views/projects/logs/index.vue, a0000000-0000-0000-0000-000000000003
<==        Row: 803dd4f5-af9a-45df-a503-e43a3e8cd720, DataTasks,  ˝æ›»ŒŒÒ, menu, views/data/tasks/index.vue, a0000000-0000-0000-0000-000000000004
<==        Row: 60e16502-1f57-496a-aa93-8c2df7adc4d0, DataOverview,  ˝æ›∏≈¿¿, menu, views/data/overview.vue, a0000000-0000-0000-0000-000000000004
<==        Row: 4036a134-c1ca-4322-b327-1491903e973e, DataQuality,  ˝æ›÷ ¡ø, menu, views/data/quality/index.vue, a0000000-0000-0000-0000-000000000004
<==        Row: da58c221-edbd-4e97-aab4-69393829ca3a, DataPreview,  ˝æ›‘§¿¿, menu, views/data/preview.vue, a0000000-0000-0000-0000-000000000004
<==        Row: 7f1b9477-78c4-44ba-b804-c4cf5b179e6d, StatisticsClassification, Õ≥º∆∑÷¿‡, menu, views/statistics/classification/index.vue, a0000000-0000-0000-0000-000000000005
<==        Row: 6166f363-019f-4b7a-888a-0276423b5770, StatisticsOverview, Õ≥º∆∏≈¿¿, menu, views/statistics/overview.vue, a0000000-0000-0000-0000-000000000005
<==        Row: cc895f41-89d5-491a-a6e9-86eabac32c60, StatisticsDisplay, Õ≥º∆’π æ, menu, views/statistics/display/index.vue, a0000000-0000-0000-0000-000000000005
<==        Row: f282d39c-4905-4eaa-b5df-d6deb01a949f, device:register:edit, edit_device, button, null, 1126d3e3-dd49-4422-b0e0-94a5762a2a25
<==        Row: ee6c10ee-1d50-4810-841a-64f79fef27e9, device:register:add, add_device, button, null, 1126d3e3-dd49-4422-b0e0-94a5762a2a25
<==        Row: fe6267c0-aedb-4262-94e3-cc9efc6cab6e, device:register:delete, delete_device, button, null, 1126d3e3-dd49-4422-b0e0-94a5762a2a25
<==      Total: 42
Closing non transactional SqlSession [org.apache.ibatis.session.defaults.DefaultSqlSession@5bb37dae]
Creating a new SqlSession
SqlSession [org.apache.ibatis.session.defaults.DefaultSqlSession@1640ccd9] was not registered for synchronization because synchronization is not active
JDBC Connection [HikariProxyConnection@57735941 wrapping org.postgresql.jdbc.PgConnection@77d0a23d] will not be managed by Spring
==>  Preparing: SELECT role_code FROM user_roles WHERE user_uuid = CAST(? AS uuid) LIMIT 1
==> Parameters: f32dab2c-1da9-472e-944c-ff9fadf0b6b4(String)
<==    Columns: role_code
<==        Row: admin
<==      Total: 1
Closing non transactional SqlSession [org.apache.ibatis.session.defaults.DefaultSqlSession@1640ccd9]
[31m2026-05-31 19:58:30.619[0;39m [33m[http-nio-9966-exec-3][0;39m [34mINFO [0;39m [32mc.g.dsp.module.login.service.impl.LoginServiceImpl[0;39m - Áî®Êà∑ test001 ÁôªÂΩïÊàêÂäü
[31m2026-05-31 19:58:30.620[0;39m [33m[http-nio-9966-exec-3][0;39m [39mDEBUG[0;39m [32mo.s.w.s.m.m.a.RequestResponseBodyMethodProcessor[0;39m - Using 'application/json', given [*/*] and supported [application/json, application/*+json]
[31m2026-05-31 19:58:30.620[0;39m [33m[http-nio-9966-exec-3][0;39m [39mDEBUG[0;39m [32mo.s.w.s.m.m.a.RequestResponseBodyMethodProcessor[0;39m - Writing [com.geo.dsp.common.result.Result@368dbdd7]
[31m2026-05-31 19:58:30.621[0;39m [33m[http-nio-9966-exec-3][0;39m [39mDEBUG[0;39m [32morg.springframework.web.servlet.DispatcherServlet[0;39m - Completed 200 OK
[31m2026-05-31 19:58:39.032[0;39m [33m[http-nio-9966-exec-4][0;39m [39mDEBUG[0;39m [32morg.springframework.web.servlet.DispatcherServlet[0;39m - POST "/geo/api/user/login", parameters={}
[31m2026-05-31 19:58:39.032[0;39m [33m[http-nio-9966-exec-4][0;39m [39mDEBUG[0;39m [32mo.s.w.s.m.m.a.RequestMappingHandlerMapping[0;39m - Mapped to com.geo.dsp.module.login.controller.LoginController#login(LoginDTO)
[31m2026-05-31 19:58:39.033[0;39m [33m[http-nio-9966-exec-4][0;39m [39mDEBUG[0;39m [32mo.s.w.s.m.m.a.RequestResponseBodyMethodProcessor[0;39m - Read "application/json;charset=UTF-8" to [LoginDTO(account=test001, password=123456, smsCode=null, loginType=1)]
Creating a new SqlSession
SqlSession [org.apache.ibatis.session.defaults.DefaultSqlSession@3feb449] was not registered for synchronization because synchronization is not active
JDBC Connection [HikariProxyConnection@1115143065 wrapping org.postgresql.jdbc.PgConnection@77d0a23d] will not be managed by Spring
==>  Preparing: SELECT id, uuid, user_name, account, password, email, phone_num, user_type, status, image_id, create_by, create_time, update_by, update_time, is_del, note, sex FROM users WHERE account = ? AND is_del = false
==> Parameters: test001(String)
<==    Columns: id, uuid, user_name, account, password, email, phone_num, user_type, status, image_id, create_by, create_time, update_by, update_time, is_del, note, sex
<==        Row: 16, f32dab2c-1da9-472e-944c-ff9fadf0b6b4, ≤‚ ‘”√ªß, test001, $2a$10$j3yM2CwdNz3u7K5f/pXyGe3KIyECGMXJw9rcDue2Pwcs8JG85AY1q, test@qq.com, 13800138000, 3, 1, null, 64, 2026-05-12 12:34:15.617474+08, 1, 2026-05-31 19:34:24.661532+08, f, null, null
<==      Total: 1
Closing non transactional SqlSession [org.apache.ibatis.session.defaults.DefaultSqlSession@3feb449]
Creating a new SqlSession
SqlSession [org.apache.ibatis.session.defaults.DefaultSqlSession@da62381] was not registered for synchronization because synchronization is not active
JDBC Connection [HikariProxyConnection@1168734489 wrapping org.postgresql.jdbc.PgConnection@77d0a23d] will not be managed by Spring
==>  Preparing: SELECT role_code FROM user_roles WHERE user_uuid = CAST(? AS uuid) LIMIT 1
==> Parameters: f32dab2c-1da9-472e-944c-ff9fadf0b6b4(String)
<==    Columns: role_code
<==        Row: admin
<==      Total: 1
Closing non transactional SqlSession [org.apache.ibatis.session.defaults.DefaultSqlSession@da62381]
Creating a new SqlSession
SqlSession [org.apache.ibatis.session.defaults.DefaultSqlSession@4c570f83] was not registered for synchronization because synchronization is not active
JDBC Connection [HikariProxyConnection@1892784035 wrapping org.postgresql.jdbc.PgConnection@77d0a23d] will not be managed by Spring
==>  Preparing: SELECT id FROM roles WHERE role_code = ? AND is_del = false
==> Parameters: admin(String)
<==    Columns: id
<==        Row: 21
<==      Total: 1
Closing non transactional SqlSession [org.apache.ibatis.session.defaults.DefaultSqlSession@4c570f83]
Creating a new SqlSession
SqlSession [org.apache.ibatis.session.defaults.DefaultSqlSession@7ebe4911] was not registered for synchronization because synchronization is not active
JDBC Connection [HikariProxyConnection@1402492102 wrapping org.postgresql.jdbc.PgConnection@77d0a23d] will not be managed by Spring
==>  Preparing: SELECT p.permission_code FROM permissions p INNER JOIN role_permis rp ON rp.permission_id = p.id WHERE rp.role_id = ? AND p.is_del = false
==> Parameters: 21(Long)
<==    Columns: permission_code
<==        Row: System
<==        Row: Device
<==        Row: Project
<==        Row: Data
<==        Row: Statistics
<==        Row: DataAnalysis
<==        Row: GisMap
<==        Row: Profile
<==        Row: SystemOverview
<==        Row: SystemUsers
<==        Row: SystemRoles
<==        Row: SystemPermission
<==        Row: admin:all
<==        Row: Dictionary
<==        Row: DictionaryData
<==        Row: SystemOperator
<==        Row: SystemLogs
<==        Row: SystemSettings
<==        Row: EnterpriseManagement
<==        Row: DeviceOverview
<==        Row: DeviceRegister
<==        Row: DeviceMonitor
<==        Row: DeviceMaintenance
<==        Row: DeviceAnalysis
<==        Row: DeviceAntenna
<==        Row: ProjectOverview
<==        Row: ProjectInfo
<==        Row: ProjectTasks
<==        Row: ProjectMethods
<==        Row: ProjectProgress
<==        Row: ProjectLogs
<==        Row: ProjectReports
<==        Row: DataOverview
<==        Row: DataQuality
<==        Row: DataTasks
<==        Row: DataPreview
<==        Row: StatisticsOverview
<==        Row: StatisticsClassification
<==        Row: StatisticsDisplay
<==        Row: device:register:add
<==        Row: device:register:edit
<==        Row: device:register:delete
<==      Total: 42
Closing non transactional SqlSession [org.apache.ibatis.session.defaults.DefaultSqlSession@7ebe4911]
Creating a new SqlSession
SqlSession [org.apache.ibatis.session.defaults.DefaultSqlSession@27476221] was not registered for synchronization because synchronization is not active
JDBC Connection [HikariProxyConnection@1540855269 wrapping org.postgresql.jdbc.PgConnection@77d0a23d] will not be managed by Spring
==>  Preparing: SELECT p.uuid, p.permission_code AS permissionCode, p.permission_name AS permissionName, p.permission_type AS permissionType, p.component_path AS componentPath, p.parent_uuid AS parentPermission FROM permissions p INNER JOIN role_permis rp ON rp.permission_id = p.id INNER JOIN user_roles ur ON ur.role_code = (SELECT role_code FROM roles WHERE id = rp.role_id) WHERE ur.user_uuid = CAST(? AS uuid) AND p.is_del = false ORDER BY p.create_time ASC
==> Parameters: f32dab2c-1da9-472e-944c-ff9fadf0b6b4(String)
<==    Columns: uuid, permissioncode, permissionname, permissiontype, componentpath, parentpermission
<==        Row: 8bfa14fe-7acb-43e0-9fdb-aa17f96f8302, admin:all, »´≤øπ‹¿Ì»®œﬁ, menu, null, null
<==        Row: a0000000-0000-0000-0000-000000000003, Project, œÓƒøπ‹¿Ì, menu, views/projects/index.vue, null
<==        Row: a0000000-0000-0000-0000-000000000004, Data,  ˝æ›π‹¿Ì, menu, views/data/index.vue, null
<==        Row: a0000000-0000-0000-0000-000000000001, System, œµÕ≥π‹¿Ì, menu, views/system/index.vue, null
<==        Row: a0000000-0000-0000-0000-000000000005, Statistics, Õ≥º∆∑÷Œˆ, menu, views/statistics/index.vue, null
<==        Row: a0000000-0000-0000-0000-000000000006, DataAnalysis,  ˝æ›∑÷Œˆ, menu, views/data-analysis/index.vue, null
<==        Row: a0000000-0000-0000-0000-000000000007, GisMap, GISµÿÕº, menu, views/gis-map/index.vue, null
<==        Row: a0000000-0000-0000-0000-000000000008, Profile, ∏ˆ»À÷––ƒ, menu, views/profile/index.vue, null
<==        Row: a0000000-0000-0000-0000-000000000002, Device, …Ë±∏π‹¿Ì, menu, views/devices/index.vue, null
<==        Row: 1b6276e8-9cfb-4560-8e1f-0d684e9d9d29, SystemLogs, »’÷æπ‹¿Ì, menu, views/system/logs/index.vue, a0000000-0000-0000-0000-000000000001
<==        Row: 7fa2a341-221c-41e5-ac55-5e0dd55603ed, SystemOverview, œµÕ≥∏≈¿¿, menu, views/system/overview.vue, a0000000-0000-0000-0000-000000000001
<==        Row: 3863c388-7a30-41aa-8e49-a4aaf7654a25, SystemUsers, ”√ªßπ‹¿Ì, menu, views/system/users/index.vue, a0000000-0000-0000-0000-000000000001
<==        Row: 95b44be6-527b-426b-a74a-59247155cd0d, SystemRoles, Ω«…´π‹¿Ì, menu, views/system/roles/index.vue, a0000000-0000-0000-0000-000000000001
<==        Row: e9f65f25-70bc-487b-babe-7589fc471ec9, SystemPermission, »®œﬁπ‹¿Ì, menu, views/system/permission/index.vue, a0000000-0000-0000-0000-000000000001
<==        Row: a8ccfa8a-e1fe-4e34-9deb-f4f7caebaf72, EnterpriseManagement, ∆Û“µπ‹¿Ì, menu, views/system/enterprise/index.vue, a0000000-0000-0000-0000-000000000001
<==        Row: 5ff2c4c9-de8f-4710-97d8-35c3add1e47b, SystemSettings, ≈‰÷√π‹¿Ì, menu, views/system/settings/index.vue, a0000000-0000-0000-0000-000000000001
<==        Row: 4e7fda28-6dc1-45a8-9163-5b292dd50cd5, Dictionary, ◊÷µ‰π‹¿Ì, menu, views/system/dictionary/index.vue, a0000000-0000-0000-0000-000000000001
<==        Row: 1d0c83fc-40ab-4712-b186-dba5b9d567b4, DictionaryData, ◊÷µ‰ ˝æ›π‹¿Ì, menu, views/system/dictionary/data.vue, a0000000-0000-0000-0000-000000000001
<==        Row: 2ba4c4b9-a7f2-4306-82ba-703d0d8405de, SystemOperator, ≤Ÿ◊˜‘±π‹¿Ì, menu, views/system/operator/index.vue, a0000000-0000-0000-0000-000000000001
<==        Row: 1126d3e3-dd49-4422-b0e0-94a5762a2a25, DeviceRegister, …Ë±∏µ«º«, menu, views/devices/register/index.vue, a0000000-0000-0000-0000-000000000002
<==        Row: 29ccc09d-ee12-452e-a61e-b3145125dd94, DeviceAntenna, ÃÏœﬂ…Ë±∏Œ¨ª§, menu, views/devices/antenna/index.vue, a0000000-0000-0000-0000-000000000002
<==        Row: 28fa7dcd-86b8-47a2-9285-1d34b7bf046f, DeviceAnalysis, …Ë±∏∑÷Œˆ, menu, views/devices/analysis/index.vue, a0000000-0000-0000-0000-000000000002
<==        Row: e581b25f-2ece-4e03-a699-fdcda56032fc, DeviceMaintenance, …Ë±∏Œ¨ª§, menu, views/devices/maintenance/index.vue, a0000000-0000-0000-0000-000000000002
<==        Row: 1f4005b9-f074-43c6-a057-6538d3b12387, DeviceMonitor, …Ë±∏º‡øÿ, menu, views/devices/monitor/index.vue, a0000000-0000-0000-0000-000000000002
<==        Row: 9530a5b3-2d46-4d23-a7a1-87514bd48bf4, DeviceOverview, …Ë±∏∏≈¿¿, menu, views/devices/overview.vue, a0000000-0000-0000-0000-000000000002
<==        Row: 2e3a0e1f-11f7-421a-a5f4-a44bcada8b1f, ProjectReports, œÓƒø±®∏Ê, menu, views/projects/reports/index.vue, a0000000-0000-0000-0000-000000000003
<==        Row: 3fd7d924-e847-48f8-baa7-afb7490a8f9a, ProjectOverview, œÓƒø∏≈¿¿, menu, views/projects/overview.vue, a0000000-0000-0000-0000-000000000003
<==        Row: 8991596b-0b28-4a46-9cbb-066c9e0d3771, ProjectInfo, œÓƒø–≈œ¢, menu, views/projects/info/index.vue, a0000000-0000-0000-0000-000000000003
<==        Row: 1923ac78-584b-4ad5-b1b4-6df7051562e6, ProjectTasks, œÓƒø»ŒŒÒ, menu, views/projects/tasks/index.vue, a0000000-0000-0000-0000-000000000003
<==        Row: b9c89db0-7802-4241-9c9b-10940d0fb037, ProjectMethods, ◊˜“µ∑Ω∑®, menu, views/projects/methods/index.vue, a0000000-0000-0000-0000-000000000003
<==        Row: 2c9139a4-0a5e-4fff-ab73-f06d54155426, ProjectProgress, œÓƒøΩ¯∂», menu, views/projects/progress/index.vue, a0000000-0000-0000-0000-000000000003
<==        Row: c320c6b0-eea1-4d35-80a2-57d8ed750d98, ProjectLogs, œÓƒø»’÷æ, menu, views/projects/logs/index.vue, a0000000-0000-0000-0000-000000000003
<==        Row: 803dd4f5-af9a-45df-a503-e43a3e8cd720, DataTasks,  ˝æ›»ŒŒÒ, menu, views/data/tasks/index.vue, a0000000-0000-0000-0000-000000000004
<==        Row: 60e16502-1f57-496a-aa93-8c2df7adc4d0, DataOverview,  ˝æ›∏≈¿¿, menu, views/data/overview.vue, a0000000-0000-0000-0000-000000000004
<==        Row: 4036a134-c1ca-4322-b327-1491903e973e, DataQuality,  ˝æ›÷ ¡ø, menu, views/data/quality/index.vue, a0000000-0000-0000-0000-000000000004
<==        Row: da58c221-edbd-4e97-aab4-69393829ca3a, DataPreview,  ˝æ›‘§¿¿, menu, views/data/preview.vue, a0000000-0000-0000-0000-000000000004
<==        Row: 7f1b9477-78c4-44ba-b804-c4cf5b179e6d, StatisticsClassification, Õ≥º∆∑÷¿‡, menu, views/statistics/classification/index.vue, a0000000-0000-0000-0000-000000000005
<==        Row: 6166f363-019f-4b7a-888a-0276423b5770, StatisticsOverview, Õ≥º∆∏≈¿¿, menu, views/statistics/overview.vue, a0000000-0000-0000-0000-000000000005
<==        Row: cc895f41-89d5-491a-a6e9-86eabac32c60, StatisticsDisplay, Õ≥º∆’π æ, menu, views/statistics/display/index.vue, a0000000-0000-0000-0000-000000000005
<==        Row: f282d39c-4905-4eaa-b5df-d6deb01a949f, device:register:edit, edit_device, button, null, 1126d3e3-dd49-4422-b0e0-94a5762a2a25
<==        Row: ee6c10ee-1d50-4810-841a-64f79fef27e9, device:register:add, add_device, button, null, 1126d3e3-dd49-4422-b0e0-94a5762a2a25
<==        Row: fe6267c0-aedb-4262-94e3-cc9efc6cab6e, device:register:delete, delete_device, button, null, 1126d3e3-dd49-4422-b0e0-94a5762a2a25
<==      Total: 42
Closing non transactional SqlSession [org.apache.ibatis.session.defaults.DefaultSqlSession@27476221]
Creating a new SqlSession
SqlSession [org.apache.ibatis.session.defaults.DefaultSqlSession@57ada94f] was not registered for synchronization because synchronization is not active
JDBC Connection [HikariProxyConnection@1174595864 wrapping org.postgresql.jdbc.PgConnection@77d0a23d] will not be managed by Spring
==>  Preparing: SELECT role_code FROM user_roles WHERE user_uuid = CAST(? AS uuid) LIMIT 1
==> Parameters: f32dab2c-1da9-472e-944c-ff9fadf0b6b4(String)
<==    Columns: role_code
<==        Row: admin
<==      Total: 1
Closing non transactional SqlSession [org.apache.ibatis.session.defaults.DefaultSqlSession@57ada94f]
[31m2026-05-31 19:58:39.092[0;39m [33m[http-nio-9966-exec-4][0;39m [34mINFO [0;39m [32mc.g.dsp.module.login.service.impl.LoginServiceImpl[0;39m - Áî®Êà∑ test001 ÁôªÂΩïÊàêÂäü
[31m2026-05-31 19:58:39.092[0;39m [33m[http-nio-9966-exec-4][0;39m [39mDEBUG[0;39m [32mo.s.w.s.m.m.a.RequestResponseBodyMethodProcessor[0;39m - Using 'application/json', given [*/*] and supported [application/json, application/*+json]
[31m2026-05-31 19:58:39.092[0;39m [33m[http-nio-9966-exec-4][0;39m [39mDEBUG[0;39m [32mo.s.w.s.m.m.a.RequestResponseBodyMethodProcessor[0;39m - Writing [com.geo.dsp.common.result.Result@5ac8dd93]
[31m2026-05-31 19:58:39.093[0;39m [33m[http-nio-9966-exec-4][0;39m [39mDEBUG[0;39m [32morg.springframework.web.servlet.DispatcherServlet[0;39m - Completed 200 OK
[31m2026-05-31 19:58:39.176[0;39m [33m[http-nio-9966-exec-5][0;39m [39mDEBUG[0;39m [32mcom.geo.dsp.filter.JwtAuthenticationFilter[0;39m - JWT Token ËÆ§ËØÅÊàêÂäüÔºåÁî®Êà∑: test001
[31m2026-05-31 19:58:39.176[0;39m [33m[http-nio-9966-exec-5][0;39m [39mDEBUG[0;39m [32morg.springframework.web.servlet.DispatcherServlet[0;39m - GET "/geo/api/user/list?pageNum=1&pageSize=10", parameters={masked}
[31m2026-05-31 19:58:39.176[0;39m [33m[http-nio-9966-exec-5][0;39m [39mDEBUG[0;39m [32mo.s.w.s.m.m.a.RequestMappingHandlerMapping[0;39m - Mapped to com.geo.dsp.module.user.controller.UserController#list(String, Short, Integer, Integer)
Creating a new SqlSession
SqlSession [org.apache.ibatis.session.defaults.DefaultSqlSession@3502ec5] was not registered for synchronization because synchronization is not active
JDBC Connection [HikariProxyConnection@1468763309 wrapping org.postgresql.jdbc.PgConnection@77d0a23d] will not be managed by Spring
==>  Preparing: SELECT u.id, u.uuid, u.user_name, u.account, u.email, u.phone_num, ur.role_name, u.create_time, u.status FROM users u -- πÿ¡™”√ªßΩ«…´±Ì£¨≤È—Ø”√ªß∂‘”¶µƒΩ«…´√˚≥∆ LEFT JOIN user_roles ur ON u.uuid = ur.user_uuid WHERE u.is_del = false -- ÷ª≤È—ØŒ¥¬ﬂº≠…æ≥˝µƒ”√ªß ORDER BY u.create_time DESC -- ∞¥¥¥Ω® ±º‰µπ–Ú£¨◊Ó–¬”√ªß‘⁄«∞ LIMIT ? OFFSET ?
==> Parameters: 10(Integer), 0(Integer)
<==    Columns: id, uuid, user_name, account, email, phone_num, role_name, create_time, status
<==        Row: 16, f32dab2c-1da9-472e-944c-ff9fadf0b6b4, ≤‚ ‘”√ªß, test001, test@qq.com, 13800138000, π‹¿Ì‘±, 2026-05-12 12:34:15.617474+08, 1
<==        Row: 1, 4bdd4b0a-8340-4990-aeb8-63727556c4d3, aaa, aaa, aaa@qq.com, 19119119111, ”√ªß, 2026-05-12 00:10:12.289174+08, 1
<==      Total: 2
Closing non transactional SqlSession [org.apache.ibatis.session.defaults.DefaultSqlSession@3502ec5]
Creating a new SqlSession
SqlSession [org.apache.ibatis.session.defaults.DefaultSqlSession@159ad71e] was not registered for synchronization because synchronization is not active
JDBC Connection [HikariProxyConnection@390002030 wrapping org.postgresql.jdbc.PgConnection@77d0a23d] will not be managed by Spring
==>  Preparing: SELECT COUNT(*) FROM users u WHERE u.is_del = false
==> Parameters: 
<==    Columns: count
<==        Row: 2
<==      Total: 1
Closing non transactional SqlSession [org.apache.ibatis.session.defaults.DefaultSqlSession@159ad71e]
[31m2026-05-31 19:58:39.179[0;39m [33m[http-nio-9966-exec-5][0;39m [39mDEBUG[0;39m [32mo.s.w.s.m.m.a.RequestResponseBodyMethodProcessor[0;39m - Using 'application/json', given [*/*] and supported [application/json, application/*+json]
[31m2026-05-31 19:58:39.179[0;39m [33m[http-nio-9966-exec-5][0;39m [39mDEBUG[0;39m [32mo.s.w.s.m.m.a.RequestResponseBodyMethodProcessor[0;39m - Writing [com.geo.dsp.common.result.Result@23588a3]
[31m2026-05-31 19:58:39.180[0;39m [33m[http-nio-9966-exec-5][0;39m [39mDEBUG[0;39m [32morg.springframework.web.servlet.DispatcherServlet[0;39m - Completed 200 OK
[31m2026-05-31 19:58:39.232[0;39m [33m[http-nio-9966-exec-7][0;39m [39mDEBUG[0;39m [32mcom.geo.dsp.filter.JwtAuthenticationFilter[0;39m - JWT Token ËÆ§ËØÅÊàêÂäüÔºåÁî®Êà∑: test001
[31m2026-05-31 19:58:39.232[0;39m [33m[http-nio-9966-exec-7][0;39m [39mDEBUG[0;39m [32morg.springframework.web.servlet.DispatcherServlet[0;39m - GET "/geo/api/user/info", parameters={}
[31m2026-05-31 19:58:39.232[0;39m [33m[http-nio-9966-exec-7][0;39m [39mDEBUG[0;39m [32mo.s.w.s.m.m.a.RequestMappingHandlerMapping[0;39m - Mapped to com.geo.dsp.module.login.controller.LoginController#info(String)
Creating a new SqlSession
SqlSession [org.apache.ibatis.session.defaults.DefaultSqlSession@5fad92eb] was not registered for synchronization because synchronization is not active
JDBC Connection [HikariProxyConnection@677270590 wrapping org.postgresql.jdbc.PgConnection@77d0a23d] will not be managed by Spring
==>  Preparing: SELECT id, uuid, user_name, account, password, email, phone_num, user_type, status, image_id, create_by, create_time, update_by, update_time, is_del, note, sex FROM users WHERE account = ? AND is_del = false
==> Parameters: test001(String)
<==    Columns: id, uuid, user_name, account, password, email, phone_num, user_type, status, image_id, create_by, create_time, update_by, update_time, is_del, note, sex
<==        Row: 16, f32dab2c-1da9-472e-944c-ff9fadf0b6b4, ≤‚ ‘”√ªß, test001, $2a$10$j3yM2CwdNz3u7K5f/pXyGe3KIyECGMXJw9rcDue2Pwcs8JG85AY1q, test@qq.com, 13800138000, 3, 1, null, 64, 2026-05-12 12:34:15.617474+08, 1, 2026-05-31 19:34:24.661532+08, f, null, null
<==      Total: 1
Closing non transactional SqlSession [org.apache.ibatis.session.defaults.DefaultSqlSession@5fad92eb]
Creating a new SqlSession
SqlSession [org.apache.ibatis.session.defaults.DefaultSqlSession@e26e5a3] was not registered for synchronization because synchronization is not active
JDBC Connection [HikariProxyConnection@861568793 wrapping org.postgresql.jdbc.PgConnection@77d0a23d] will not be managed by Spring
==>  Preparing: SELECT p.uuid, p.permission_code AS permissionCode, p.permission_name AS permissionName, p.permission_type AS permissionType, p.component_path AS componentPath, p.parent_uuid AS parentPermission FROM permissions p INNER JOIN role_permis rp ON rp.permission_id = p.id INNER JOIN user_roles ur ON ur.role_code = (SELECT role_code FROM roles WHERE id = rp.role_id) WHERE ur.user_uuid = CAST(? AS uuid) AND p.is_del = false ORDER BY p.create_time ASC
==> Parameters: f32dab2c-1da9-472e-944c-ff9fadf0b6b4(String)
<==    Columns: uuid, permissioncode, permissionname, permissiontype, componentpath, parentpermission
<==        Row: 8bfa14fe-7acb-43e0-9fdb-aa17f96f8302, admin:all, »´≤øπ‹¿Ì»®œﬁ, menu, null, null
<==        Row: a0000000-0000-0000-0000-000000000003, Project, œÓƒøπ‹¿Ì, menu, views/projects/index.vue, null
<==        Row: a0000000-0000-0000-0000-000000000004, Data,  ˝æ›π‹¿Ì, menu, views/data/index.vue, null
<==        Row: a0000000-0000-0000-0000-000000000001, System, œµÕ≥π‹¿Ì, menu, views/system/index.vue, null
<==        Row: a0000000-0000-0000-0000-000000000005, Statistics, Õ≥º∆∑÷Œˆ, menu, views/statistics/index.vue, null
<==        Row: a0000000-0000-0000-0000-000000000006, DataAnalysis,  ˝æ›∑÷Œˆ, menu, views/data-analysis/index.vue, null
<==        Row: a0000000-0000-0000-0000-000000000007, GisMap, GISµÿÕº, menu, views/gis-map/index.vue, null
<==        Row: a0000000-0000-0000-0000-000000000008, Profile, ∏ˆ»À÷––ƒ, menu, views/profile/index.vue, null
<==        Row: a0000000-0000-0000-0000-000000000002, Device, …Ë±∏π‹¿Ì, menu, views/devices/index.vue, null
<==        Row: 1b6276e8-9cfb-4560-8e1f-0d684e9d9d29, SystemLogs, »’÷æπ‹¿Ì, menu, views/system/logs/index.vue, a0000000-0000-0000-0000-000000000001
<==        Row: 7fa2a341-221c-41e5-ac55-5e0dd55603ed, SystemOverview, œµÕ≥∏≈¿¿, menu, views/system/overview.vue, a0000000-0000-0000-0000-000000000001
<==        Row: 3863c388-7a30-41aa-8e49-a4aaf7654a25, SystemUsers, ”√ªßπ‹¿Ì, menu, views/system/users/index.vue, a0000000-0000-0000-0000-000000000001
<==        Row: 95b44be6-527b-426b-a74a-59247155cd0d, SystemRoles, Ω«…´π‹¿Ì, menu, views/system/roles/index.vue, a0000000-0000-0000-0000-000000000001
<==        Row: e9f65f25-70bc-487b-babe-7589fc471ec9, SystemPermission, »®œﬁπ‹¿Ì, menu, views/system/permission/index.vue, a0000000-0000-0000-0000-000000000001
<==        Row: a8ccfa8a-e1fe-4e34-9deb-f4f7caebaf72, EnterpriseManagement, ∆Û“µπ‹¿Ì, menu, views/system/enterprise/index.vue, a0000000-0000-0000-0000-000000000001
<==        Row: 5ff2c4c9-de8f-4710-97d8-35c3add1e47b, SystemSettings, ≈‰÷√π‹¿Ì, menu, views/system/settings/index.vue, a0000000-0000-0000-0000-000000000001
<==        Row: 4e7fda28-6dc1-45a8-9163-5b292dd50cd5, Dictionary, ◊÷µ‰π‹¿Ì, menu, views/system/dictionary/index.vue, a0000000-0000-0000-0000-000000000001
<==        Row: 1d0c83fc-40ab-4712-b186-dba5b9d567b4, DictionaryData, ◊÷µ‰ ˝æ›π‹¿Ì, menu, views/system/dictionary/data.vue, a0000000-0000-0000-0000-000000000001
<==        Row: 2ba4c4b9-a7f2-4306-82ba-703d0d8405de, SystemOperator, ≤Ÿ◊˜‘±π‹¿Ì, menu, views/system/operator/index.vue, a0000000-0000-0000-0000-000000000001
<==        Row: 1126d3e3-dd49-4422-b0e0-94a5762a2a25, DeviceRegister, …Ë±∏µ«º«, menu, views/devices/register/index.vue, a0000000-0000-0000-0000-000000000002
<==        Row: 29ccc09d-ee12-452e-a61e-b3145125dd94, DeviceAntenna, ÃÏœﬂ…Ë±∏Œ¨ª§, menu, views/devices/antenna/index.vue, a0000000-0000-0000-0000-000000000002
<==        Row: 28fa7dcd-86b8-47a2-9285-1d34b7bf046f, DeviceAnalysis, …Ë±∏∑÷Œˆ, menu, views/devices/analysis/index.vue, a0000000-0000-0000-0000-000000000002
<==        Row: e581b25f-2ece-4e03-a699-fdcda56032fc, DeviceMaintenance, …Ë±∏Œ¨ª§, menu, views/devices/maintenance/index.vue, a0000000-0000-0000-0000-000000000002
<==        Row: 1f4005b9-f074-43c6-a057-6538d3b12387, DeviceMonitor, …Ë±∏º‡øÿ, menu, views/devices/monitor/index.vue, a0000000-0000-0000-0000-000000000002
<==        Row: 9530a5b3-2d46-4d23-a7a1-87514bd48bf4, DeviceOverview, …Ë±∏∏≈¿¿, menu, views/devices/overview.vue, a0000000-0000-0000-0000-000000000002
<==        Row: 2e3a0e1f-11f7-421a-a5f4-a44bcada8b1f, ProjectReports, œÓƒø±®∏Ê, menu, views/projects/reports/index.vue, a0000000-0000-0000-0000-000000000003
<==        Row: 3fd7d924-e847-48f8-baa7-afb7490a8f9a, ProjectOverview, œÓƒø∏≈¿¿, menu, views/projects/overview.vue, a0000000-0000-0000-0000-000000000003
<==        Row: 8991596b-0b28-4a46-9cbb-066c9e0d3771, ProjectInfo, œÓƒø–≈œ¢, menu, views/projects/info/index.vue, a0000000-0000-0000-0000-000000000003
<==        Row: 1923ac78-584b-4ad5-b1b4-6df7051562e6, ProjectTasks, œÓƒø»ŒŒÒ, menu, views/projects/tasks/index.vue, a0000000-0000-0000-0000-000000000003
<==        Row: b9c89db0-7802-4241-9c9b-10940d0fb037, ProjectMethods, ◊˜“µ∑Ω∑®, menu, views/projects/methods/index.vue, a0000000-0000-0000-0000-000000000003
<==        Row: 2c9139a4-0a5e-4fff-ab73-f06d54155426, ProjectProgress, œÓƒøΩ¯∂», menu, views/projects/progress/index.vue, a0000000-0000-0000-0000-000000000003
<==        Row: c320c6b0-eea1-4d35-80a2-57d8ed750d98, ProjectLogs, œÓƒø»’÷æ, menu, views/projects/logs/index.vue, a0000000-0000-0000-0000-000000000003
<==        Row: 803dd4f5-af9a-45df-a503-e43a3e8cd720, DataTasks,  ˝æ›»ŒŒÒ, menu, views/data/tasks/index.vue, a0000000-0000-0000-0000-000000000004
<==        Row: 60e16502-1f57-496a-aa93-8c2df7adc4d0, DataOverview,  ˝æ›∏≈¿¿, menu, views/data/overview.vue, a0000000-0000-0000-0000-000000000004
<==        Row: 4036a134-c1ca-4322-b327-1491903e973e, DataQuality,  ˝æ›÷ ¡ø, menu, views/data/quality/index.vue, a0000000-0000-0000-0000-000000000004
<==        Row: da58c221-edbd-4e97-aab4-69393829ca3a, DataPreview,  ˝æ›‘§¿¿, menu, views/data/preview.vue, a0000000-0000-0000-0000-000000000004
<==        Row: 7f1b9477-78c4-44ba-b804-c4cf5b179e6d, StatisticsClassification, Õ≥º∆∑÷¿‡, menu, views/statistics/classification/index.vue, a0000000-0000-0000-0000-000000000005
<==        Row: 6166f363-019f-4b7a-888a-0276423b5770, StatisticsOverview, Õ≥º∆∏≈¿¿, menu, views/statistics/overview.vue, a0000000-0000-0000-0000-000000000005
<==        Row: cc895f41-89d5-491a-a6e9-86eabac32c60, StatisticsDisplay, Õ≥º∆’π æ, menu, views/statistics/display/index.vue, a0000000-0000-0000-0000-000000000005
<==        Row: f282d39c-4905-4eaa-b5df-d6deb01a949f, device:register:edit, edit_device, button, null, 1126d3e3-dd49-4422-b0e0-94a5762a2a25
<==        Row: ee6c10ee-1d50-4810-841a-64f79fef27e9, device:register:add, add_device, button, null, 1126d3e3-dd49-4422-b0e0-94a5762a2a25
<==        Row: fe6267c0-aedb-4262-94e3-cc9efc6cab6e, device:register:delete, delete_device, button, null, 1126d3e3-dd49-4422-b0e0-94a5762a2a25
<==      Total: 42
Closing non transactional SqlSession [org.apache.ibatis.session.defaults.DefaultSqlSession@e26e5a3]
Creating a new SqlSession
SqlSession [org.apache.ibatis.session.defaults.DefaultSqlSession@7646d3c1] was not registered for synchronization because synchronization is not active
JDBC Connection [HikariProxyConnection@377804967 wrapping org.postgresql.jdbc.PgConnection@77d0a23d] will not be managed by Spring
==>  Preparing: SELECT role_code FROM user_roles WHERE user_uuid = CAST(? AS uuid) LIMIT 1
==> Parameters: f32dab2c-1da9-472e-944c-ff9fadf0b6b4(String)
<==    Columns: role_code
<==        Row: admin
<==      Total: 1
Closing non transactional SqlSession [org.apache.ibatis.session.defaults.DefaultSqlSession@7646d3c1]
[31m2026-05-31 19:58:39.238[0;39m [33m[http-nio-9966-exec-7][0;39m [39mDEBUG[0;39m [32mo.s.w.s.m.m.a.RequestResponseBodyMethodProcessor[0;39m - Using 'application/json', given [*/*] and supported [application/json, application/*+json]
[31m2026-05-31 19:58:39.238[0;39m [33m[http-nio-9966-exec-7][0;39m [39mDEBUG[0;39m [32mo.s.w.s.m.m.a.RequestResponseBodyMethodProcessor[0;39m - Writing [com.geo.dsp.common.result.Result@58dba4a4]
[31m2026-05-31 19:58:39.238[0;39m [33m[http-nio-9966-exec-7][0;39m [39mDEBUG[0;39m [32morg.springframework.web.servlet.DispatcherServlet[0;39m - Completed 200 OK
[31m2026-05-31 19:58:39.282[0;39m [33m[http-nio-9966-exec-6][0;39m [39mDEBUG[0;39m [32mcom.geo.dsp.filter.JwtAuthenticationFilter[0;39m - JWT Token ËÆ§ËØÅÊàêÂäüÔºåÁî®Êà∑: test001
[31m2026-05-31 19:58:39.283[0;39m [33m[http-nio-9966-exec-6][0;39m [39mDEBUG[0;39m [32morg.springframework.web.servlet.DispatcherServlet[0;39m - GET "/geo/api/user/search?userName=test", parameters={masked}
[31m2026-05-31 19:58:39.283[0;39m [33m[http-nio-9966-exec-6][0;39m [39mDEBUG[0;39m [32mo.s.w.s.m.m.a.RequestMappingHandlerMapping[0;39m - Mapped to com.geo.dsp.module.user.controller.UserController#search(String, Integer, Integer)
Creating a new SqlSession
SqlSession [org.apache.ibatis.session.defaults.DefaultSqlSession@48b75139] was not registered for synchronization because synchronization is not active
JDBC Connection [HikariProxyConnection@1402387723 wrapping org.postgresql.jdbc.PgConnection@1bbebf4b] will not be managed by Spring
==>  Preparing: SELECT u.id, u.uuid, u.user_name, u.account, u.email, u.phone_num, ur.role_name, u.create_time, u.status FROM users u -- πÿ¡™”√ªßΩ«…´±Ì£¨≤È—Ø”√ªß∂‘”¶µƒΩ«…´√˚≥∆ LEFT JOIN user_roles ur ON u.uuid = ur.user_uuid WHERE u.is_del = false -- ÷ª≤È—ØŒ¥¬ﬂº≠…æ≥˝µƒ”√ªß AND u.user_name LIKE concat('%', ?, '%') ORDER BY u.create_time DESC -- ∞¥¥¥Ω® ±º‰µπ–Ú£¨◊Ó–¬”√ªß‘⁄«∞ LIMIT ? OFFSET ?
==> Parameters: test(String), 10(Integer), 0(Integer)
<==      Total: 0
Closing non transactional SqlSession [org.apache.ibatis.session.defaults.DefaultSqlSession@48b75139]
Creating a new SqlSession
SqlSession [org.apache.ibatis.session.defaults.DefaultSqlSession@7225c364] was not registered for synchronization because synchronization is not active
JDBC Connection [HikariProxyConnection@605518123 wrapping org.postgresql.jdbc.PgConnection@1bbebf4b] will not be managed by Spring
==>  Preparing: SELECT COUNT(*) FROM users u WHERE u.is_del = false AND u.user_name LIKE concat('%', ?, '%')
==> Parameters: test(String)
<==    Columns: count
<==        Row: 0
<==      Total: 1
Closing non transactional SqlSession [org.apache.ibatis.session.defaults.DefaultSqlSession@7225c364]
[31m2026-05-31 19:58:39.306[0;39m [33m[http-nio-9966-exec-6][0;39m [39mDEBUG[0;39m [32mo.s.w.s.m.m.a.RequestResponseBodyMethodProcessor[0;39m - Using 'application/json', given [*/*] and supported [application/json, application/*+json]
[31m2026-05-31 19:58:39.306[0;39m [33m[http-nio-9966-exec-6][0;39m [39mDEBUG[0;39m [32mo.s.w.s.m.m.a.RequestResponseBodyMethodProcessor[0;39m - Writing [com.geo.dsp.common.result.Result@565bca09]
[31m2026-05-31 19:58:39.307[0;39m [33m[http-nio-9966-exec-6][0;39m [39mDEBUG[0;39m [32morg.springframework.web.servlet.DispatcherServlet[0;39m - Completed 200 OK
[31m2026-05-31 19:58:39.355[0;39m [33m[http-nio-9966-exec-8][0;39m [39mDEBUG[0;39m [32mcom.geo.dsp.filter.JwtAuthenticationFilter[0;39m - JWT Token ËÆ§ËØÅÊàêÂäüÔºåÁî®Êà∑: test001
[31m2026-05-31 19:58:39.355[0;39m [33m[http-nio-9966-exec-8][0;39m [39mDEBUG[0;39m [32morg.springframework.web.servlet.DispatcherServlet[0;39m - GET "/geo/api/operator/list?pageNum=1&pageSize=10", parameters={masked}
[31m2026-05-31 19:58:39.355[0;39m [33m[http-nio-9966-exec-8][0;39m [39mDEBUG[0;39m [32mo.s.w.s.m.m.a.RequestMappingHandlerMapping[0;39m - Mapped to com.geo.dsp.module.privilege.controller.OperatorManageController#list(String, String, Integer, LocalDateTime, LocalDateTime, int, int)
Creating a new SqlSession
SqlSession [org.apache.ibatis.session.defaults.DefaultSqlSession@21170c88] was not registered for synchronization because synchronization is not active
JDBC Connection [HikariProxyConnection@1262689173 wrapping org.postgresql.jdbc.PgConnection@77d0a23d] will not be managed by Spring
==>  Preparing: SELECT * FROM operator_manage WHERE is_del = false ORDER BY create_time DESC LIMIT ? OFFSET ?
==> Parameters: 10(Integer), 0(Integer)
<==    Columns: id, uuid, company_id, user_id, operator_name, phone_num, status, start_time, stop_time, create_by, create_time, update_by, update_time, is_del, note
<==        Row: 11, 16ffad4d-0289-4898-8c7f-67de80fbcd13, 1, 0, ’≈»˝, 18918918901, 1, 2026-04-08 00:00:00+08, 2026-04-09 00:00:00+08, 1, 2026-04-09 17:40:04.502212+08, null, null, f, 
<==      Total: 1
Closing non transactional SqlSession [org.apache.ibatis.session.defaults.DefaultSqlSession@21170c88]
Creating a new SqlSession
SqlSession [org.apache.ibatis.session.defaults.DefaultSqlSession@20b314ed] was not registered for synchronization because synchronization is not active
JDBC Connection [HikariProxyConnection@1018390908 wrapping org.postgresql.jdbc.PgConnection@77d0a23d] will not be managed by Spring
==>  Preparing: SELECT COUNT(*) FROM operator_manage WHERE is_del = false
==> Parameters: 
<==    Columns: count
<==        Row: 1
<==      Total: 1
Closing non transactional SqlSession [org.apache.ibatis.session.defaults.DefaultSqlSession@20b314ed]
[31m2026-05-31 19:58:39.357[0;39m [33m[http-nio-9966-exec-8][0;39m [39mDEBUG[0;39m [32mo.s.w.s.m.m.a.RequestResponseBodyMethodProcessor[0;39m - Using 'application/json', given [*/*] and supported [application/json, application/*+json]
[31m2026-05-31 19:58:39.357[0;39m [33m[http-nio-9966-exec-8][0;39m [39mDEBUG[0;39m [32mo.s.w.s.m.m.a.RequestResponseBodyMethodProcessor[0;39m - Writing [com.geo.dsp.common.result.Result@2559512e]
[31m2026-05-31 19:58:39.358[0;39m [33m[http-nio-9966-exec-8][0;39m [39mDEBUG[0;39m [32morg.springframework.web.servlet.DispatcherServlet[0;39m - Completed 200 OK
[31m2026-05-31 19:58:39.405[0;39m [33m[http-nio-9966-exec-9][0;39m [39mDEBUG[0;39m [32mcom.geo.dsp.filter.JwtAuthenticationFilter[0;39m - JWT Token ËÆ§ËØÅÊàêÂäüÔºåÁî®Êà∑: test001
[31m2026-05-31 19:58:39.405[0;39m [33m[http-nio-9966-exec-9][0;39m [39mDEBUG[0;39m [32morg.springframework.web.servlet.DispatcherServlet[0;39m - GET "/geo/api/device/type/list", parameters={}
[31m2026-05-31 19:58:39.405[0;39m [33m[http-nio-9966-exec-9][0;39m [39mDEBUG[0;39m [32mo.s.w.s.m.m.a.RequestMappingHandlerMapping[0;39m - Mapped to com.geo.dsp.module.equipment.controller.DeviceTypeController#listAll()
Creating a new SqlSession
SqlSession [org.apache.ibatis.session.defaults.DefaultSqlSession@3b031865] was not registered for synchronization because synchronization is not active
JDBC Connection [HikariProxyConnection@1060106131 wrapping org.postgresql.jdbc.PgConnection@77d0a23d] will not be managed by Spring
==>  Preparing: SELECT * FROM device_type WHERE is_del = false ORDER BY create_time DESC
==> Parameters: 
<==    Columns: id, uuid, type_name, type_desc, create_by, create_time, update_by, update_time, is_del, note
<==        Row: 15, ba769563-41cf-405a-9856-6c9354f72eb3, Ω” ’ª˙,  ˝æ›Ω” ’…Ë±∏, 0, 2026-04-08 17:04:55.249409+08, 0, 2026-04-08 17:04:55.249409+08, f, null
<==        Row: 16, d6749347-710e-487c-8a86-ca91dedc9dd5, ∑¢…‰ª˙, –≈∫≈∑¢…‰…Ë±∏, 0, 2026-04-08 17:04:55.249409+08, 0, 2026-04-08 17:04:55.249409+08, f, null
<==        Row: 17, 0187b0e1-55f3-4aab-a8ff-6dd3657168a9, ÃÏœﬂ, –≈∫≈ ’∑¢ÃÏœﬂ, 0, 2026-04-08 17:04:55.249409+08, 0, 2026-04-08 17:04:55.249409+08, f, null
<==      Total: 3
Closing non transactional SqlSession [org.apache.ibatis.session.defaults.DefaultSqlSession@3b031865]
[31m2026-05-31 19:58:39.407[0;39m [33m[http-nio-9966-exec-9][0;39m [39mDEBUG[0;39m [32mo.s.w.s.m.m.a.RequestResponseBodyMethodProcessor[0;39m - Using 'application/json', given [*/*] and supported [application/json, application/*+json]
[31m2026-05-31 19:58:39.407[0;39m [33m[http-nio-9966-exec-9][0;39m [39mDEBUG[0;39m [32mo.s.w.s.m.m.a.RequestResponseBodyMethodProcessor[0;39m - Writing [com.geo.dsp.common.result.Result@28100edb]
[31m2026-05-31 19:58:39.408[0;39m [33m[http-nio-9966-exec-9][0;39m [39mDEBUG[0;39m [32morg.springframework.web.servlet.DispatcherServlet[0;39m - Completed 200 OK
[31m2026-05-31 19:58:39.450[0;39m [33m[http-nio-9966-exec-10][0;39m [39mDEBUG[0;39m [32mcom.geo.dsp.filter.JwtAuthenticationFilter[0;39m - JWT Token ËÆ§ËØÅÊàêÂäüÔºåÁî®Êà∑: test001
[31m2026-05-31 19:58:39.450[0;39m [33m[http-nio-9966-exec-10][0;39m [39mDEBUG[0;39m [32morg.springframework.web.servlet.DispatcherServlet[0;39m - GET "/geo/api/device/list?pageNum=1&pageSize=10", parameters={masked}
[31m2026-05-31 19:58:39.450[0;39m [33m[http-nio-9966-exec-10][0;39m [39mDEBUG[0;39m [32mo.s.w.s.m.m.a.RequestMappingHandlerMapping[0;39m - Mapped to com.geo.dsp.module.equipment.controller.DeviceController#list(String, Long, Integer, int, int)
Creating a new SqlSession
SqlSession [org.apache.ibatis.session.defaults.DefaultSqlSession@4f1c852e] was not registered for synchronization because synchronization is not active
JDBC Connection [HikariProxyConnection@118734350 wrapping org.postgresql.jdbc.PgConnection@77d0a23d] will not be managed by Spring
==>  Preparing: SELECT * FROM device WHERE is_del = false ORDER BY create_time DESC LIMIT ? OFFSET ?
==> Parameters: 10(Integer), 0(Integer)
<==    Columns: id, uuid, company_id, device_num, device_type_id, antenna_num, status, create_by, create_time, update_by, update_time, note, is_del
<==        Row: 14, 7ca52879-e937-4cbe-9920-36f149549a46, 1, 002, 15, null, 0, 1, 2026-04-11 19:45:36.501245+08, 1, 2026-04-11 19:46:04.359413+08, , f
<==      Total: 1
Closing non transactional SqlSession [org.apache.ibatis.session.defaults.DefaultSqlSession@4f1c852e]
Creating a new SqlSession
SqlSession [org.apache.ibatis.session.defaults.DefaultSqlSession@2ffde720] was not registered for synchronization because synchronization is not active
JDBC Connection [HikariProxyConnection@1591420002 wrapping org.postgresql.jdbc.PgConnection@77d0a23d] will not be managed by Spring
==>  Preparing: SELECT * FROM device_type WHERE id = ? AND is_del = false
==> Parameters: 15(Long)
<==    Columns: id, uuid, type_name, type_desc, create_by, create_time, update_by, update_time, is_del, note
<==        Row: 15, ba769563-41cf-405a-9856-6c9354f72eb3, Ω” ’ª˙,  ˝æ›Ω” ’…Ë±∏, 0, 2026-04-08 17:04:55.249409+08, 0, 2026-04-08 17:04:55.249409+08, f, null
<==      Total: 1
Closing non transactional SqlSession [org.apache.ibatis.session.defaults.DefaultSqlSession@2ffde720]
Creating a new SqlSession
SqlSession [org.apache.ibatis.session.defaults.DefaultSqlSession@75c5ef62] was not registered for synchronization because synchronization is not active
JDBC Connection [HikariProxyConnection@1874643994 wrapping org.postgresql.jdbc.PgConnection@77d0a23d] will not be managed by Spring
==>  Preparing: SELECT COUNT(*) FROM device WHERE is_del = false
==> Parameters: 
<==    Columns: count
<==        Row: 1
<==      Total: 1
Closing non transactional SqlSession [org.apache.ibatis.session.defaults.DefaultSqlSession@75c5ef62]
[31m2026-05-31 19:58:39.453[0;39m [33m[http-nio-9966-exec-10][0;39m [39mDEBUG[0;39m [32mo.s.w.s.m.m.a.RequestResponseBodyMethodProcessor[0;39m - Using 'application/json', given [*/*] and supported [application/json, application/*+json]
[31m2026-05-31 19:58:39.453[0;39m [33m[http-nio-9966-exec-10][0;39m [39mDEBUG[0;39m [32mo.s.w.s.m.m.a.RequestResponseBodyMethodProcessor[0;39m - Writing [com.geo.dsp.common.result.Result@2f38f22a]
[31m2026-05-31 19:58:39.454[0;39m [33m[http-nio-9966-exec-10][0;39m [39mDEBUG[0;39m [32morg.springframework.web.servlet.DispatcherServlet[0;39m - Completed 200 OK
[31m2026-05-31 19:58:39.496[0;39m [33m[http-nio-9966-exec-1][0;39m [39mDEBUG[0;39m [32mcom.geo.dsp.filter.JwtAuthenticationFilter[0;39m - JWT Token ËÆ§ËØÅÊàêÂäüÔºåÁî®Êà∑: test001
[31m2026-05-31 19:58:39.496[0;39m [33m[http-nio-9966-exec-1][0;39m [39mDEBUG[0;39m [32morg.springframework.web.servlet.DispatcherServlet[0;39m - GET "/geo/api/system/roles/list?pageNum=1&pageSize=10", parameters={masked}
[31m2026-05-31 19:58:39.496[0;39m [33m[http-nio-9966-exec-1][0;39m [39mDEBUG[0;39m [32mo.s.w.s.m.m.a.RequestMappingHandlerMapping[0;39m - Mapped to com.geo.dsp.module.privilege.controller.RoleController#list(String, Integer, Integer)
Creating a new SqlSession
SqlSession [org.apache.ibatis.session.defaults.DefaultSqlSession@79ea72e1] was not registered for synchronization because synchronization is not active
JDBC Connection [HikariProxyConnection@1589724610 wrapping org.postgresql.jdbc.PgConnection@77d0a23d] will not be managed by Spring
==>  Preparing: SELECT id, uuid, role_name, role_code, role_desc, status, create_time FROM roles WHERE is_del = false ORDER BY create_time DESC LIMIT ? OFFSET ?
==> Parameters: 10(Integer), 0(Integer)
<==    Columns: id, uuid, role_name, role_code, role_desc, status, create_time
<==        Row: 21, f457afff-e2b9-4131-ac8b-4319a7dd2bf0, π‹¿Ì‘±, admin, null, null, 2026-05-12 12:42:30.374565+08
<==      Total: 1
Closing non transactional SqlSession [org.apache.ibatis.session.defaults.DefaultSqlSession@79ea72e1]
Creating a new SqlSession
SqlSession [org.apache.ibatis.session.defaults.DefaultSqlSession@6cf45f9d] was not registered for synchronization because synchronization is not active
JDBC Connection [HikariProxyConnection@756555994 wrapping org.postgresql.jdbc.PgConnection@77d0a23d] will not be managed by Spring
==>  Preparing: SELECT COUNT(*) FROM roles WHERE is_del = false
==> Parameters: 
<==    Columns: count
<==        Row: 1
<==      Total: 1
Closing non transactional SqlSession [org.apache.ibatis.session.defaults.DefaultSqlSession@6cf45f9d]
[31m2026-05-31 19:58:39.499[0;39m [33m[http-nio-9966-exec-1][0;39m [39mDEBUG[0;39m [32mo.s.w.s.m.m.a.RequestResponseBodyMethodProcessor[0;39m - Using 'application/json', given [*/*] and supported [application/json, application/*+json]
[31m2026-05-31 19:58:39.499[0;39m [33m[http-nio-9966-exec-1][0;39m [39mDEBUG[0;39m [32mo.s.w.s.m.m.a.RequestResponseBodyMethodProcessor[0;39m - Writing [com.geo.dsp.common.result.Result@7cf22e2]
[31m2026-05-31 19:58:39.500[0;39m [33m[http-nio-9966-exec-1][0;39m [39mDEBUG[0;39m [32morg.springframework.web.servlet.DispatcherServlet[0;39m - Completed 200 OK
[31m2026-05-31 19:58:39.542[0;39m [33m[http-nio-9966-exec-2][0;39m [39mDEBUG[0;39m [32mcom.geo.dsp.filter.JwtAuthenticationFilter[0;39m - JWT Token ËÆ§ËØÅÊàêÂäüÔºåÁî®Êà∑: test001
[31m2026-05-31 19:58:39.542[0;39m [33m[http-nio-9966-exec-2][0;39m [39mDEBUG[0;39m [32morg.springframework.web.servlet.DispatcherServlet[0;39m - GET "/geo/api/system/roles/all", parameters={}
[31m2026-05-31 19:58:39.542[0;39m [33m[http-nio-9966-exec-2][0;39m [39mDEBUG[0;39m [32mo.s.w.s.m.m.a.RequestMappingHandlerMapping[0;39m - Mapped to com.geo.dsp.module.privilege.controller.RoleController#getAllRoles()
Creating a new SqlSession
SqlSession [org.apache.ibatis.session.defaults.DefaultSqlSession@1b48707d] was not registered for synchronization because synchronization is not active
JDBC Connection [HikariProxyConnection@772948264 wrapping org.postgresql.jdbc.PgConnection@77d0a23d] will not be managed by Spring
==>  Preparing: SELECT id, uuid, role_name, role_code, role_desc, status, create_time FROM roles WHERE is_del = false ORDER BY create_time ASC
==> Parameters: 
<==    Columns: id, uuid, role_name, role_code, role_desc, status, create_time
<==        Row: 21, f457afff-e2b9-4131-ac8b-4319a7dd2bf0, π‹¿Ì‘±, admin, null, null, 2026-05-12 12:42:30.374565+08
<==      Total: 1
Closing non transactional SqlSession [org.apache.ibatis.session.defaults.DefaultSqlSession@1b48707d]
[31m2026-05-31 19:58:39.543[0;39m [33m[http-nio-9966-exec-2][0;39m [39mDEBUG[0;39m [32mo.s.w.s.m.m.a.RequestResponseBodyMethodProcessor[0;39m - Using 'application/json', given [*/*] and supported [application/json, application/*+json]
[31m2026-05-31 19:58:39.543[0;39m [33m[http-nio-9966-exec-2][0;39m [39mDEBUG[0;39m [32mo.s.w.s.m.m.a.RequestResponseBodyMethodProcessor[0;39m - Writing [com.geo.dsp.common.result.Result@64420e59]
[31m2026-05-31 19:58:39.544[0;39m [33m[http-nio-9966-exec-2][0;39m [39mDEBUG[0;39m [32morg.springframework.web.servlet.DispatcherServlet[0;39m - Completed 200 OK
[31m2026-05-31 19:58:39.583[0;39m [33m[http-nio-9966-exec-3][0;39m [39mDEBUG[0;39m [32mcom.geo.dsp.filter.JwtAuthenticationFilter[0;39m - JWT Token ËÆ§ËØÅÊàêÂäüÔºåÁî®Êà∑: test001
[31m2026-05-31 19:58:39.583[0;39m [33m[http-nio-9966-exec-3][0;39m [39mDEBUG[0;39m [32morg.springframework.web.servlet.DispatcherServlet[0;39m - GET "/geo/api/system/permissions/list?pageNum=1&pageSize=10", parameters={masked}
[31m2026-05-31 19:58:39.583[0;39m [33m[http-nio-9966-exec-3][0;39m [39mDEBUG[0;39m [32mo.s.w.s.m.m.a.RequestMappingHandlerMapping[0;39m - Mapped to com.geo.dsp.module.privilege.controller.PermissionController#list(String, Integer, Integer)
Creating a new SqlSession
SqlSession [org.apache.ibatis.session.defaults.DefaultSqlSession@32a1d0d0] was not registered for synchronization because synchronization is not active
JDBC Connection [HikariProxyConnection@79664804 wrapping org.postgresql.jdbc.PgConnection@77d0a23d] will not be managed by Spring
==>  Preparing: SELECT id, uuid, permission_name, permission_code, permission_desc, permission_type, parent_permission, component_path, status, create_time FROM permissions WHERE is_del = false ORDER BY create_time DESC LIMIT ? OFFSET ?
==> Parameters: 10(Integer), 0(Integer)
<==    Columns: id, uuid, permission_name, permission_code, permission_desc, permission_type, parent_permission, component_path, status, create_time
<==        Row: 56, f282d39c-4905-4eaa-b5df-d6deb01a949f, edit_device, device:register:edit, Edit device registration, button, 36, null, null, 2026-05-12 23:27:38.36431+08
<==        Row: 57, fe6267c0-aedb-4262-94e3-cc9efc6cab6e, delete_device, device:register:delete, Delete device registration, button, 36, null, null, 2026-05-12 23:27:38.36431+08
<==        Row: 55, ee6c10ee-1d50-4810-841a-64f79fef27e9, add_device, device:register:add, Add device registration, button, 36, null, null, 2026-05-12 23:27:38.36431+08
<==        Row: 54, cc895f41-89d5-491a-a6e9-86eabac32c60, Õ≥º∆’π æ, StatisticsDisplay, Õ≥º∆’π æ, menu, 21, views/statistics/display/index.vue, 1, 2026-05-12 22:46:11.195531+08
<==        Row: 52, 6166f363-019f-4b7a-888a-0276423b5770, Õ≥º∆∏≈¿¿, StatisticsOverview, Õ≥º∆∏≈¿¿, menu, 21, views/statistics/overview.vue, 1, 2026-05-12 22:46:11.195531+08
<==        Row: 53, 7f1b9477-78c4-44ba-b804-c4cf5b179e6d, Õ≥º∆∑÷¿‡, StatisticsClassification, Õ≥º∆∑÷¿‡, menu, 21, views/statistics/classification/index.vue, 1, 2026-05-12 22:46:11.195531+08
<==        Row: 48, 60e16502-1f57-496a-aa93-8c2df7adc4d0,  ˝æ›∏≈¿¿, DataOverview,  ˝æ›∏≈¿¿, menu, 20, views/data/overview.vue, 1, 2026-05-12 22:46:11.193583+08
<==        Row: 50, 803dd4f5-af9a-45df-a503-e43a3e8cd720,  ˝æ›»ŒŒÒ, DataTasks,  ˝æ›»ŒŒÒ, menu, 20, views/data/tasks/index.vue, 1, 2026-05-12 22:46:11.193583+08
<==        Row: 49, 4036a134-c1ca-4322-b327-1491903e973e,  ˝æ›÷ ¡ø, DataQuality,  ˝æ›÷ ¡ø, menu, 20, views/data/quality/index.vue, 1, 2026-05-12 22:46:11.193583+08
<==        Row: 51, da58c221-edbd-4e97-aab4-69393829ca3a,  ˝æ›‘§¿¿, DataPreview,  ˝æ›‘§¿¿, menu, 20, views/data/preview.vue, 1, 2026-05-12 22:46:11.193583+08
<==      Total: 10
Closing non transactional SqlSession [org.apache.ibatis.session.defaults.DefaultSqlSession@32a1d0d0]
Creating a new SqlSession
SqlSession [org.apache.ibatis.session.defaults.DefaultSqlSession@7ea0900d] was not registered for synchronization because synchronization is not active
JDBC Connection [HikariProxyConnection@622393611 wrapping org.postgresql.jdbc.PgConnection@77d0a23d] will not be managed by Spring
==>  Preparing: SELECT COUNT(*) FROM permissions WHERE is_del = false
==> Parameters: 
<==    Columns: count
<==        Row: 42
<==      Total: 1
Closing non transactional SqlSession [org.apache.ibatis.session.defaults.DefaultSqlSession@7ea0900d]
[31m2026-05-31 19:58:39.587[0;39m [33m[http-nio-9966-exec-3][0;39m [39mDEBUG[0;39m [32mo.s.w.s.m.m.a.RequestResponseBodyMethodProcessor[0;39m - Using 'application/json', given [*/*] and supported [application/json, application/*+json]
[31m2026-05-31 19:58:39.587[0;39m [33m[http-nio-9966-exec-3][0;39m [39mDEBUG[0;39m [32mo.s.w.s.m.m.a.RequestResponseBodyMethodProcessor[0;39m - Writing [com.geo.dsp.common.result.Result@19039a28]
[31m2026-05-31 19:58:39.588[0;39m [33m[http-nio-9966-exec-3][0;39m [39mDEBUG[0;39m [32morg.springframework.web.servlet.DispatcherServlet[0;39m - Completed 200 OK
[31m2026-05-31 19:58:39.636[0;39m [33m[http-nio-9966-exec-4][0;39m [39mDEBUG[0;39m [32mcom.geo.dsp.filter.JwtAuthenticationFilter[0;39m - JWT Token ËÆ§ËØÅÊàêÂäüÔºåÁî®Êà∑: test001
[31m2026-05-31 19:58:39.636[0;39m [33m[http-nio-9966-exec-4][0;39m [39mDEBUG[0;39m [32morg.springframework.web.servlet.DispatcherServlet[0;39m - GET "/geo/api/system/permissions/all", parameters={}
[31m2026-05-31 19:58:39.636[0;39m [33m[http-nio-9966-exec-4][0;39m [39mDEBUG[0;39m [32mo.s.w.s.m.m.a.RequestMappingHandlerMapping[0;39m - Mapped to com.geo.dsp.module.privilege.controller.PermissionController#getAllPermissions()
Creating a new SqlSession
SqlSession [org.apache.ibatis.session.defaults.DefaultSqlSession@3d570392] was not registered for synchronization because synchronization is not active
JDBC Connection [HikariProxyConnection@118108838 wrapping org.postgresql.jdbc.PgConnection@77d0a23d] will not be managed by Spring
==>  Preparing: SELECT id, uuid, permission_name, permission_code, permission_desc, permission_type, parent_permission, component_path, status, create_time FROM permissions WHERE is_del = false ORDER BY create_time ASC
==> Parameters: 
<==    Columns: id, uuid, permission_name, permission_code, permission_desc, permission_type, parent_permission, component_path, status, create_time
<==        Row: 16, 8bfa14fe-7acb-43e0-9fdb-aa17f96f8302, »´≤øπ‹¿Ì»®œﬁ, admin:all, null, menu, null, null, null, 2026-05-12 12:53:58.98779+08
<==        Row: 21, a0000000-0000-0000-0000-000000000005, Õ≥º∆∑÷Œˆ, Statistics, Õ≥º∆∑÷Œˆ≤Àµ•, menu, null, views/statistics/index.vue, 1, 2026-05-12 22:44:08.782849+08
<==        Row: 22, a0000000-0000-0000-0000-000000000006,  ˝æ›∑÷Œˆ, DataAnalysis,  ˝æ›∑÷Œˆ, menu, null, views/data-analysis/index.vue, 1, 2026-05-12 22:44:08.782849+08
<==        Row: 23, a0000000-0000-0000-0000-000000000007, GISµÿÕº, GisMap, GISµÿÕº, menu, null, views/gis-map/index.vue, 1, 2026-05-12 22:44:08.782849+08
<==        Row: 24, a0000000-0000-0000-0000-000000000008, ∏ˆ»À÷––ƒ, Profile, ∏ˆ»À÷––ƒ, menu, null, views/profile/index.vue, 1, 2026-05-12 22:44:08.782849+08
<==        Row: 19, a0000000-0000-0000-0000-000000000003, œÓƒøπ‹¿Ì, Project, œÓƒøπ‹¿Ì≤Àµ•, menu, null, views/projects/index.vue, 1, 2026-05-12 22:44:08.782849+08
<==        Row: 17, a0000000-0000-0000-0000-000000000001, œµÕ≥π‹¿Ì, System, œµÕ≥π‹¿Ì≤Àµ•, menu, null, views/system/index.vue, 1, 2026-05-12 22:44:08.782849+08
<==        Row: 20, a0000000-0000-0000-0000-000000000004,  ˝æ›π‹¿Ì, Data,  ˝æ›π‹¿Ì≤Àµ•, menu, null, views/data/index.vue, 1, 2026-05-12 22:44:08.782849+08
<==        Row: 18, a0000000-0000-0000-0000-000000000002, …Ë±∏π‹¿Ì, Device, …Ë±∏π‹¿Ì≤Àµ•, menu, null, views/devices/index.vue, 1, 2026-05-12 22:44:08.782849+08
<==        Row: 33, 5ff2c4c9-de8f-4710-97d8-35c3add1e47b, ≈‰÷√π‹¿Ì, SystemSettings, ≈‰÷√π‹¿Ì, menu, 17, views/system/settings/index.vue, 1, 2026-05-12 22:46:11.179482+08
<==        Row: 34, a8ccfa8a-e1fe-4e34-9deb-f4f7caebaf72, ∆Û“µπ‹¿Ì, EnterpriseManagement, ∆Û“µπ‹¿Ì, menu, 17, views/system/enterprise/index.vue, 1, 2026-05-12 22:46:11.179482+08
<==        Row: 25, 7fa2a341-221c-41e5-ac55-5e0dd55603ed, œµÕ≥∏≈¿¿, SystemOverview, œµÕ≥∏≈¿¿, menu, 17, views/system/overview.vue, 1, 2026-05-12 22:46:11.179482+08
<==        Row: 26, 3863c388-7a30-41aa-8e49-a4aaf7654a25, ”√ªßπ‹¿Ì, SystemUsers, ”√ªßπ‹¿Ì, menu, 17, views/system/users/index.vue, 1, 2026-05-12 22:46:11.179482+08
<==        Row: 27, 95b44be6-527b-426b-a74a-59247155cd0d, Ω«…´π‹¿Ì, SystemRoles, Ω«…´π‹¿Ì, menu, 17, views/system/roles/index.vue, 1, 2026-05-12 22:46:11.179482+08
<==        Row: 28, e9f65f25-70bc-487b-babe-7589fc471ec9, »®œﬁπ‹¿Ì, SystemPermission, »®œﬁπ‹¿Ì, menu, 17, views/system/permission/index.vue, 1, 2026-05-12 22:46:11.179482+08
<==        Row: 29, 4e7fda28-6dc1-45a8-9163-5b292dd50cd5, ◊÷µ‰π‹¿Ì, Dictionary, ◊÷µ‰π‹¿Ì, menu, 17, views/system/dictionary/index.vue, 1, 2026-05-12 22:46:11.179482+08
<==        Row: 30, 1d0c83fc-40ab-4712-b186-dba5b9d567b4, ◊÷µ‰ ˝æ›π‹¿Ì, DictionaryData, ◊÷µ‰ ˝æ›π‹¿Ì, menu, 17, views/system/dictionary/data.vue, 1, 2026-05-12 22:46:11.179482+08
<==        Row: 31, 2ba4c4b9-a7f2-4306-82ba-703d0d8405de, ≤Ÿ◊˜‘±π‹¿Ì, SystemOperator, ≤Ÿ◊˜‘±π‹¿Ì, menu, 17, views/system/operator/index.vue, 1, 2026-05-12 22:46:11.179482+08
<==        Row: 32, 1b6276e8-9cfb-4560-8e1f-0d684e9d9d29, »’÷æπ‹¿Ì, SystemLogs, »’÷æπ‹¿Ì, menu, 17, views/system/logs/index.vue, 1, 2026-05-12 22:46:11.179482+08
<==        Row: 37, 1f4005b9-f074-43c6-a057-6538d3b12387, …Ë±∏º‡øÿ, DeviceMonitor, …Ë±∏º‡øÿ, menu, 18, views/devices/monitor/index.vue, 1, 2026-05-12 22:46:11.189282+08
<==        Row: 35, 9530a5b3-2d46-4d23-a7a1-87514bd48bf4, …Ë±∏∏≈¿¿, DeviceOverview, …Ë±∏∏≈¿¿, menu, 18, views/devices/overview.vue, 1, 2026-05-12 22:46:11.189282+08
<==        Row: 36, 1126d3e3-dd49-4422-b0e0-94a5762a2a25, …Ë±∏µ«º«, DeviceRegister, …Ë±∏µ«º«, menu, 18, views/devices/register/index.vue, 1, 2026-05-12 22:46:11.189282+08
<==        Row: 38, e581b25f-2ece-4e03-a699-fdcda56032fc, …Ë±∏Œ¨ª§, DeviceMaintenance, …Ë±∏Œ¨ª§, menu, 18, views/devices/maintenance/index.vue, 1, 2026-05-12 22:46:11.189282+08
<==        Row: 39, 28fa7dcd-86b8-47a2-9285-1d34b7bf046f, …Ë±∏∑÷Œˆ, DeviceAnalysis, …Ë±∏∑÷Œˆ, menu, 18, views/devices/analysis/index.vue, 1, 2026-05-12 22:46:11.189282+08
<==        Row: 40, 29ccc09d-ee12-452e-a61e-b3145125dd94, ÃÏœﬂ…Ë±∏Œ¨ª§, DeviceAntenna, ÃÏœﬂ…Ë±∏Œ¨ª§, menu, 18, views/devices/antenna/index.vue, 1, 2026-05-12 22:46:11.189282+08
<==        Row: 41, 3fd7d924-e847-48f8-baa7-afb7490a8f9a, œÓƒø∏≈¿¿, ProjectOverview, œÓƒø∏≈¿¿, menu, 19, views/projects/overview.vue, 1, 2026-05-12 22:46:11.191534+08
<==        Row: 42, 8991596b-0b28-4a46-9cbb-066c9e0d3771, œÓƒø–≈œ¢, ProjectInfo, œÓƒø–≈œ¢, menu, 19, views/projects/info/index.vue, 1, 2026-05-12 22:46:11.191534+08
<==        Row: 43, 1923ac78-584b-4ad5-b1b4-6df7051562e6, œÓƒø»ŒŒÒ, ProjectTasks, œÓƒø»ŒŒÒ, menu, 19, views/projects/tasks/index.vue, 1, 2026-05-12 22:46:11.191534+08
<==        Row: 44, b9c89db0-7802-4241-9c9b-10940d0fb037, ◊˜“µ∑Ω∑®, ProjectMethods, ◊˜“µ∑Ω∑®, menu, 19, views/projects/methods/index.vue, 1, 2026-05-12 22:46:11.191534+08
<==        Row: 45, 2c9139a4-0a5e-4fff-ab73-f06d54155426, œÓƒøΩ¯∂», ProjectProgress, œÓƒøΩ¯∂», menu, 19, views/projects/progress/index.vue, 1, 2026-05-12 22:46:11.191534+08
<==        Row: 46, c320c6b0-eea1-4d35-80a2-57d8ed750d98, œÓƒø»’÷æ, ProjectLogs, œÓƒø»’÷æ, menu, 19, views/projects/logs/index.vue, 1, 2026-05-12 22:46:11.191534+08
<==        Row: 47, 2e3a0e1f-11f7-421a-a5f4-a44bcada8b1f, œÓƒø±®∏Ê, ProjectReports, œÓƒø±®∏Ê, menu, 19, views/projects/reports/index.vue, 1, 2026-05-12 22:46:11.191534+08
<==        Row: 48, 60e16502-1f57-496a-aa93-8c2df7adc4d0,  ˝æ›∏≈¿¿, DataOverview,  ˝æ›∏≈¿¿, menu, 20, views/data/overview.vue, 1, 2026-05-12 22:46:11.193583+08
<==        Row: 49, 4036a134-c1ca-4322-b327-1491903e973e,  ˝æ›÷ ¡ø, DataQuality,  ˝æ›÷ ¡ø, menu, 20, views/data/quality/index.vue, 1, 2026-05-12 22:46:11.193583+08
<==        Row: 50, 803dd4f5-af9a-45df-a503-e43a3e8cd720,  ˝æ›»ŒŒÒ, DataTasks,  ˝æ›»ŒŒÒ, menu, 20, views/data/tasks/index.vue, 1, 2026-05-12 22:46:11.193583+08
<==        Row: 51, da58c221-edbd-4e97-aab4-69393829ca3a,  ˝æ›‘§¿¿, DataPreview,  ˝æ›‘§¿¿, menu, 20, views/data/preview.vue, 1, 2026-05-12 22:46:11.193583+08
<==        Row: 52, 6166f363-019f-4b7a-888a-0276423b5770, Õ≥º∆∏≈¿¿, StatisticsOverview, Õ≥º∆∏≈¿¿, menu, 21, views/statistics/overview.vue, 1, 2026-05-12 22:46:11.195531+08
<==        Row: 53, 7f1b9477-78c4-44ba-b804-c4cf5b179e6d, Õ≥º∆∑÷¿‡, StatisticsClassification, Õ≥º∆∑÷¿‡, menu, 21, views/statistics/classification/index.vue, 1, 2026-05-12 22:46:11.195531+08
<==        Row: 54, cc895f41-89d5-491a-a6e9-86eabac32c60, Õ≥º∆’π æ, StatisticsDisplay, Õ≥º∆’π æ, menu, 21, views/statistics/display/index.vue, 1, 2026-05-12 22:46:11.195531+08
<==        Row: 55, ee6c10ee-1d50-4810-841a-64f79fef27e9, add_device, device:register:add, Add device registration, button, 36, null, null, 2026-05-12 23:27:38.36431+08
<==        Row: 56, f282d39c-4905-4eaa-b5df-d6deb01a949f, edit_device, device:register:edit, Edit device registration, button, 36, null, null, 2026-05-12 23:27:38.36431+08
<==        Row: 57, fe6267c0-aedb-4262-94e3-cc9efc6cab6e, delete_device, device:register:delete, Delete device registration, button, 36, null, null, 2026-05-12 23:27:38.36431+08
<==      Total: 42
Closing non transactional SqlSession [org.apache.ibatis.session.defaults.DefaultSqlSession@3d570392]
[31m2026-05-31 19:58:39.640[0;39m [33m[http-nio-9966-exec-4][0;39m [39mDEBUG[0;39m [32mo.s.w.s.m.m.a.RequestResponseBodyMethodProcessor[0;39m - Using 'application/json', given [*/*] and supported [application/json, application/*+json]
[31m2026-05-31 19:58:39.641[0;39m [33m[http-nio-9966-exec-4][0;39m [39mDEBUG[0;39m [32mo.s.w.s.m.m.a.RequestResponseBodyMethodProcessor[0;39m - Writing [com.geo.dsp.common.result.Result@2be4033c]
[31m2026-05-31 19:58:39.642[0;39m [33m[http-nio-9966-exec-4][0;39m [39mDEBUG[0;39m [32morg.springframework.web.servlet.DispatcherServlet[0;39m - Completed 200 OK
[31m2026-05-31 19:58:39.684[0;39m [33m[http-nio-9966-exec-5][0;39m [39mDEBUG[0;39m [32mcom.geo.dsp.filter.JwtAuthenticationFilter[0;39m - JWT Token ËÆ§ËØÅÊàêÂäüÔºåÁî®Êà∑: test001
[31m2026-05-31 19:58:39.684[0;39m [33m[http-nio-9966-exec-5][0;39m [39mDEBUG[0;39m [32morg.springframework.web.servlet.DispatcherServlet[0;39m - GET "/geo/api/system/dict/type/list", parameters={}
[31m2026-05-31 19:58:39.684[0;39m [33m[http-nio-9966-exec-5][0;39m [39mDEBUG[0;39m [32mo.s.w.s.m.m.a.RequestMappingHandlerMapping[0;39m - Mapped to com.geo.dsp.module.data.controller.DictController#typeList()
Creating a new SqlSession
SqlSession [org.apache.ibatis.session.defaults.DefaultSqlSession@62d7d904] was not registered for synchronization because synchronization is not active
JDBC Connection [HikariProxyConnection@1284060525 wrapping org.postgresql.jdbc.PgConnection@77d0a23d] will not be managed by Spring
==>  Preparing: SELECT * FROM dict WHERE is_del = false AND dict_name IS NOT NULL AND dict_name != '' ORDER BY create_time DESC
==> Parameters: 
<==      Total: 0
Closing non transactional SqlSession [org.apache.ibatis.session.defaults.DefaultSqlSession@62d7d904]
[31m2026-05-31 19:58:39.685[0;39m [33m[http-nio-9966-exec-5][0;39m [39mDEBUG[0;39m [32mo.s.w.s.m.m.a.RequestResponseBodyMethodProcessor[0;39m - Using 'application/json', given [*/*] and supported [application/json, application/*+json]
[31m2026-05-31 19:58:39.685[0;39m [33m[http-nio-9966-exec-5][0;39m [39mDEBUG[0;39m [32mo.s.w.s.m.m.a.RequestResponseBodyMethodProcessor[0;39m - Writing [com.geo.dsp.common.result.Result@29567b5d]
[31m2026-05-31 19:58:39.686[0;39m [33m[http-nio-9966-exec-5][0;39m [39mDEBUG[0;39m [32morg.springframework.web.servlet.DispatcherServlet[0;39m - Completed 200 OK
[31m2026-05-31 19:58:39.726[0;39m [33m[http-nio-9966-exec-7][0;39m [39mDEBUG[0;39m [32mcom.geo.dsp.filter.JwtAuthenticationFilter[0;39m - JWT Token ËÆ§ËØÅÊàêÂäüÔºåÁî®Êà∑: test001
[31m2026-05-31 19:58:39.726[0;39m [33m[http-nio-9966-exec-7][0;39m [39mDEBUG[0;39m [32morg.springframework.web.servlet.DispatcherServlet[0;39m - GET "/geo/api/system/dict/data/list?dictCode=test", parameters={masked}
[31m2026-05-31 19:58:39.726[0;39m [33m[http-nio-9966-exec-7][0;39m [39mDEBUG[0;39m [32mo.s.w.s.m.m.a.RequestMappingHandlerMapping[0;39m - Mapped to com.geo.dsp.module.data.controller.DictController#dataList(String)
Creating a new SqlSession
SqlSession [org.apache.ibatis.session.defaults.DefaultSqlSession@1f5b8cb3] was not registered for synchronization because synchronization is not active
JDBC Connection [HikariProxyConnection@1598266434 wrapping org.postgresql.jdbc.PgConnection@77d0a23d] will not be managed by Spring
==>  Preparing: SELECT * FROM dict WHERE is_del = false AND dict_code = ? AND dict_key IS NOT NULL ORDER BY dict_key ASC
==> Parameters: test(String)
<==      Total: 0
Closing non transactional SqlSession [org.apache.ibatis.session.defaults.DefaultSqlSession@1f5b8cb3]
[31m2026-05-31 19:58:39.728[0;39m [33m[http-nio-9966-exec-7][0;39m [39mDEBUG[0;39m [32mo.s.w.s.m.m.a.RequestResponseBodyMethodProcessor[0;39m - Using 'application/json', given [*/*] and supported [application/json, application/*+json]
[31m2026-05-31 19:58:39.728[0;39m [33m[http-nio-9966-exec-7][0;39m [39mDEBUG[0;39m [32mo.s.w.s.m.m.a.RequestResponseBodyMethodProcessor[0;39m - Writing [com.geo.dsp.common.result.Result@6fb236ed]
[31m2026-05-31 19:58:39.729[0;39m [33m[http-nio-9966-exec-7][0;39m [39mDEBUG[0;39m [32morg.springframework.web.servlet.DispatcherServlet[0;39m - Completed 200 OK
[31m2026-05-31 19:58:39.771[0;39m [33m[http-nio-9966-exec-6][0;39m [39mDEBUG[0;39m [32mcom.geo.dsp.filter.JwtAuthenticationFilter[0;39m - JWT Token ËÆ§ËØÅÊàêÂäüÔºåÁî®Êà∑: test001
[31m2026-05-31 19:58:39.772[0;39m [33m[http-nio-9966-exec-6][0;39m [39mDEBUG[0;39m [32morg.springframework.web.servlet.DispatcherServlet[0;39m - GET "/geo/api/system/companies/list?pageNum=1&pageSize=10", parameters={masked}
[31m2026-05-31 19:58:39.772[0;39m [33m[http-nio-9966-exec-6][0;39m [39mDEBUG[0;39m [32mo.s.w.s.m.m.a.RequestMappingHandlerMapping[0;39m - Mapped to com.geo.dsp.module.user.controller.CompanyController#list(String, Integer, Integer)
Creating a new SqlSession
SqlSession [org.apache.ibatis.session.defaults.DefaultSqlSession@30434b2c] was not registered for synchronization because synchronization is not active
JDBC Connection [HikariProxyConnection@1814134947 wrapping org.postgresql.jdbc.PgConnection@1bbebf4b] will not be managed by Spring
==>  Preparing: SELECT id, uuid, company_name, company_abbr, contact_name, contact_phone, license_num, status, create_time FROM companies WHERE is_del = false ORDER BY create_time DESC LIMIT ? OFFSET ?
==> Parameters: 10(Integer), 0(Integer)
<==    Columns: id, uuid, company_name, company_abbr, contact_name, contact_phone, license_num, status, create_time
<==        Row: 21, e9990f27-760c-45f5-b160-b4e9d54b1b5c, Default, DEF, System, 13800138000, DEFAULT-001, 1, 2026-05-12 22:45:30.97436+08
<==      Total: 1
Closing non transactional SqlSession [org.apache.ibatis.session.defaults.DefaultSqlSession@30434b2c]
Creating a new SqlSession
SqlSession [org.apache.ibatis.session.defaults.DefaultSqlSession@73e0622d] was not registered for synchronization because synchronization is not active
JDBC Connection [HikariProxyConnection@2078537178 wrapping org.postgresql.jdbc.PgConnection@1bbebf4b] will not be managed by Spring
==>  Preparing: SELECT COUNT(*) FROM companies WHERE is_del = false
==> Parameters: 
<==    Columns: count
<==        Row: 1
<==      Total: 1
Closing non transactional SqlSession [org.apache.ibatis.session.defaults.DefaultSqlSession@73e0622d]
[31m2026-05-31 19:58:39.776[0;39m [33m[http-nio-9966-exec-6][0;39m [39mDEBUG[0;39m [32mo.s.w.s.m.m.a.RequestResponseBodyMethodProcessor[0;39m - Using 'application/json', given [*/*] and supported [application/json, application/*+json]
[31m2026-05-31 19:58:39.776[0;39m [33m[http-nio-9966-exec-6][0;39m [39mDEBUG[0;39m [32mo.s.w.s.m.m.a.RequestResponseBodyMethodProcessor[0;39m - Writing [com.geo.dsp.common.result.Result@5153dba1]
[31m2026-05-31 19:58:39.777[0;39m [33m[http-nio-9966-exec-6][0;39m [39mDEBUG[0;39m [32morg.springframework.web.servlet.DispatcherServlet[0;39m - Completed 200 OK
[31m2026-05-31 19:58:39.817[0;39m [33m[http-nio-9966-exec-8][0;39m [39mDEBUG[0;39m [32mcom.geo.dsp.filter.JwtAuthenticationFilter[0;39m - JWT Token ËÆ§ËØÅÊàêÂäüÔºåÁî®Êà∑: test001
[31m2026-05-31 19:58:39.817[0;39m [33m[http-nio-9966-exec-8][0;39m [39mDEBUG[0;39m [32morg.springframework.web.servlet.DispatcherServlet[0;39m - GET "/geo/api/project/listByCompanyUuid?companyUuid=test", parameters={masked}
[31m2026-05-31 19:58:39.817[0;39m [33m[http-nio-9966-exec-8][0;39m [39mDEBUG[0;39m [32mo.s.w.s.m.m.a.RequestMappingHandlerMapping[0;39m - Mapped to com.geo.dsp.module.data.controller.ProjectController#getByUuid(String)
Creating a new SqlSession
SqlSession [org.apache.ibatis.session.defaults.DefaultSqlSession@769569a3] was not registered for synchronization because synchronization is not active
JDBC Connection [HikariProxyConnection@1320755168 wrapping org.postgresql.jdbc.PgConnection@77d0a23d] will not be managed by Spring
==>  Preparing: SELECT * FROM project WHERE uuid = ? AND is_del = false
==> Parameters: listByCompanyUuid(String)
Closing non transactional SqlSession [org.apache.ibatis.session.defaults.DefaultSqlSession@769569a3]
[31m2026-05-31 19:58:39.818[0;39m [33m[http-nio-9966-exec-8][0;39m [39mDEBUG[0;39m [32mo.s.w.s.m.m.a.ExceptionHandlerExceptionResolver[0;39m - Using @ExceptionHandler com.geo.dsp.common.exception.GlobalExceptionHandler#handleRuntimeException(RuntimeException)
[31m2026-05-31 19:58:39.818[0;39m [33m[http-nio-9966-exec-8][0;39m [1;31mERROR[0;39m [32mc.geo.dsp.common.exception.GlobalExceptionHandler[0;39m - ‰∏öÂä°ÂºÇÂ∏∏: 
### Error querying database.  Cause: org.postgresql.util.PSQLException: ERROR: operator does not exist: uuid = character varying
  Âª∫ËÆÆÔºöNo operator matches the given name and argument types. You might need to add explicit type casts.
  ‰ΩçÁΩÆÔºö34
### The error may exist in class path resource [mapper/ProjectMapper.xml]
### The error may involve defaultParameterMap
### The error occurred while setting parameters
### SQL: SELECT * FROM project WHERE uuid = ? AND is_del = false
### Cause: org.postgresql.util.PSQLException: ERROR: operator does not exist: uuid = character varying
  Âª∫ËÆÆÔºöNo operator matches the given name and argument types. You might need to add explicit type casts.
  ‰ΩçÁΩÆÔºö34
; bad SQL grammar []
[31m2026-05-31 19:58:39.819[0;39m [33m[http-nio-9966-exec-8][0;39m [39mDEBUG[0;39m [32mo.s.w.s.m.m.a.RequestResponseBodyMethodProcessor[0;39m - Using 'application/json', given [*/*] and supported [application/json, application/*+json]
[31m2026-05-31 19:58:39.819[0;39m [33m[http-nio-9966-exec-8][0;39m [39mDEBUG[0;39m [32mo.s.w.s.m.m.a.RequestResponseBodyMethodProcessor[0;39m - Writing [com.geo.dsp.common.result.Result@69e677c2]
[31m2026-05-31 19:58:39.819[0;39m [33m[http-nio-9966-exec-8][0;39m [39mDEBUG[0;39m [32mo.s.w.s.m.m.a.ExceptionHandlerExceptionResolver[0;39m - Resolved [org.springframework.jdbc.BadSqlGrammarException: <EOL><EOL>### Error querying database.  Cause: org.postgresql.util.PSQLException: ERROR: operator does not exist: uuid = character varying<EOL>  Âª∫ËÆÆÔºöNo operator matches the given name and argument types. You might need to add explicit type casts.<EOL>  ‰ΩçÁΩÆÔºö34<EOL><EOL>### The error may exist in class path resource [mapper/ProjectMapper.xml]<EOL><EOL>### The error may involve defaultParameterMap<EOL><EOL>### The error occurred while setting parameters<EOL><EOL>### SQL: SELECT * FROM project WHERE uuid = ? AND is_del = false<EOL><EOL>### Cause: org.postgresql.util.PSQLException: ERROR: operator does not exist: uuid = character varying<EOL>  Âª∫ËÆÆÔºöNo operator matches the given name and argument types. You might need to add explicit type casts.<EOL>  ‰ΩçÁΩÆÔºö34<EOL>; bad SQL grammar []]
[31m2026-05-31 19:58:39.819[0;39m [33m[http-nio-9966-exec-8][0;39m [39mDEBUG[0;39m [32morg.springframework.web.servlet.DispatcherServlet[0;39m - Completed 200 OK
[31m2026-05-31 19:58:39.871[0;39m [33m[http-nio-9966-exec-9][0;39m [39mDEBUG[0;39m [32mcom.geo.dsp.filter.JwtAuthenticationFilter[0;39m - JWT Token ËÆ§ËØÅÊàêÂäüÔºåÁî®Êà∑: test001
[31m2026-05-31 19:58:39.871[0;39m [33m[http-nio-9966-exec-9][0;39m [39mDEBUG[0;39m [32morg.springframework.web.servlet.DispatcherServlet[0;39m - GET "/geo/api/task/listByProjectUuid?projectUuid=test", parameters={masked}
[31m2026-05-31 19:58:39.871[0;39m [33m[http-nio-9966-exec-9][0;39m [39mDEBUG[0;39m [32mo.s.web.servlet.handler.SimpleUrlHandlerMapping[0;39m - Mapped to ResourceHttpRequestHandler [classpath [META-INF/resources/], classpath [resources/], classpath [static/], classpath [public/], ServletContext [/]]
[31m2026-05-31 19:58:39.873[0;39m [33m[http-nio-9966-exec-9][0;39m [39mDEBUG[0;39m [32mo.s.w.servlet.resource.ResourceHttpRequestHandler[0;39m - Resource not found
[31m2026-05-31 19:58:39.873[0;39m [33m[http-nio-9966-exec-9][0;39m [39mDEBUG[0;39m [32mo.s.w.s.m.m.a.ExceptionHandlerExceptionResolver[0;39m - Using @ExceptionHandler com.geo.dsp.common.exception.GlobalExceptionHandler#handleException(Exception)
[31m2026-05-31 19:58:39.873[0;39m [33m[http-nio-9966-exec-9][0;39m [1;31mERROR[0;39m [32mc.geo.dsp.common.exception.GlobalExceptionHandler[0;39m - Á≥ªÁªüÂºÇÂ∏∏: No static resource api/task/listByProjectUuid.
org.springframework.web.servlet.resource.NoResourceFoundException: No static resource api/task/listByProjectUuid.
	at org.springframework.web.servlet.resource.ResourceHttpRequestHandler.handleRequest(ResourceHttpRequestHandler.java:585)
	at org.springframework.web.servlet.mvc.HttpRequestHandlerAdapter.handle(HttpRequestHandlerAdapter.java:52)
	at org.springframework.web.servlet.DispatcherServlet.doDispatch(DispatcherServlet.java:1088)
	at org.springframework.web.servlet.DispatcherServlet.doService(DispatcherServlet.java:978)
	at org.springframework.web.servlet.FrameworkServlet.processRequest(FrameworkServlet.java:1014)
	at org.springframework.web.servlet.FrameworkServlet.doGet(FrameworkServlet.java:903)
	at jakarta.servlet.http.HttpServlet.service(HttpServlet.java:564)
	at org.springframework.web.servlet.FrameworkServlet.service(FrameworkServlet.java:885)
	at jakarta.servlet.http.HttpServlet.service(HttpServlet.java:658)
	at org.apache.catalina.core.ApplicationFilterChain.internalDoFilter(ApplicationFilterChain.java:195)
	at org.apache.catalina.core.ApplicationFilterChain.doFilter(ApplicationFilterChain.java:140)
	at org.apache.tomcat.websocket.server.WsFilter.doFilter(WsFilter.java:51)
	at org.apache.catalina.core.ApplicationFilterChain.internalDoFilter(ApplicationFilterChain.java:164)
	at org.apache.catalina.core.ApplicationFilterChain.doFilter(ApplicationFilterChain.java:140)
	at com.geo.dsp.filter.JwtAuthenticationFilter.doFilterInternal(JwtAuthenticationFilter.java:53)
	at org.springframework.web.filter.OncePerRequestFilter.doFilter(OncePerRequestFilter.java:116)
	at org.apache.catalina.core.ApplicationFilterChain.internalDoFilter(ApplicationFilterChain.java:164)
	at org.apache.catalina.core.ApplicationFilterChain.doFilter(ApplicationFilterChain.java:140)
	at org.springframework.web.filter.CompositeFilter$VirtualFilterChain.doFilter(CompositeFilter.java:108)
	at org.springframework.security.web.FilterChainProxy.lambda$doFilterInternal$3(FilterChainProxy.java:231)
	at org.springframework.security.web.FilterChainProxy$VirtualFilterChain.doFilter(FilterChainProxy.java:365)
	at org.springframework.security.web.access.intercept.AuthorizationFilter.doFilter(AuthorizationFilter.java:101)
	at org.springframework.security.web.FilterChainProxy$VirtualFilterChain.doFilter(FilterChainProxy.java:374)
	at org.springframework.security.web.access.ExceptionTranslationFilter.doFilter(ExceptionTranslationFilter.java:126)
	at org.springframework.security.web.access.ExceptionTranslationFilter.doFilter(ExceptionTranslationFilter.java:120)
	at org.springframework.security.web.FilterChainProxy$VirtualFilterChain.doFilter(FilterChainProxy.java:374)
	at org.springframework.security.web.authentication.AnonymousAuthenticationFilter.doFilter(AnonymousAuthenticationFilter.java:100)
	at org.springframework.security.web.FilterChainProxy$VirtualFilterChain.doFilter(FilterChainProxy.java:374)
	at org.springframework.security.web.servletapi.SecurityContextHolderAwareRequestFilter.doFilter(SecurityContextHolderAwareRequestFilter.java:179)
	at org.springframework.security.web.FilterChainProxy$VirtualFilterChain.doFilter(FilterChainProxy.java:374)
	at org.springframework.security.web.savedrequest.RequestCacheAwareFilter.doFilter(RequestCacheAwareFilter.java:63)
	at org.springframework.security.web.FilterChainProxy$VirtualFilterChain.doFilter(FilterChainProxy.java:374)
	at org.springframework.security.web.authentication.logout.LogoutFilter.doFilter(LogoutFilter.java:107)
	at org.springframework.security.web.authentication.logout.LogoutFilter.doFilter(LogoutFilter.java:93)
	at org.springframework.security.web.FilterChainProxy$VirtualFilterChain.doFilter(FilterChainProxy.java:374)
	at org.springframework.web.filter.CorsFilter.doFilterInternal(CorsFilter.java:91)
	at org.springframework.web.filter.OncePerRequestFilter.doFilter(OncePerRequestFilter.java:116)
	at org.springframework.security.web.FilterChainProxy$VirtualFilterChain.doFilter(FilterChainProxy.java:374)
	at org.springframework.security.web.header.HeaderWriterFilter.doHeadersAfter(HeaderWriterFilter.java:90)
	at org.springframework.security.web.header.HeaderWriterFilter.doFilterInternal(HeaderWriterFilter.java:75)
	at org.springframework.web.filter.OncePerRequestFilter.doFilter(OncePerRequestFilter.java:116)
	at org.springframework.security.web.FilterChainProxy$VirtualFilterChain.doFilter(FilterChainProxy.java:374)
	at org.springframework.security.web.context.SecurityContextHolderFilter.doFilter(SecurityContextHolderFilter.java:82)
	at org.springframework.security.web.context.SecurityContextHolderFilter.doFilter(SecurityContextHolderFilter.java:69)
	at org.springframework.security.web.FilterChainProxy$VirtualFilterChain.doFilter(FilterChainProxy.java:374)
	at org.springframework.security.web.context.request.async.WebAsyncManagerIntegrationFilter.doFilterInternal(WebAsyncManagerIntegrationFilter.java:62)
	at org.springframework.web.filter.OncePerRequestFilter.doFilter(OncePerRequestFilter.java:116)
	at org.springframework.security.web.FilterChainProxy$VirtualFilterChain.doFilter(FilterChainProxy.java:374)
	at org.springframework.security.web.session.DisableEncodeUrlFilter.doFilterInternal(DisableEncodeUrlFilter.java:42)
	at org.springframework.web.filter.OncePerRequestFilter.doFilter(OncePerRequestFilter.java:116)
	at org.springframework.security.web.FilterChainProxy$VirtualFilterChain.doFilter(FilterChainProxy.java:374)
	at org.springframework.security.web.FilterChainProxy.doFilterInternal(FilterChainProxy.java:233)
	at org.springframework.security.web.FilterChainProxy.doFilter(FilterChainProxy.java:191)
	at org.springframework.web.filter.CompositeFilter$VirtualFilterChain.doFilter(CompositeFilter.java:113)
	at org.springframework.web.servlet.handler.HandlerMappingIntrospector.lambda$createCacheFilter$3(HandlerMappingIntrospector.java:243)
	at org.springframework.web.filter.CompositeFilter$VirtualFilterChain.doFilter(CompositeFilter.java:113)
	at org.springframework.web.filter.CompositeFilter.doFilter(CompositeFilter.java:74)
	at org.springframework.security.config.annotation.web.configuration.WebMvcSecurityConfiguration$CompositeFilterChainProxy.doFilter(WebMvcSecurityConfiguration.java:238)
	at org.springframework.web.filter.DelegatingFilterProxy.invokeDelegate(DelegatingFilterProxy.java:362)
	at org.springframework.web.filter.DelegatingFilterProxy.doFilter(DelegatingFilterProxy.java:278)
	at org.apache.catalina.core.ApplicationFilterChain.internalDoFilter(ApplicationFilterChain.java:164)
	at org.apache.catalina.core.ApplicationFilterChain.doFilter(ApplicationFilterChain.java:140)
	at org.springframework.web.filter.RequestContextFilter.doFilterInternal(RequestContextFilter.java:100)
	at org.springframework.web.filter.OncePerRequestFilter.doFilter(OncePerRequestFilter.java:116)
	at org.apache.catalina.core.ApplicationFilterChain.internalDoFilter(ApplicationFilterChain.java:164)
	at org.apache.catalina.core.ApplicationFilterChain.doFilter(ApplicationFilterChain.java:140)
	at org.springframework.web.filter.FormContentFilter.doFilterInternal(FormContentFilter.java:93)
	at org.springframework.web.filter.OncePerRequestFilter.doFilter(OncePerRequestFilter.java:116)
	at org.apache.catalina.core.ApplicationFilterChain.internalDoFilter(ApplicationFilterChain.java:164)
	at org.apache.catalina.core.ApplicationFilterChain.doFilter(ApplicationFilterChain.java:140)
	at org.springframework.web.filter.CharacterEncodingFilter.doFilterInternal(CharacterEncodingFilter.java:201)
	at org.springframework.web.filter.OncePerRequestFilter.doFilter(OncePerRequestFilter.java:116)
	at org.apache.catalina.core.ApplicationFilterChain.internalDoFilter(ApplicationFilterChain.java:164)
	at org.apache.catalina.core.ApplicationFilterChain.doFilter(ApplicationFilterChain.java:140)
	at org.apache.catalina.core.StandardWrapperValve.invoke(StandardWrapperValve.java:167)
	at org.apache.catalina.core.StandardContextValve.invoke(StandardContextValve.java:90)
	at org.apache.catalina.authenticator.AuthenticatorBase.invoke(AuthenticatorBase.java:483)
	at org.apache.catalina.core.StandardHostValve.invoke(StandardHostValve.java:115)
	at org.apache.catalina.valves.ErrorReportValve.invoke(ErrorReportValve.java:93)
	at org.apache.catalina.core.StandardEngineValve.invoke(StandardEngineValve.java:74)
	at org.apache.catalina.connector.CoyoteAdapter.service(CoyoteAdapter.java:344)
	at org.apache.coyote.http11.Http11Processor.service(Http11Processor.java:397)
	at org.apache.coyote.AbstractProcessorLight.process(AbstractProcessorLight.java:63)
	at org.apache.coyote.AbstractProtocol$ConnectionHandler.process(AbstractProtocol.java:905)
	at org.apache.tomcat.util.net.NioEndpoint$SocketProcessor.doRun(NioEndpoint.java:1741)
	at org.apache.tomcat.util.net.SocketProcessorBase.run(SocketProcessorBase.java:52)
	at org.apache.tomcat.util.threads.ThreadPoolExecutor.runWorker(ThreadPoolExecutor.java:1190)
	at org.apache.tomcat.util.threads.ThreadPoolExecutor$Worker.run(ThreadPoolExecutor.java:659)
	at org.apache.tomcat.util.threads.TaskThread$WrappingRunnable.run(TaskThread.java:63)
	at java.base/java.lang.Thread.run(Thread.java:842)
[31m2026-05-31 19:58:39.874[0;39m [33m[http-nio-9966-exec-9][0;39m [39mDEBUG[0;39m [32mo.s.w.s.m.m.a.RequestResponseBodyMethodProcessor[0;39m - Using 'application/json', given [*/*] and supported [application/json, application/*+json]
[31m2026-05-31 19:58:39.874[0;39m [33m[http-nio-9966-exec-9][0;39m [39mDEBUG[0;39m [32mo.s.w.s.m.m.a.RequestResponseBodyMethodProcessor[0;39m - Writing [com.geo.dsp.common.result.Result@2fdce3c8]
[31m2026-05-31 19:58:39.874[0;39m [33m[http-nio-9966-exec-9][0;39m [39mDEBUG[0;39m [32mo.s.w.s.m.m.a.ExceptionHandlerExceptionResolver[0;39m - Resolved [org.springframework.web.servlet.resource.NoResourceFoundException: No static resource api/task/listByProjectUuid.]
[31m2026-05-31 19:58:39.874[0;39m [33m[http-nio-9966-exec-9][0;39m [39mDEBUG[0;39m [32morg.springframework.web.servlet.DispatcherServlet[0;39m - Completed 200 OK
[31m2026-05-31 19:58:39.918[0;39m [33m[http-nio-9966-exec-10][0;39m [39mDEBUG[0;39m [32mcom.geo.dsp.filter.JwtAuthenticationFilter[0;39m - JWT Token ËÆ§ËØÅÊàêÂäüÔºåÁî®Êà∑: test001
[31m2026-05-31 19:58:39.918[0;39m [33m[http-nio-9966-exec-10][0;39m [39mDEBUG[0;39m [32morg.springframework.web.servlet.DispatcherServlet[0;39m - GET "/geo/api/data-line/listByEngineeringUuid?engineeringUuid=test", parameters={masked}
[31m2026-05-31 19:58:39.918[0;39m [33m[http-nio-9966-exec-10][0;39m [39mDEBUG[0;39m [32mo.s.w.s.m.m.a.RequestMappingHandlerMapping[0;39m - Mapped to com.geo.dsp.module.data.controller.DataLineController#getByUuid(String)
Creating a new SqlSession
SqlSession [org.apache.ibatis.session.defaults.DefaultSqlSession@28472b9b] was not registered for synchronization because synchronization is not active
JDBC Connection [HikariProxyConnection@1923313422 wrapping org.postgresql.jdbc.PgConnection@77d0a23d] will not be managed by Spring
==>  Preparing: SELECT * FROM data_line WHERE uuid = ? AND is_del = false
==> Parameters: listByEngineeringUuid(String)
Closing non transactional SqlSession [org.apache.ibatis.session.defaults.DefaultSqlSession@28472b9b]
[31m2026-05-31 19:58:39.919[0;39m [33m[http-nio-9966-exec-10][0;39m [39mDEBUG[0;39m [32mo.s.w.s.m.m.a.ExceptionHandlerExceptionResolver[0;39m - Using @ExceptionHandler com.geo.dsp.common.exception.GlobalExceptionHandler#handleRuntimeException(RuntimeException)
[31m2026-05-31 19:58:39.919[0;39m [33m[http-nio-9966-exec-10][0;39m [1;31mERROR[0;39m [32mc.geo.dsp.common.exception.GlobalExceptionHandler[0;39m - ‰∏öÂä°ÂºÇÂ∏∏: 
### Error querying database.  Cause: org.postgresql.util.PSQLException: ERROR: operator does not exist: uuid = character varying
  Âª∫ËÆÆÔºöNo operator matches the given name and argument types. You might need to add explicit type casts.
  ‰ΩçÁΩÆÔºö36
### The error may exist in class path resource [mapper/DataLineMapper.xml]
### The error may involve defaultParameterMap
### The error occurred while setting parameters
### SQL: SELECT * FROM data_line WHERE uuid = ? AND is_del = false
### Cause: org.postgresql.util.PSQLException: ERROR: operator does not exist: uuid = character varying
  Âª∫ËÆÆÔºöNo operator matches the given name and argument types. You might need to add explicit type casts.
  ‰ΩçÁΩÆÔºö36
; bad SQL grammar []
[31m2026-05-31 19:58:39.920[0;39m [33m[http-nio-9966-exec-10][0;39m [39mDEBUG[0;39m [32mo.s.w.s.m.m.a.RequestResponseBodyMethodProcessor[0;39m - Using 'application/json', given [*/*] and supported [application/json, application/*+json]
[31m2026-05-31 19:58:39.920[0;39m [33m[http-nio-9966-exec-10][0;39m [39mDEBUG[0;39m [32mo.s.w.s.m.m.a.RequestResponseBodyMethodProcessor[0;39m - Writing [com.geo.dsp.common.result.Result@7b76a15c]
[31m2026-05-31 19:58:39.920[0;39m [33m[http-nio-9966-exec-10][0;39m [39mDEBUG[0;39m [32mo.s.w.s.m.m.a.ExceptionHandlerExceptionResolver[0;39m - Resolved [org.springframework.jdbc.BadSqlGrammarException: <EOL><EOL>### Error querying database.  Cause: org.postgresql.util.PSQLException: ERROR: operator does not exist: uuid = character varying<EOL>  Âª∫ËÆÆÔºöNo operator matches the given name and argument types. You might need to add explicit type casts.<EOL>  ‰ΩçÁΩÆÔºö36<EOL><EOL>### The error may exist in class path resource [mapper/DataLineMapper.xml]<EOL><EOL>### The error may involve defaultParameterMap<EOL><EOL>### The error occurred while setting parameters<EOL><EOL>### SQL: SELECT * FROM data_line WHERE uuid = ? AND is_del = false<EOL><EOL>### Cause: org.postgresql.util.PSQLException: ERROR: operator does not exist: uuid = character varying<EOL>  Âª∫ËÆÆÔºöNo operator matches the given name and argument types. You might need to add explicit type casts.<EOL>  ‰ΩçÁΩÆÔºö36<EOL>; bad SQL grammar []]
[31m2026-05-31 19:58:39.920[0;39m [33m[http-nio-9966-exec-10][0;39m [39mDEBUG[0;39m [32morg.springframework.web.servlet.DispatcherServlet[0;39m - Completed 200 OK
[31m2026-05-31 19:58:39.962[0;39m [33m[http-nio-9966-exec-1][0;39m [39mDEBUG[0;39m [32mcom.geo.dsp.filter.JwtAuthenticationFilter[0;39m - JWT Token ËÆ§ËØÅÊàêÂäüÔºåÁî®Êà∑: test001
[31m2026-05-31 19:58:39.963[0;39m [33m[http-nio-9966-exec-1][0;39m [39mDEBUG[0;39m [32morg.springframework.web.servlet.DispatcherServlet[0;39m - GET "/geo/api/sample/listByDataPointUuid?dataPointUuid=test", parameters={masked}
[31m2026-05-31 19:58:39.963[0;39m [33m[http-nio-9966-exec-1][0;39m [39mDEBUG[0;39m [32mo.s.web.servlet.handler.SimpleUrlHandlerMapping[0;39m - Mapped to ResourceHttpRequestHandler [classpath [META-INF/resources/], classpath [resources/], classpath [static/], classpath [public/], ServletContext [/]]
[31m2026-05-31 19:58:39.964[0;39m [33m[http-nio-9966-exec-1][0;39m [39mDEBUG[0;39m [32mo.s.w.servlet.resource.ResourceHttpRequestHandler[0;39m - Resource not found
[31m2026-05-31 19:58:39.964[0;39m [33m[http-nio-9966-exec-1][0;39m [39mDEBUG[0;39m [32mo.s.w.s.m.m.a.ExceptionHandlerExceptionResolver[0;39m - Using @ExceptionHandler com.geo.dsp.common.exception.GlobalExceptionHandler#handleException(Exception)
[31m2026-05-31 19:58:39.964[0;39m [33m[http-nio-9966-exec-1][0;39m [1;31mERROR[0;39m [32mc.geo.dsp.common.exception.GlobalExceptionHandler[0;39m - Á≥ªÁªüÂºÇÂ∏∏: No static resource api/sample/listByDataPointUuid.
org.springframework.web.servlet.resource.NoResourceFoundException: No static resource api/sample/listByDataPointUuid.
	at org.springframework.web.servlet.resource.ResourceHttpRequestHandler.handleRequest(ResourceHttpRequestHandler.java:585)
	at org.springframework.web.servlet.mvc.HttpRequestHandlerAdapter.handle(HttpRequestHandlerAdapter.java:52)
	at org.springframework.web.servlet.DispatcherServlet.doDispatch(DispatcherServlet.java:1088)
	at org.springframework.web.servlet.DispatcherServlet.doService(DispatcherServlet.java:978)
	at org.springframework.web.servlet.FrameworkServlet.processRequest(FrameworkServlet.java:1014)
	at org.springframework.web.servlet.FrameworkServlet.doGet(FrameworkServlet.java:903)
	at jakarta.servlet.http.HttpServlet.service(HttpServlet.java:564)
	at org.springframework.web.servlet.FrameworkServlet.service(FrameworkServlet.java:885)
	at jakarta.servlet.http.HttpServlet.service(HttpServlet.java:658)
	at org.apache.catalina.core.ApplicationFilterChain.internalDoFilter(ApplicationFilterChain.java:195)
	at org.apache.catalina.core.ApplicationFilterChain.doFilter(ApplicationFilterChain.java:140)
	at org.apache.tomcat.websocket.server.WsFilter.doFilter(WsFilter.java:51)
	at org.apache.catalina.core.ApplicationFilterChain.internalDoFilter(ApplicationFilterChain.java:164)
	at org.apache.catalina.core.ApplicationFilterChain.doFilter(ApplicationFilterChain.java:140)
	at com.geo.dsp.filter.JwtAuthenticationFilter.doFilterInternal(JwtAuthenticationFilter.java:53)
	at org.springframework.web.filter.OncePerRequestFilter.doFilter(OncePerRequestFilter.java:116)
	at org.apache.catalina.core.ApplicationFilterChain.internalDoFilter(ApplicationFilterChain.java:164)
	at org.apache.catalina.core.ApplicationFilterChain.doFilter(ApplicationFilterChain.java:140)
	at org.springframework.web.filter.CompositeFilter$VirtualFilterChain.doFilter(CompositeFilter.java:108)
	at org.springframework.security.web.FilterChainProxy.lambda$doFilterInternal$3(FilterChainProxy.java:231)
	at org.springframework.security.web.FilterChainProxy$VirtualFilterChain.doFilter(FilterChainProxy.java:365)
	at org.springframework.security.web.access.intercept.AuthorizationFilter.doFilter(AuthorizationFilter.java:101)
	at org.springframework.security.web.FilterChainProxy$VirtualFilterChain.doFilter(FilterChainProxy.java:374)
	at org.springframework.security.web.access.ExceptionTranslationFilter.doFilter(ExceptionTranslationFilter.java:126)
	at org.springframework.security.web.access.ExceptionTranslationFilter.doFilter(ExceptionTranslationFilter.java:120)
	at org.springframework.security.web.FilterChainProxy$VirtualFilterChain.doFilter(FilterChainProxy.java:374)
	at org.springframework.security.web.authentication.AnonymousAuthenticationFilter.doFilter(AnonymousAuthenticationFilter.java:100)
	at org.springframework.security.web.FilterChainProxy$VirtualFilterChain.doFilter(FilterChainProxy.java:374)
	at org.springframework.security.web.servletapi.SecurityContextHolderAwareRequestFilter.doFilter(SecurityContextHolderAwareRequestFilter.java:179)
	at org.springframework.security.web.FilterChainProxy$VirtualFilterChain.doFilter(FilterChainProxy.java:374)
	at org.springframework.security.web.savedrequest.RequestCacheAwareFilter.doFilter(RequestCacheAwareFilter.java:63)
	at org.springframework.security.web.FilterChainProxy$VirtualFilterChain.doFilter(FilterChainProxy.java:374)
	at org.springframework.security.web.authentication.logout.LogoutFilter.doFilter(LogoutFilter.java:107)
	at org.springframework.security.web.authentication.logout.LogoutFilter.doFilter(LogoutFilter.java:93)
	at org.springframework.security.web.FilterChainProxy$VirtualFilterChain.doFilter(FilterChainProxy.java:374)
	at org.springframework.web.filter.CorsFilter.doFilterInternal(CorsFilter.java:91)
	at org.springframework.web.filter.OncePerRequestFilter.doFilter(OncePerRequestFilter.java:116)
	at org.springframework.security.web.FilterChainProxy$VirtualFilterChain.doFilter(FilterChainProxy.java:374)
	at org.springframework.security.web.header.HeaderWriterFilter.doHeadersAfter(HeaderWriterFilter.java:90)
	at org.springframework.security.web.header.HeaderWriterFilter.doFilterInternal(HeaderWriterFilter.java:75)
	at org.springframework.web.filter.OncePerRequestFilter.doFilter(OncePerRequestFilter.java:116)
	at org.springframework.security.web.FilterChainProxy$VirtualFilterChain.doFilter(FilterChainProxy.java:374)
	at org.springframework.security.web.context.SecurityContextHolderFilter.doFilter(SecurityContextHolderFilter.java:82)
	at org.springframework.security.web.context.SecurityContextHolderFilter.doFilter(SecurityContextHolderFilter.java:69)
	at org.springframework.security.web.FilterChainProxy$VirtualFilterChain.doFilter(FilterChainProxy.java:374)
	at org.springframework.security.web.context.request.async.WebAsyncManagerIntegrationFilter.doFilterInternal(WebAsyncManagerIntegrationFilter.java:62)
	at org.springframework.web.filter.OncePerRequestFilter.doFilter(OncePerRequestFilter.java:116)
	at org.springframework.security.web.FilterChainProxy$VirtualFilterChain.doFilter(FilterChainProxy.java:374)
	at org.springframework.security.web.session.DisableEncodeUrlFilter.doFilterInternal(DisableEncodeUrlFilter.java:42)
	at org.springframework.web.filter.OncePerRequestFilter.doFilter(OncePerRequestFilter.java:116)
	at org.springframework.security.web.FilterChainProxy$VirtualFilterChain.doFilter(FilterChainProxy.java:374)
	at org.springframework.security.web.FilterChainProxy.doFilterInternal(FilterChainProxy.java:233)
	at org.springframework.security.web.FilterChainProxy.doFilter(FilterChainProxy.java:191)
	at org.springframework.web.filter.CompositeFilter$VirtualFilterChain.doFilter(CompositeFilter.java:113)
	at org.springframework.web.servlet.handler.HandlerMappingIntrospector.lambda$createCacheFilter$3(HandlerMappingIntrospector.java:243)
	at org.springframework.web.filter.CompositeFilter$VirtualFilterChain.doFilter(CompositeFilter.java:113)
	at org.springframework.web.filter.CompositeFilter.doFilter(CompositeFilter.java:74)
	at org.springframework.security.config.annotation.web.configuration.WebMvcSecurityConfiguration$CompositeFilterChainProxy.doFilter(WebMvcSecurityConfiguration.java:238)
	at org.springframework.web.filter.DelegatingFilterProxy.invokeDelegate(DelegatingFilterProxy.java:362)
	at org.springframework.web.filter.DelegatingFilterProxy.doFilter(DelegatingFilterProxy.java:278)
	at org.apache.catalina.core.ApplicationFilterChain.internalDoFilter(ApplicationFilterChain.java:164)
	at org.apache.catalina.core.ApplicationFilterChain.doFilter(ApplicationFilterChain.java:140)
	at org.springframework.web.filter.RequestContextFilter.doFilterInternal(RequestContextFilter.java:100)
	at org.springframework.web.filter.OncePerRequestFilter.doFilter(OncePerRequestFilter.java:116)
	at org.apache.catalina.core.ApplicationFilterChain.internalDoFilter(ApplicationFilterChain.java:164)
	at org.apache.catalina.core.ApplicationFilterChain.doFilter(ApplicationFilterChain.java:140)
	at org.springframework.web.filter.FormContentFilter.doFilterInternal(FormContentFilter.java:93)
	at org.springframework.web.filter.OncePerRequestFilter.doFilter(OncePerRequestFilter.java:116)
	at org.apache.catalina.core.ApplicationFilterChain.internalDoFilter(ApplicationFilterChain.java:164)
	at org.apache.catalina.core.ApplicationFilterChain.doFilter(ApplicationFilterChain.java:140)
	at org.springframework.web.filter.CharacterEncodingFilter.doFilterInternal(CharacterEncodingFilter.java:201)
	at org.springframework.web.filter.OncePerRequestFilter.doFilter(OncePerRequestFilter.java:116)
	at org.apache.catalina.core.ApplicationFilterChain.internalDoFilter(ApplicationFilterChain.java:164)
	at org.apache.catalina.core.ApplicationFilterChain.doFilter(ApplicationFilterChain.java:140)
	at org.apache.catalina.core.StandardWrapperValve.invoke(StandardWrapperValve.java:167)
	at org.apache.catalina.core.StandardContextValve.invoke(StandardContextValve.java:90)
	at org.apache.catalina.authenticator.AuthenticatorBase.invoke(AuthenticatorBase.java:483)
	at org.apache.catalina.core.StandardHostValve.invoke(StandardHostValve.java:115)
	at org.apache.catalina.valves.ErrorReportValve.invoke(ErrorReportValve.java:93)
	at org.apache.catalina.core.StandardEngineValve.invoke(StandardEngineValve.java:74)
	at org.apache.catalina.connector.CoyoteAdapter.service(CoyoteAdapter.java:344)
	at org.apache.coyote.http11.Http11Processor.service(Http11Processor.java:397)
	at org.apache.coyote.AbstractProcessorLight.process(AbstractProcessorLight.java:63)
	at org.apache.coyote.AbstractProtocol$ConnectionHandler.process(AbstractProtocol.java:905)
	at org.apache.tomcat.util.net.NioEndpoint$SocketProcessor.doRun(NioEndpoint.java:1741)
	at org.apache.tomcat.util.net.SocketProcessorBase.run(SocketProcessorBase.java:52)
	at org.apache.tomcat.util.threads.ThreadPoolExecutor.runWorker(ThreadPoolExecutor.java:1190)
	at org.apache.tomcat.util.threads.ThreadPoolExecutor$Worker.run(ThreadPoolExecutor.java:659)
	at org.apache.tomcat.util.threads.TaskThread$WrappingRunnable.run(TaskThread.java:63)
	at java.base/java.lang.Thread.run(Thread.java:842)
[31m2026-05-31 19:58:39.965[0;39m [33m[http-nio-9966-exec-1][0;39m [39mDEBUG[0;39m [32mo.s.w.s.m.m.a.RequestResponseBodyMethodProcessor[0;39m - Using 'application/json', given [*/*] and supported [application/json, application/*+json]
[31m2026-05-31 19:58:39.965[0;39m [33m[http-nio-9966-exec-1][0;39m [39mDEBUG[0;39m [32mo.s.w.s.m.m.a.RequestResponseBodyMethodProcessor[0;39m - Writing [com.geo.dsp.common.result.Result@1d323dd8]
[31m2026-05-31 19:58:39.965[0;39m [33m[http-nio-9966-exec-1][0;39m [39mDEBUG[0;39m [32mo.s.w.s.m.m.a.ExceptionHandlerExceptionResolver[0;39m - Resolved [org.springframework.web.servlet.resource.NoResourceFoundException: No static resource api/sample/listByDataPointUuid.]
[31m2026-05-31 19:58:39.965[0;39m [33m[http-nio-9966-exec-1][0;39m [39mDEBUG[0;39m [32morg.springframework.web.servlet.DispatcherServlet[0;39m - Completed 200 OK
[31m2026-05-31 19:58:40.009[0;39m [33m[http-nio-9966-exec-2][0;39m [39mDEBUG[0;39m [32mcom.geo.dsp.filter.JwtAuthenticationFilter[0;39m - JWT Token ËÆ§ËØÅÊàêÂäüÔºåÁî®Êà∑: test001
[31m2026-05-31 19:58:40.009[0;39m [33m[http-nio-9966-exec-2][0;39m [39mDEBUG[0;39m [32morg.springframework.web.servlet.DispatcherServlet[0;39m - GET "/geo/api/data-point/listByDataLineUuid?dataLineUuid=test", parameters={masked}
[31m2026-05-31 19:58:40.010[0;39m [33m[http-nio-9966-exec-2][0;39m [39mDEBUG[0;39m [32mo.s.w.s.m.m.a.RequestMappingHandlerMapping[0;39m - Mapped to com.geo.dsp.module.data.controller.DataPointController#getByUuid(String)
Creating a new SqlSession
SqlSession [org.apache.ibatis.session.defaults.DefaultSqlSession@409830b7] was not registered for synchronization because synchronization is not active
JDBC Connection [HikariProxyConnection@411790145 wrapping org.postgresql.jdbc.PgConnection@77d0a23d] will not be managed by Spring
==>  Preparing: SELECT * FROM data_point WHERE uuid = ? AND is_del = false
==> Parameters: listByDataLineUuid(String)
Closing non transactional SqlSession [org.apache.ibatis.session.defaults.DefaultSqlSession@409830b7]
[31m2026-05-31 19:58:40.011[0;39m [33m[http-nio-9966-exec-2][0;39m [39mDEBUG[0;39m [32mo.s.w.s.m.m.a.ExceptionHandlerExceptionResolver[0;39m - Using @ExceptionHandler com.geo.dsp.common.exception.GlobalExceptionHandler#handleRuntimeException(RuntimeException)
[31m2026-05-31 19:58:40.011[0;39m [33m[http-nio-9966-exec-2][0;39m [1;31mERROR[0;39m [32mc.geo.dsp.common.exception.GlobalExceptionHandler[0;39m - ‰∏öÂä°ÂºÇÂ∏∏: 
### Error querying database.  Cause: org.postgresql.util.PSQLException: ERROR: operator does not exist: uuid = character varying
  Âª∫ËÆÆÔºöNo operator matches the given name and argument types. You might need to add explicit type casts.
  ‰ΩçÁΩÆÔºö37
### The error may exist in class path resource [mapper/DataPointMapper.xml]
### The error may involve defaultParameterMap
### The error occurred while setting parameters
### SQL: SELECT * FROM data_point WHERE uuid = ? AND is_del = false
### Cause: org.postgresql.util.PSQLException: ERROR: operator does not exist: uuid = character varying
  Âª∫ËÆÆÔºöNo operator matches the given name and argument types. You might need to add explicit type casts.
  ‰ΩçÁΩÆÔºö37
; bad SQL grammar []
[31m2026-05-31 19:58:40.011[0;39m [33m[http-nio-9966-exec-2][0;39m [39mDEBUG[0;39m [32mo.s.w.s.m.m.a.RequestResponseBodyMethodProcessor[0;39m - Using 'application/json', given [*/*] and supported [application/json, application/*+json]
[31m2026-05-31 19:58:40.011[0;39m [33m[http-nio-9966-exec-2][0;39m [39mDEBUG[0;39m [32mo.s.w.s.m.m.a.RequestResponseBodyMethodProcessor[0;39m - Writing [com.geo.dsp.common.result.Result@242c6279]
[31m2026-05-31 19:58:40.012[0;39m [33m[http-nio-9966-exec-2][0;39m [39mDEBUG[0;39m [32mo.s.w.s.m.m.a.ExceptionHandlerExceptionResolver[0;39m - Resolved [org.springframework.jdbc.BadSqlGrammarException: <EOL><EOL>### Error querying database.  Cause: org.postgresql.util.PSQLException: ERROR: operator does not exist: uuid = character varying<EOL>  Âª∫ËÆÆÔºöNo operator matches the given name and argument types. You might need to add explicit type casts.<EOL>  ‰ΩçÁΩÆÔºö37<EOL><EOL>### The error may exist in class path resource [mapper/DataPointMapper.xml]<EOL><EOL>### The error may involve defaultParameterMap<EOL><EOL>### The error occurred while setting parameters<EOL><EOL>### SQL: SELECT * FROM data_point WHERE uuid = ? AND is_del = false<EOL><EOL>### Cause: org.postgresql.util.PSQLException: ERROR: operator does not exist: uuid = character varying<EOL>  Âª∫ËÆÆÔºöNo operator matches the given name and argument types. You might need to add explicit type casts.<EOL>  ‰ΩçÁΩÆÔºö37<EOL>; bad SQL grammar []]
[31m2026-05-31 19:58:40.012[0;39m [33m[http-nio-9966-exec-2][0;39m [39mDEBUG[0;39m [32morg.springframework.web.servlet.DispatcherServlet[0;39m - Completed 200 OK
[31m2026-05-31 19:58:40.061[0;39m [33m[http-nio-9966-exec-3][0;39m [39mDEBUG[0;39m [32mcom.geo.dsp.filter.JwtAuthenticationFilter[0;39m - JWT Token ËÆ§ËØÅÊàêÂäüÔºåÁî®Êà∑: test001
[31m2026-05-31 19:58:40.062[0;39m [33m[http-nio-9966-exec-3][0;39m [39mDEBUG[0;39m [32morg.springframework.web.servlet.DispatcherServlet[0;39m - GET "/geo/api/data-project/listByProjectUuid?projectUuid=test", parameters={masked}
[31m2026-05-31 19:58:40.062[0;39m [33m[http-nio-9966-exec-3][0;39m [39mDEBUG[0;39m [32mo.s.w.s.m.m.a.RequestMappingHandlerMapping[0;39m - Mapped to com.geo.dsp.module.data.controller.DataProjectController#getByUuid(String)
Creating a new SqlSession
SqlSession [org.apache.ibatis.session.defaults.DefaultSqlSession@6171351a] was not registered for synchronization because synchronization is not active
JDBC Connection [HikariProxyConnection@455864769 wrapping org.postgresql.jdbc.PgConnection@77d0a23d] will not be managed by Spring
==>  Preparing: SELECT * FROM data_project WHERE uuid = ? AND is_del = false
==> Parameters: listByProjectUuid(String)
Closing non transactional SqlSession [org.apache.ibatis.session.defaults.DefaultSqlSession@6171351a]
[31m2026-05-31 19:58:40.063[0;39m [33m[http-nio-9966-exec-3][0;39m [39mDEBUG[0;39m [32mo.s.w.s.m.m.a.ExceptionHandlerExceptionResolver[0;39m - Using @ExceptionHandler com.geo.dsp.common.exception.GlobalExceptionHandler#handleRuntimeException(RuntimeException)
[31m2026-05-31 19:58:40.063[0;39m [33m[http-nio-9966-exec-3][0;39m [1;31mERROR[0;39m [32mc.geo.dsp.common.exception.GlobalExceptionHandler[0;39m - ‰∏öÂä°ÂºÇÂ∏∏: 
### Error querying database.  Cause: org.postgresql.util.PSQLException: ERROR: operator does not exist: uuid = character varying
  Âª∫ËÆÆÔºöNo operator matches the given name and argument types. You might need to add explicit type casts.
  ‰ΩçÁΩÆÔºö39
### The error may exist in class path resource [mapper/DataProjectMapper.xml]
### The error may involve defaultParameterMap
### The error occurred while setting parameters
### SQL: SELECT * FROM data_project WHERE uuid = ? AND is_del = false
### Cause: org.postgresql.util.PSQLException: ERROR: operator does not exist: uuid = character varying
  Âª∫ËÆÆÔºöNo operator matches the given name and argument types. You might need to add explicit type casts.
  ‰ΩçÁΩÆÔºö39
; bad SQL grammar []
[31m2026-05-31 19:58:40.063[0;39m [33m[http-nio-9966-exec-3][0;39m [39mDEBUG[0;39m [32mo.s.w.s.m.m.a.RequestResponseBodyMethodProcessor[0;39m - Using 'application/json', given [*/*] and supported [application/json, application/*+json]
[31m2026-05-31 19:58:40.063[0;39m [33m[http-nio-9966-exec-3][0;39m [39mDEBUG[0;39m [32mo.s.w.s.m.m.a.RequestResponseBodyMethodProcessor[0;39m - Writing [com.geo.dsp.common.result.Result@7999930e]
[31m2026-05-31 19:58:40.063[0;39m [33m[http-nio-9966-exec-3][0;39m [39mDEBUG[0;39m [32mo.s.w.s.m.m.a.ExceptionHandlerExceptionResolver[0;39m - Resolved [org.springframework.jdbc.BadSqlGrammarException: <EOL><EOL>### Error querying database.  Cause: org.postgresql.util.PSQLException: ERROR: operator does not exist: uuid = character varying<EOL>  Âª∫ËÆÆÔºöNo operator matches the given name and argument types. You might need to add explicit type casts.<EOL>  ‰ΩçÁΩÆÔºö39<EOL><EOL>### The error may exist in class path resource [mapper/DataProjectMapper.xml]<EOL><EOL>### The error may involve defaultParameterMap<EOL><EOL>### The error occurred while setting parameters<EOL><EOL>### SQL: SELECT * FROM data_project WHERE uuid = ? AND is_del = false<EOL><EOL>### Cause: org.postgresql.util.PSQLException: ERROR: operator does not exist: uuid = character varying<EOL>  Âª∫ËÆÆÔºöNo operator matches the given name and argument types. You might need to add explicit type casts.<EOL>  ‰ΩçÁΩÆÔºö39<EOL>; bad SQL grammar []]
[31m2026-05-31 19:58:40.064[0;39m [33m[http-nio-9966-exec-3][0;39m [39mDEBUG[0;39m [32morg.springframework.web.servlet.DispatcherServlet[0;39m - Completed 200 OK
[31m2026-05-31 19:58:40.108[0;39m [33m[http-nio-9966-exec-4][0;39m [39mDEBUG[0;39m [32mcom.geo.dsp.filter.JwtAuthenticationFilter[0;39m - JWT Token ËÆ§ËØÅÊàêÂäüÔºåÁî®Êà∑: test001
[31m2026-05-31 19:58:40.108[0;39m [33m[http-nio-9966-exec-4][0;39m [39mDEBUG[0;39m [32morg.springframework.web.servlet.DispatcherServlet[0;39m - GET "/geo/api/operate-method/listAll", parameters={}
[31m2026-05-31 19:58:40.109[0;39m [33m[http-nio-9966-exec-4][0;39m [39mDEBUG[0;39m [32mo.s.w.s.m.m.a.RequestMappingHandlerMapping[0;39m - Mapped to com.geo.dsp.module.data.controller.OperateMethodController#getByUuid(String)
Creating a new SqlSession
SqlSession [org.apache.ibatis.session.defaults.DefaultSqlSession@1780e30b] was not registered for synchronization because synchronization is not active
JDBC Connection [HikariProxyConnection@1417209374 wrapping org.postgresql.jdbc.PgConnection@77d0a23d] will not be managed by Spring
==>  Preparing: SELECT * FROM operate_method WHERE uuid = ? AND is_del = false
==> Parameters: listAll(String)
Closing non transactional SqlSession [org.apache.ibatis.session.defaults.DefaultSqlSession@1780e30b]
[31m2026-05-31 19:58:40.110[0;39m [33m[http-nio-9966-exec-4][0;39m [39mDEBUG[0;39m [32mo.s.w.s.m.m.a.ExceptionHandlerExceptionResolver[0;39m - Using @ExceptionHandler com.geo.dsp.common.exception.GlobalExceptionHandler#handleRuntimeException(RuntimeException)
[31m2026-05-31 19:58:40.110[0;39m [33m[http-nio-9966-exec-4][0;39m [1;31mERROR[0;39m [32mc.geo.dsp.common.exception.GlobalExceptionHandler[0;39m - ‰∏öÂä°ÂºÇÂ∏∏: 
### Error querying database.  Cause: org.postgresql.util.PSQLException: ERROR: operator does not exist: uuid = character varying
  Âª∫ËÆÆÔºöNo operator matches the given name and argument types. You might need to add explicit type casts.
  ‰ΩçÁΩÆÔºö41
### The error may exist in class path resource [mapper/OperateMethodMapper.xml]
### The error may involve defaultParameterMap
### The error occurred while setting parameters
### SQL: SELECT * FROM operate_method WHERE uuid = ? AND is_del = false
### Cause: org.postgresql.util.PSQLException: ERROR: operator does not exist: uuid = character varying
  Âª∫ËÆÆÔºöNo operator matches the given name and argument types. You might need to add explicit type casts.
  ‰ΩçÁΩÆÔºö41
; bad SQL grammar []
[31m2026-05-31 19:58:40.110[0;39m [33m[http-nio-9966-exec-4][0;39m [39mDEBUG[0;39m [32mo.s.w.s.m.m.a.RequestResponseBodyMethodProcessor[0;39m - Using 'application/json', given [*/*] and supported [application/json, application/*+json]
[31m2026-05-31 19:58:40.110[0;39m [33m[http-nio-9966-exec-4][0;39m [39mDEBUG[0;39m [32mo.s.w.s.m.m.a.RequestResponseBodyMethodProcessor[0;39m - Writing [com.geo.dsp.common.result.Result@4e7df985]
[31m2026-05-31 19:58:40.110[0;39m [33m[http-nio-9966-exec-4][0;39m [39mDEBUG[0;39m [32mo.s.w.s.m.m.a.ExceptionHandlerExceptionResolver[0;39m - Resolved [org.springframework.jdbc.BadSqlGrammarException: <EOL><EOL>### Error querying database.  Cause: org.postgresql.util.PSQLException: ERROR: operator does not exist: uuid = character varying<EOL>  Âª∫ËÆÆÔºöNo operator matches the given name and argument types. You might need to add explicit type casts.<EOL>  ‰ΩçÁΩÆÔºö41<EOL><EOL>### The error may exist in class path resource [mapper/OperateMethodMapper.xml]<EOL><EOL>### The error may involve defaultParameterMap<EOL><EOL>### The error occurred while setting parameters<EOL><EOL>### SQL: SELECT * FROM operate_method WHERE uuid = ? AND is_del = false<EOL><EOL>### Cause: org.postgresql.util.PSQLException: ERROR: operator does not exist: uuid = character varying<EOL>  Âª∫ËÆÆÔºöNo operator matches the given name and argument types. You might need to add explicit type casts.<EOL>  ‰ΩçÁΩÆÔºö41<EOL>; bad SQL grammar []]
[31m2026-05-31 19:58:40.110[0;39m [33m[http-nio-9966-exec-4][0;39m [39mDEBUG[0;39m [32morg.springframework.web.servlet.DispatcherServlet[0;39m - Completed 200 OK
[31m2026-05-31 19:58:50.086[0;39m [33m[http-nio-9966-exec-5][0;39m [39mDEBUG[0;39m [32morg.springframework.web.servlet.DispatcherServlet[0;39m - POST "/geo/api/user/login", parameters={}
[31m2026-05-31 19:58:50.087[0;39m [33m[http-nio-9966-exec-5][0;39m [39mDEBUG[0;39m [32mo.s.w.s.m.m.a.RequestMappingHandlerMapping[0;39m - Mapped to com.geo.dsp.module.login.controller.LoginController#login(LoginDTO)
[31m2026-05-31 19:58:50.087[0;39m [33m[http-nio-9966-exec-5][0;39m [39mDEBUG[0;39m [32mo.s.w.s.m.m.a.RequestResponseBodyMethodProcessor[0;39m - Read "application/json;charset=UTF-8" to [LoginDTO(account=test001, password=123456, smsCode=null, loginType=1)]
Creating a new SqlSession
SqlSession [org.apache.ibatis.session.defaults.DefaultSqlSession@4728a97] was not registered for synchronization because synchronization is not active
JDBC Connection [HikariProxyConnection@1488026852 wrapping org.postgresql.jdbc.PgConnection@77d0a23d] will not be managed by Spring
==>  Preparing: SELECT id, uuid, user_name, account, password, email, phone_num, user_type, status, image_id, create_by, create_time, update_by, update_time, is_del, note, sex FROM users WHERE account = ? AND is_del = false
==> Parameters: test001(String)
<==    Columns: id, uuid, user_name, account, password, email, phone_num, user_type, status, image_id, create_by, create_time, update_by, update_time, is_del, note, sex
<==        Row: 16, f32dab2c-1da9-472e-944c-ff9fadf0b6b4, ≤‚ ‘”√ªß, test001, $2a$10$j3yM2CwdNz3u7K5f/pXyGe3KIyECGMXJw9rcDue2Pwcs8JG85AY1q, test@qq.com, 13800138000, 3, 1, null, 64, 2026-05-12 12:34:15.617474+08, 1, 2026-05-31 19:34:24.661532+08, f, null, null
<==      Total: 1
Closing non transactional SqlSession [org.apache.ibatis.session.defaults.DefaultSqlSession@4728a97]
Creating a new SqlSession
SqlSession [org.apache.ibatis.session.defaults.DefaultSqlSession@47001cbe] was not registered for synchronization because synchronization is not active
JDBC Connection [HikariProxyConnection@1463156987 wrapping org.postgresql.jdbc.PgConnection@77d0a23d] will not be managed by Spring
==>  Preparing: SELECT role_code FROM user_roles WHERE user_uuid = CAST(? AS uuid) LIMIT 1
==> Parameters: f32dab2c-1da9-472e-944c-ff9fadf0b6b4(String)
<==    Columns: role_code
<==        Row: admin
<==      Total: 1
Closing non transactional SqlSession [org.apache.ibatis.session.defaults.DefaultSqlSession@47001cbe]
Creating a new SqlSession
SqlSession [org.apache.ibatis.session.defaults.DefaultSqlSession@4b300a5] was not registered for synchronization because synchronization is not active
JDBC Connection [HikariProxyConnection@1770969321 wrapping org.postgresql.jdbc.PgConnection@77d0a23d] will not be managed by Spring
==>  Preparing: SELECT id FROM roles WHERE role_code = ? AND is_del = false
==> Parameters: admin(String)
<==    Columns: id
<==        Row: 21
<==      Total: 1
Closing non transactional SqlSession [org.apache.ibatis.session.defaults.DefaultSqlSession@4b300a5]
Creating a new SqlSession
SqlSession [org.apache.ibatis.session.defaults.DefaultSqlSession@2e2cdc8a] was not registered for synchronization because synchronization is not active
JDBC Connection [HikariProxyConnection@1241133164 wrapping org.postgresql.jdbc.PgConnection@77d0a23d] will not be managed by Spring
==>  Preparing: SELECT p.permission_code FROM permissions p INNER JOIN role_permis rp ON rp.permission_id = p.id WHERE rp.role_id = ? AND p.is_del = false
==> Parameters: 21(Long)
<==    Columns: permission_code
<==        Row: System
<==        Row: Device
<==        Row: Project
<==        Row: Data
<==        Row: Statistics
<==        Row: DataAnalysis
<==        Row: GisMap
<==        Row: Profile
<==        Row: SystemOverview
<==        Row: SystemUsers
<==        Row: SystemRoles
<==        Row: SystemPermission
<==        Row: admin:all
<==        Row: Dictionary
<==        Row: DictionaryData
<==        Row: SystemOperator
<==        Row: SystemLogs
<==        Row: SystemSettings
<==        Row: EnterpriseManagement
<==        Row: DeviceOverview
<==        Row: DeviceRegister
<==        Row: DeviceMonitor
<==        Row: DeviceMaintenance
<==        Row: DeviceAnalysis
<==        Row: DeviceAntenna
<==        Row: ProjectOverview
<==        Row: ProjectInfo
<==        Row: ProjectTasks
<==        Row: ProjectMethods
<==        Row: ProjectProgress
<==        Row: ProjectLogs
<==        Row: ProjectReports
<==        Row: DataOverview
<==        Row: DataQuality
<==        Row: DataTasks
<==        Row: DataPreview
<==        Row: StatisticsOverview
<==        Row: StatisticsClassification
<==        Row: StatisticsDisplay
<==        Row: device:register:add
<==        Row: device:register:edit
<==        Row: device:register:delete
<==      Total: 42
Closing non transactional SqlSession [org.apache.ibatis.session.defaults.DefaultSqlSession@2e2cdc8a]
Creating a new SqlSession
SqlSession [org.apache.ibatis.session.defaults.DefaultSqlSession@5550b7de] was not registered for synchronization because synchronization is not active
JDBC Connection [HikariProxyConnection@1241936909 wrapping org.postgresql.jdbc.PgConnection@77d0a23d] will not be managed by Spring
==>  Preparing: SELECT p.uuid, p.permission_code AS permissionCode, p.permission_name AS permissionName, p.permission_type AS permissionType, p.component_path AS componentPath, p.parent_uuid AS parentPermission FROM permissions p INNER JOIN role_permis rp ON rp.permission_id = p.id INNER JOIN user_roles ur ON ur.role_code = (SELECT role_code FROM roles WHERE id = rp.role_id) WHERE ur.user_uuid = CAST(? AS uuid) AND p.is_del = false ORDER BY p.create_time ASC
==> Parameters: f32dab2c-1da9-472e-944c-ff9fadf0b6b4(String)
<==    Columns: uuid, permissioncode, permissionname, permissiontype, componentpath, parentpermission
<==        Row: 8bfa14fe-7acb-43e0-9fdb-aa17f96f8302, admin:all, »´≤øπ‹¿Ì»®œﬁ, menu, null, null
<==        Row: a0000000-0000-0000-0000-000000000003, Project, œÓƒøπ‹¿Ì, menu, views/projects/index.vue, null
<==        Row: a0000000-0000-0000-0000-000000000004, Data,  ˝æ›π‹¿Ì, menu, views/data/index.vue, null
<==        Row: a0000000-0000-0000-0000-000000000001, System, œµÕ≥π‹¿Ì, menu, views/system/index.vue, null
<==        Row: a0000000-0000-0000-0000-000000000005, Statistics, Õ≥º∆∑÷Œˆ, menu, views/statistics/index.vue, null
<==        Row: a0000000-0000-0000-0000-000000000006, DataAnalysis,  ˝æ›∑÷Œˆ, menu, views/data-analysis/index.vue, null
<==        Row: a0000000-0000-0000-0000-000000000007, GisMap, GISµÿÕº, menu, views/gis-map/index.vue, null
<==        Row: a0000000-0000-0000-0000-000000000008, Profile, ∏ˆ»À÷––ƒ, menu, views/profile/index.vue, null
<==        Row: a0000000-0000-0000-0000-000000000002, Device, …Ë±∏π‹¿Ì, menu, views/devices/index.vue, null
<==        Row: 1b6276e8-9cfb-4560-8e1f-0d684e9d9d29, SystemLogs, »’÷æπ‹¿Ì, menu, views/system/logs/index.vue, a0000000-0000-0000-0000-000000000001
<==        Row: 7fa2a341-221c-41e5-ac55-5e0dd55603ed, SystemOverview, œµÕ≥∏≈¿¿, menu, views/system/overview.vue, a0000000-0000-0000-0000-000000000001
<==        Row: 3863c388-7a30-41aa-8e49-a4aaf7654a25, SystemUsers, ”√ªßπ‹¿Ì, menu, views/system/users/index.vue, a0000000-0000-0000-0000-000000000001
<==        Row: 95b44be6-527b-426b-a74a-59247155cd0d, SystemRoles, Ω«…´π‹¿Ì, menu, views/system/roles/index.vue, a0000000-0000-0000-0000-000000000001
<==        Row: e9f65f25-70bc-487b-babe-7589fc471ec9, SystemPermission, »®œﬁπ‹¿Ì, menu, views/system/permission/index.vue, a0000000-0000-0000-0000-000000000001
<==        Row: a8ccfa8a-e1fe-4e34-9deb-f4f7caebaf72, EnterpriseManagement, ∆Û“µπ‹¿Ì, menu, views/system/enterprise/index.vue, a0000000-0000-0000-0000-000000000001
<==        Row: 5ff2c4c9-de8f-4710-97d8-35c3add1e47b, SystemSettings, ≈‰÷√π‹¿Ì, menu, views/system/settings/index.vue, a0000000-0000-0000-0000-000000000001
<==        Row: 4e7fda28-6dc1-45a8-9163-5b292dd50cd5, Dictionary, ◊÷µ‰π‹¿Ì, menu, views/system/dictionary/index.vue, a0000000-0000-0000-0000-000000000001
<==        Row: 1d0c83fc-40ab-4712-b186-dba5b9d567b4, DictionaryData, ◊÷µ‰ ˝æ›π‹¿Ì, menu, views/system/dictionary/data.vue, a0000000-0000-0000-0000-000000000001
<==        Row: 2ba4c4b9-a7f2-4306-82ba-703d0d8405de, SystemOperator, ≤Ÿ◊˜‘±π‹¿Ì, menu, views/system/operator/index.vue, a0000000-0000-0000-0000-000000000001
<==        Row: 1126d3e3-dd49-4422-b0e0-94a5762a2a25, DeviceRegister, …Ë±∏µ«º«, menu, views/devices/register/index.vue, a0000000-0000-0000-0000-000000000002
<==        Row: 29ccc09d-ee12-452e-a61e-b3145125dd94, DeviceAntenna, ÃÏœﬂ…Ë±∏Œ¨ª§, menu, views/devices/antenna/index.vue, a0000000-0000-0000-0000-000000000002
<==        Row: 28fa7dcd-86b8-47a2-9285-1d34b7bf046f, DeviceAnalysis, …Ë±∏∑÷Œˆ, menu, views/devices/analysis/index.vue, a0000000-0000-0000-0000-000000000002
<==        Row: e581b25f-2ece-4e03-a699-fdcda56032fc, DeviceMaintenance, …Ë±∏Œ¨ª§, menu, views/devices/maintenance/index.vue, a0000000-0000-0000-0000-000000000002
<==        Row: 1f4005b9-f074-43c6-a057-6538d3b12387, DeviceMonitor, …Ë±∏º‡øÿ, menu, views/devices/monitor/index.vue, a0000000-0000-0000-0000-000000000002
<==        Row: 9530a5b3-2d46-4d23-a7a1-87514bd48bf4, DeviceOverview, …Ë±∏∏≈¿¿, menu, views/devices/overview.vue, a0000000-0000-0000-0000-000000000002
<==        Row: 2e3a0e1f-11f7-421a-a5f4-a44bcada8b1f, ProjectReports, œÓƒø±®∏Ê, menu, views/projects/reports/index.vue, a0000000-0000-0000-0000-000000000003
<==        Row: 3fd7d924-e847-48f8-baa7-afb7490a8f9a, ProjectOverview, œÓƒø∏≈¿¿, menu, views/projects/overview.vue, a0000000-0000-0000-0000-000000000003
<==        Row: 8991596b-0b28-4a46-9cbb-066c9e0d3771, ProjectInfo, œÓƒø–≈œ¢, menu, views/projects/info/index.vue, a0000000-0000-0000-0000-000000000003
<==        Row: 1923ac78-584b-4ad5-b1b4-6df7051562e6, ProjectTasks, œÓƒø»ŒŒÒ, menu, views/projects/tasks/index.vue, a0000000-0000-0000-0000-000000000003
<==        Row: b9c89db0-7802-4241-9c9b-10940d0fb037, ProjectMethods, ◊˜“µ∑Ω∑®, menu, views/projects/methods/index.vue, a0000000-0000-0000-0000-000000000003
<==        Row: 2c9139a4-0a5e-4fff-ab73-f06d54155426, ProjectProgress, œÓƒøΩ¯∂», menu, views/projects/progress/index.vue, a0000000-0000-0000-0000-000000000003
<==        Row: c320c6b0-eea1-4d35-80a2-57d8ed750d98, ProjectLogs, œÓƒø»’÷æ, menu, views/projects/logs/index.vue, a0000000-0000-0000-0000-000000000003
<==        Row: 803dd4f5-af9a-45df-a503-e43a3e8cd720, DataTasks,  ˝æ›»ŒŒÒ, menu, views/data/tasks/index.vue, a0000000-0000-0000-0000-000000000004
<==        Row: 60e16502-1f57-496a-aa93-8c2df7adc4d0, DataOverview,  ˝æ›∏≈¿¿, menu, views/data/overview.vue, a0000000-0000-0000-0000-000000000004
<==        Row: 4036a134-c1ca-4322-b327-1491903e973e, DataQuality,  ˝æ›÷ ¡ø, menu, views/data/quality/index.vue, a0000000-0000-0000-0000-000000000004
<==        Row: da58c221-edbd-4e97-aab4-69393829ca3a, DataPreview,  ˝æ›‘§¿¿, menu, views/data/preview.vue, a0000000-0000-0000-0000-000000000004
<==        Row: 7f1b9477-78c4-44ba-b804-c4cf5b179e6d, StatisticsClassification, Õ≥º∆∑÷¿‡, menu, views/statistics/classification/index.vue, a0000000-0000-0000-0000-000000000005
<==        Row: 6166f363-019f-4b7a-888a-0276423b5770, StatisticsOverview, Õ≥º∆∏≈¿¿, menu, views/statistics/overview.vue, a0000000-0000-0000-0000-000000000005
<==        Row: cc895f41-89d5-491a-a6e9-86eabac32c60, StatisticsDisplay, Õ≥º∆’π æ, menu, views/statistics/display/index.vue, a0000000-0000-0000-0000-000000000005
<==        Row: f282d39c-4905-4eaa-b5df-d6deb01a949f, device:register:edit, edit_device, button, null, 1126d3e3-dd49-4422-b0e0-94a5762a2a25
<==        Row: ee6c10ee-1d50-4810-841a-64f79fef27e9, device:register:add, add_device, button, null, 1126d3e3-dd49-4422-b0e0-94a5762a2a25
<==        Row: fe6267c0-aedb-4262-94e3-cc9efc6cab6e, device:register:delete, delete_device, button, null, 1126d3e3-dd49-4422-b0e0-94a5762a2a25
<==      Total: 42
Closing non transactional SqlSession [org.apache.ibatis.session.defaults.DefaultSqlSession@5550b7de]
Creating a new SqlSession
SqlSession [org.apache.ibatis.session.defaults.DefaultSqlSession@1ae71027] was not registered for synchronization because synchronization is not active
JDBC Connection [HikariProxyConnection@1247390434 wrapping org.postgresql.jdbc.PgConnection@77d0a23d] will not be managed by Spring
==>  Preparing: SELECT role_code FROM user_roles WHERE user_uuid = CAST(? AS uuid) LIMIT 1
==> Parameters: f32dab2c-1da9-472e-944c-ff9fadf0b6b4(String)
<==    Columns: role_code
<==        Row: admin
<==      Total: 1
Closing non transactional SqlSession [org.apache.ibatis.session.defaults.DefaultSqlSession@1ae71027]
[31m2026-05-31 19:58:50.145[0;39m [33m[http-nio-9966-exec-5][0;39m [34mINFO [0;39m [32mc.g.dsp.module.login.service.impl.LoginServiceImpl[0;39m - Áî®Êà∑ test001 ÁôªÂΩïÊàêÂäü
[31m2026-05-31 19:58:50.145[0;39m [33m[http-nio-9966-exec-5][0;39m [39mDEBUG[0;39m [32mo.s.w.s.m.m.a.RequestResponseBodyMethodProcessor[0;39m - Using 'application/json', given [*/*] and supported [application/json, application/*+json]
[31m2026-05-31 19:58:50.145[0;39m [33m[http-nio-9966-exec-5][0;39m [39mDEBUG[0;39m [32mo.s.w.s.m.m.a.RequestResponseBodyMethodProcessor[0;39m - Writing [com.geo.dsp.common.result.Result@330609b8]
[31m2026-05-31 19:58:50.146[0;39m [33m[http-nio-9966-exec-5][0;39m [39mDEBUG[0;39m [32morg.springframework.web.servlet.DispatcherServlet[0;39m - Completed 200 OK
[31m2026-05-31 19:58:50.190[0;39m [33m[http-nio-9966-exec-7][0;39m [39mDEBUG[0;39m [32mcom.geo.dsp.filter.JwtAuthenticationFilter[0;39m - JWT Token ËÆ§ËØÅÊàêÂäüÔºåÁî®Êà∑: test001
[31m2026-05-31 19:58:50.190[0;39m [33m[http-nio-9966-exec-7][0;39m [39mDEBUG[0;39m [32morg.springframework.web.servlet.DispatcherServlet[0;39m - POST "/geo/api/user/add?createBy=1", parameters={masked}
[31m2026-05-31 19:58:50.190[0;39m [33m[http-nio-9966-exec-7][0;39m [39mDEBUG[0;39m [32mo.s.w.s.m.m.a.RequestMappingHandlerMapping[0;39m - Mapped to com.geo.dsp.module.user.controller.UserController#add(UserAddDTO, Long)
[31m2026-05-31 19:58:50.194[0;39m [33m[http-nio-9966-exec-7][0;39m [39mDEBUG[0;39m [32morg.springframework.web.method.HandlerMethod[0;39m - Could not resolve parameter [0] in public com.geo.dsp.common.result.Result<java.lang.Boolean> com.geo.dsp.module.user.controller.UserController.add(com.geo.dsp.module.user.dto.UserAddDTO,java.lang.Long): JSON parse error: Invalid UTF-8 middle byte 0xc3
[31m2026-05-31 19:58:50.194[0;39m [33m[http-nio-9966-exec-7][0;39m [39mDEBUG[0;39m [32mo.s.w.s.m.m.a.ExceptionHandlerExceptionResolver[0;39m - Using @ExceptionHandler com.geo.dsp.common.exception.GlobalExceptionHandler#handleRuntimeException(RuntimeException)
[31m2026-05-31 19:58:50.194[0;39m [33m[http-nio-9966-exec-7][0;39m [1;31mERROR[0;39m [32mc.geo.dsp.common.exception.GlobalExceptionHandler[0;39m - ‰∏öÂä°ÂºÇÂ∏∏: JSON parse error: Invalid UTF-8 middle byte 0xc3
[31m2026-05-31 19:58:50.196[0;39m [33m[http-nio-9966-exec-7][0;39m [39mDEBUG[0;39m [32mo.s.w.s.m.m.a.RequestResponseBodyMethodProcessor[0;39m - Using 'application/json', given [*/*] and supported [application/json, application/*+json]
[31m2026-05-31 19:58:50.196[0;39m [33m[http-nio-9966-exec-7][0;39m [39mDEBUG[0;39m [32mo.s.w.s.m.m.a.RequestResponseBodyMethodProcessor[0;39m - Writing [com.geo.dsp.common.result.Result@285e900f]
[31m2026-05-31 19:58:50.196[0;39m [33m[http-nio-9966-exec-7][0;39m [39mDEBUG[0;39m [32mo.s.w.s.m.m.a.ExceptionHandlerExceptionResolver[0;39m - Resolved [org.springframework.http.converter.HttpMessageNotReadableException: JSON parse error: Invalid UTF-8 middle byte 0xc3]
[31m2026-05-31 19:58:50.196[0;39m [33m[http-nio-9966-exec-7][0;39m [39mDEBUG[0;39m [32morg.springframework.web.servlet.DispatcherServlet[0;39m - Completed 200 OK
[31m2026-05-31 19:58:50.241[0;39m [33m[http-nio-9966-exec-6][0;39m [39mDEBUG[0;39m [32mcom.geo.dsp.filter.JwtAuthenticationFilter[0;39m - JWT Token ËÆ§ËØÅÊàêÂäüÔºåÁî®Êà∑: test001
[31m2026-05-31 19:58:50.241[0;39m [33m[http-nio-9966-exec-6][0;39m [39mDEBUG[0;39m [32morg.springframework.web.servlet.DispatcherServlet[0;39m - PUT "/geo/api/user/update?updateBy=1", parameters={masked}
[31m2026-05-31 19:58:50.241[0;39m [33m[http-nio-9966-exec-6][0;39m [39mDEBUG[0;39m [32mo.s.w.s.m.m.a.RequestMappingHandlerMapping[0;39m - Mapped to com.geo.dsp.module.user.controller.UserController#update(UserUpdateDTO, Long)
[31m2026-05-31 19:58:50.243[0;39m [33m[http-nio-9966-exec-6][0;39m [39mDEBUG[0;39m [32morg.springframework.web.method.HandlerMethod[0;39m - Could not resolve parameter [0] in public com.geo.dsp.common.result.Result<java.lang.Boolean> com.geo.dsp.module.user.controller.UserController.update(com.geo.dsp.module.user.dto.UserUpdateDTO,java.lang.Long): JSON parse error: Invalid UTF-8 middle byte 0xc3
[31m2026-05-31 19:58:50.243[0;39m [33m[http-nio-9966-exec-6][0;39m [39mDEBUG[0;39m [32mo.s.w.s.m.m.a.ExceptionHandlerExceptionResolver[0;39m - Using @ExceptionHandler com.geo.dsp.common.exception.GlobalExceptionHandler#handleRuntimeException(RuntimeException)
[31m2026-05-31 19:58:50.243[0;39m [33m[http-nio-9966-exec-6][0;39m [1;31mERROR[0;39m [32mc.geo.dsp.common.exception.GlobalExceptionHandler[0;39m - ‰∏öÂä°ÂºÇÂ∏∏: JSON parse error: Invalid UTF-8 middle byte 0xc3
[31m2026-05-31 19:58:50.243[0;39m [33m[http-nio-9966-exec-6][0;39m [39mDEBUG[0;39m [32mo.s.w.s.m.m.a.RequestResponseBodyMethodProcessor[0;39m - Using 'application/json', given [*/*] and supported [application/json, application/*+json]
[31m2026-05-31 19:58:50.243[0;39m [33m[http-nio-9966-exec-6][0;39m [39mDEBUG[0;39m [32mo.s.w.s.m.m.a.RequestResponseBodyMethodProcessor[0;39m - Writing [com.geo.dsp.common.result.Result@4524b3ab]
[31m2026-05-31 19:58:50.243[0;39m [33m[http-nio-9966-exec-6][0;39m [39mDEBUG[0;39m [32mo.s.w.s.m.m.a.ExceptionHandlerExceptionResolver[0;39m - Resolved [org.springframework.http.converter.HttpMessageNotReadableException: JSON parse error: Invalid UTF-8 middle byte 0xc3]
[31m2026-05-31 19:58:50.243[0;39m [33m[http-nio-9966-exec-6][0;39m [39mDEBUG[0;39m [32morg.springframework.web.servlet.DispatcherServlet[0;39m - Completed 200 OK
[31m2026-05-31 19:58:50.287[0;39m [33m[http-nio-9966-exec-8][0;39m [39mDEBUG[0;39m [32mcom.geo.dsp.filter.JwtAuthenticationFilter[0;39m - JWT Token ËÆ§ËØÅÊàêÂäüÔºåÁî®Êà∑: test001
[31m2026-05-31 19:58:50.288[0;39m [33m[http-nio-9966-exec-8][0;39m [39mDEBUG[0;39m [32morg.springframework.web.servlet.DispatcherServlet[0;39m - POST "/geo/api/operator/add?createBy=1", parameters={masked}
[31m2026-05-31 19:58:50.288[0;39m [33m[http-nio-9966-exec-8][0;39m [39mDEBUG[0;39m [32mo.s.w.s.m.m.a.RequestMappingHandlerMapping[0;39m - Mapped to com.geo.dsp.module.privilege.controller.OperatorManageController#create(OperatorManageDTO, Long)
[31m2026-05-31 19:58:50.293[0;39m [33m[http-nio-9966-exec-8][0;39m [39mDEBUG[0;39m [32mo.s.w.s.m.m.a.RequestResponseBodyMethodProcessor[0;39m - Read "application/json;charset=UTF-8" to [OperatorManageDTO(uuid=null, companyId=null, userId=null, operatorName=test_op, phoneNum=13800000001 (truncated)...]
Creating a new SqlSession
SqlSession [org.apache.ibatis.session.defaults.DefaultSqlSession@7206d5f3] was not registered for synchronization because synchronization is not active
JDBC Connection [HikariProxyConnection@1709480571 wrapping org.postgresql.jdbc.PgConnection@77d0a23d] will not be managed by Spring
==>  Preparing: INSERT INTO operator_manage ( uuid, company_id, user_id, operator_name, phone_num, status, start_time, stop_time, create_by, create_time, update_by, update_time, is_del, note ) VALUES ( ?::uuid, ?, ?, ?, ?, ?, ?, ?, ?, ?, ?, ?, ?, ? )
==> Parameters: f73d1f6e11544714a35a266f8f51e122(String), 1(Long), 0(Long), test_op(String), 13800000001(String), 1(Integer), 2025-12-31T16:00Z(OffsetDateTime), 2026-12-30T16:00Z(OffsetDateTime), 1(Long), 2026-05-31T19:58:50.294628600+08:00(OffsetDateTime), null, null, false(Boolean), null
<==    Updates: 1
Closing non transactional SqlSession [org.apache.ibatis.session.defaults.DefaultSqlSession@7206d5f3]
[31m2026-05-31 19:58:50.315[0;39m [33m[http-nio-9966-exec-8][0;39m [39mDEBUG[0;39m [32mo.s.w.s.m.m.a.RequestResponseBodyMethodProcessor[0;39m - Using 'application/json', given [*/*] and supported [application/json, application/*+json]
[31m2026-05-31 19:58:50.315[0;39m [33m[http-nio-9966-exec-8][0;39m [39mDEBUG[0;39m [32mo.s.w.s.m.m.a.RequestResponseBodyMethodProcessor[0;39m - Writing [com.geo.dsp.common.result.Result@7a6e4d95]
[31m2026-05-31 19:58:50.315[0;39m [33m[http-nio-9966-exec-8][0;39m [39mDEBUG[0;39m [32morg.springframework.web.servlet.DispatcherServlet[0;39m - Completed 200 OK
[31m2026-05-31 19:58:50.364[0;39m [33m[http-nio-9966-exec-9][0;39m [39mDEBUG[0;39m [32mcom.geo.dsp.filter.JwtAuthenticationFilter[0;39m - JWT Token ËÆ§ËØÅÊàêÂäüÔºåÁî®Êà∑: test001
[31m2026-05-31 19:58:50.364[0;39m [33m[http-nio-9966-exec-9][0;39m [39mDEBUG[0;39m [32morg.springframework.web.servlet.DispatcherServlet[0;39m - POST "/geo/api/project/create?createBy=1", parameters={masked}
[31m2026-05-31 19:58:50.365[0;39m [33m[http-nio-9966-exec-9][0;39m [39mDEBUG[0;39m [32mo.s.w.s.m.m.a.ExceptionHandlerExceptionResolver[0;39m - Using @ExceptionHandler com.geo.dsp.common.exception.GlobalExceptionHandler#handleException(Exception)
[31m2026-05-31 19:58:50.365[0;39m [33m[http-nio-9966-exec-9][0;39m [1;31mERROR[0;39m [32mc.geo.dsp.common.exception.GlobalExceptionHandler[0;39m - Á≥ªÁªüÂºÇÂ∏∏: Request method 'POST' is not supported
org.springframework.web.HttpRequestMethodNotSupportedException: Request method 'POST' is not supported
	at org.springframework.web.servlet.mvc.method.RequestMappingInfoHandlerMapping.handleNoMatch(RequestMappingInfoHandlerMapping.java:267)
	at org.springframework.web.servlet.handler.AbstractHandlerMethodMapping.lookupHandlerMethod(AbstractHandlerMethodMapping.java:441)
	at org.springframework.web.servlet.handler.AbstractHandlerMethodMapping.getHandlerInternal(AbstractHandlerMethodMapping.java:382)
	at org.springframework.web.servlet.mvc.method.RequestMappingInfoHandlerMapping.getHandlerInternal(RequestMappingInfoHandlerMapping.java:127)
	at org.springframework.web.servlet.mvc.method.RequestMappingInfoHandlerMapping.getHandlerInternal(RequestMappingInfoHandlerMapping.java:68)
	at org.springframework.web.servlet.handler.AbstractHandlerMapping.getHandler(AbstractHandlerMapping.java:509)
	at org.springframework.web.servlet.DispatcherServlet.getHandler(DispatcherServlet.java:1283)
	at org.springframework.web.servlet.DispatcherServlet.doDispatch(DispatcherServlet.java:1064)
	at org.springframework.web.servlet.DispatcherServlet.doService(DispatcherServlet.java:978)
	at org.springframework.web.servlet.FrameworkServlet.processRequest(FrameworkServlet.java:1014)
	at org.springframework.web.servlet.FrameworkServlet.doPost(FrameworkServlet.java:914)
	at jakarta.servlet.http.HttpServlet.service(HttpServlet.java:590)
	at org.springframework.web.servlet.FrameworkServlet.service(FrameworkServlet.java:885)
	at jakarta.servlet.http.HttpServlet.service(HttpServlet.java:658)
	at org.apache.catalina.core.ApplicationFilterChain.internalDoFilter(ApplicationFilterChain.java:195)
	at org.apache.catalina.core.ApplicationFilterChain.doFilter(ApplicationFilterChain.java:140)
	at org.apache.tomcat.websocket.server.WsFilter.doFilter(WsFilter.java:51)
	at org.apache.catalina.core.ApplicationFilterChain.internalDoFilter(ApplicationFilterChain.java:164)
	at org.apache.catalina.core.ApplicationFilterChain.doFilter(ApplicationFilterChain.java:140)
	at com.geo.dsp.filter.JwtAuthenticationFilter.doFilterInternal(JwtAuthenticationFilter.java:53)
	at org.springframework.web.filter.OncePerRequestFilter.doFilter(OncePerRequestFilter.java:116)
	at org.apache.catalina.core.ApplicationFilterChain.internalDoFilter(ApplicationFilterChain.java:164)
	at org.apache.catalina.core.ApplicationFilterChain.doFilter(ApplicationFilterChain.java:140)
	at org.springframework.web.filter.CompositeFilter$VirtualFilterChain.doFilter(CompositeFilter.java:108)
	at org.springframework.security.web.FilterChainProxy.lambda$doFilterInternal$3(FilterChainProxy.java:231)
	at org.springframework.security.web.FilterChainProxy$VirtualFilterChain.doFilter(FilterChainProxy.java:365)
	at org.springframework.security.web.access.intercept.AuthorizationFilter.doFilter(AuthorizationFilter.java:101)
	at org.springframework.security.web.FilterChainProxy$VirtualFilterChain.doFilter(FilterChainProxy.java:374)
	at org.springframework.security.web.access.ExceptionTranslationFilter.doFilter(ExceptionTranslationFilter.java:126)
	at org.springframework.security.web.access.ExceptionTranslationFilter.doFilter(ExceptionTranslationFilter.java:120)
	at org.springframework.security.web.FilterChainProxy$VirtualFilterChain.doFilter(FilterChainProxy.java:374)
	at org.springframework.security.web.authentication.AnonymousAuthenticationFilter.doFilter(AnonymousAuthenticationFilter.java:100)
	at org.springframework.security.web.FilterChainProxy$VirtualFilterChain.doFilter(FilterChainProxy.java:374)
	at org.springframework.security.web.servletapi.SecurityContextHolderAwareRequestFilter.doFilter(SecurityContextHolderAwareRequestFilter.java:179)
	at org.springframework.security.web.FilterChainProxy$VirtualFilterChain.doFilter(FilterChainProxy.java:374)
	at org.springframework.security.web.savedrequest.RequestCacheAwareFilter.doFilter(RequestCacheAwareFilter.java:63)
	at org.springframework.security.web.FilterChainProxy$VirtualFilterChain.doFilter(FilterChainProxy.java:374)
	at org.springframework.security.web.authentication.logout.LogoutFilter.doFilter(LogoutFilter.java:107)
	at org.springframework.security.web.authentication.logout.LogoutFilter.doFilter(LogoutFilter.java:93)
	at org.springframework.security.web.FilterChainProxy$VirtualFilterChain.doFilter(FilterChainProxy.java:374)
	at org.springframework.web.filter.CorsFilter.doFilterInternal(CorsFilter.java:91)
	at org.springframework.web.filter.OncePerRequestFilter.doFilter(OncePerRequestFilter.java:116)
	at org.springframework.security.web.FilterChainProxy$VirtualFilterChain.doFilter(FilterChainProxy.java:374)
	at org.springframework.security.web.header.HeaderWriterFilter.doHeadersAfter(HeaderWriterFilter.java:90)
	at org.springframework.security.web.header.HeaderWriterFilter.doFilterInternal(HeaderWriterFilter.java:75)
	at org.springframework.web.filter.OncePerRequestFilter.doFilter(OncePerRequestFilter.java:116)
	at org.springframework.security.web.FilterChainProxy$VirtualFilterChain.doFilter(FilterChainProxy.java:374)
	at org.springframework.security.web.context.SecurityContextHolderFilter.doFilter(SecurityContextHolderFilter.java:82)
	at org.springframework.security.web.context.SecurityContextHolderFilter.doFilter(SecurityContextHolderFilter.java:69)
	at org.springframework.security.web.FilterChainProxy$VirtualFilterChain.doFilter(FilterChainProxy.java:374)
	at org.springframework.security.web.context.request.async.WebAsyncManagerIntegrationFilter.doFilterInternal(WebAsyncManagerIntegrationFilter.java:62)
	at org.springframework.web.filter.OncePerRequestFilter.doFilter(OncePerRequestFilter.java:116)
	at org.springframework.security.web.FilterChainProxy$VirtualFilterChain.doFilter(FilterChainProxy.java:374)
	at org.springframework.security.web.session.DisableEncodeUrlFilter.doFilterInternal(DisableEncodeUrlFilter.java:42)
	at org.springframework.web.filter.OncePerRequestFilter.doFilter(OncePerRequestFilter.java:116)
	at org.springframework.security.web.FilterChainProxy$VirtualFilterChain.doFilter(FilterChainProxy.java:374)
	at org.springframework.security.web.FilterChainProxy.doFilterInternal(FilterChainProxy.java:233)
	at org.springframework.security.web.FilterChainProxy.doFilter(FilterChainProxy.java:191)
	at org.springframework.web.filter.CompositeFilter$VirtualFilterChain.doFilter(CompositeFilter.java:113)
	at org.springframework.web.servlet.handler.HandlerMappingIntrospector.lambda$createCacheFilter$3(HandlerMappingIntrospector.java:243)
	at org.springframework.web.filter.CompositeFilter$VirtualFilterChain.doFilter(CompositeFilter.java:113)
	at org.springframework.web.filter.CompositeFilter.doFilter(CompositeFilter.java:74)
	at org.springframework.security.config.annotation.web.configuration.WebMvcSecurityConfiguration$CompositeFilterChainProxy.doFilter(WebMvcSecurityConfiguration.java:238)
	at org.springframework.web.filter.DelegatingFilterProxy.invokeDelegate(DelegatingFilterProxy.java:362)
	at org.springframework.web.filter.DelegatingFilterProxy.doFilter(DelegatingFilterProxy.java:278)
	at org.apache.catalina.core.ApplicationFilterChain.internalDoFilter(ApplicationFilterChain.java:164)
	at org.apache.catalina.core.ApplicationFilterChain.doFilter(ApplicationFilterChain.java:140)
	at org.springframework.web.filter.RequestContextFilter.doFilterInternal(RequestContextFilter.java:100)
	at org.springframework.web.filter.OncePerRequestFilter.doFilter(OncePerRequestFilter.java:116)
	at org.apache.catalina.core.ApplicationFilterChain.internalDoFilter(ApplicationFilterChain.java:164)
	at org.apache.catalina.core.ApplicationFilterChain.doFilter(ApplicationFilterChain.java:140)
	at org.springframework.web.filter.FormContentFilter.doFilterInternal(FormContentFilter.java:93)
	at org.springframework.web.filter.OncePerRequestFilter.doFilter(OncePerRequestFilter.java:116)
	at org.apache.catalina.core.ApplicationFilterChain.internalDoFilter(ApplicationFilterChain.java:164)
	at org.apache.catalina.core.ApplicationFilterChain.doFilter(ApplicationFilterChain.java:140)
	at org.springframework.web.filter.CharacterEncodingFilter.doFilterInternal(CharacterEncodingFilter.java:201)
	at org.springframework.web.filter.OncePerRequestFilter.doFilter(OncePerRequestFilter.java:116)
	at org.apache.catalina.core.ApplicationFilterChain.internalDoFilter(ApplicationFilterChain.java:164)
	at org.apache.catalina.core.ApplicationFilterChain.doFilter(ApplicationFilterChain.java:140)
	at org.apache.catalina.core.StandardWrapperValve.invoke(StandardWrapperValve.java:167)
	at org.apache.catalina.core.StandardContextValve.invoke(StandardContextValve.java:90)
	at org.apache.catalina.authenticator.AuthenticatorBase.invoke(AuthenticatorBase.java:483)
	at org.apache.catalina.core.StandardHostValve.invoke(StandardHostValve.java:115)
	at org.apache.catalina.valves.ErrorReportValve.invoke(ErrorReportValve.java:93)
	at org.apache.catalina.core.StandardEngineValve.invoke(StandardEngineValve.java:74)
	at org.apache.catalina.connector.CoyoteAdapter.service(CoyoteAdapter.java:344)
	at org.apache.coyote.http11.Http11Processor.service(Http11Processor.java:397)
	at org.apache.coyote.AbstractProcessorLight.process(AbstractProcessorLight.java:63)
	at org.apache.coyote.AbstractProtocol$ConnectionHandler.process(AbstractProtocol.java:905)
	at org.apache.tomcat.util.net.NioEndpoint$SocketProcessor.doRun(NioEndpoint.java:1741)
	at org.apache.tomcat.util.net.SocketProcessorBase.run(SocketProcessorBase.java:52)
	at org.apache.tomcat.util.threads.ThreadPoolExecutor.runWorker(ThreadPoolExecutor.java:1190)
	at org.apache.tomcat.util.threads.ThreadPoolExecutor$Worker.run(ThreadPoolExecutor.java:659)
	at org.apache.tomcat.util.threads.TaskThread$WrappingRunnable.run(TaskThread.java:63)
	at java.base/java.lang.Thread.run(Thread.java:842)
[31m2026-05-31 19:58:50.365[0;39m [33m[http-nio-9966-exec-9][0;39m [39mDEBUG[0;39m [32mo.s.w.s.m.m.a.RequestResponseBodyMethodProcessor[0;39m - Using 'application/json', given [*/*] and supported [application/json, application/*+json]
[31m2026-05-31 19:58:50.365[0;39m [33m[http-nio-9966-exec-9][0;39m [39mDEBUG[0;39m [32mo.s.w.s.m.m.a.RequestResponseBodyMethodProcessor[0;39m - Writing [com.geo.dsp.common.result.Result@afee0eb]
[31m2026-05-31 19:58:50.365[0;39m [33m[http-nio-9966-exec-9][0;39m [39mDEBUG[0;39m [32mo.s.w.s.m.m.a.ExceptionHandlerExceptionResolver[0;39m - Resolved [org.springframework.web.HttpRequestMethodNotSupportedException: Request method 'POST' is not supported]
[31m2026-05-31 19:58:50.365[0;39m [33m[http-nio-9966-exec-9][0;39m [39mDEBUG[0;39m [32morg.springframework.web.servlet.DispatcherServlet[0;39m - Completed 200 OK
[31m2026-05-31 19:58:50.414[0;39m [33m[http-nio-9966-exec-10][0;39m [39mDEBUG[0;39m [32mcom.geo.dsp.filter.JwtAuthenticationFilter[0;39m - JWT Token ËÆ§ËØÅÊàêÂäüÔºåÁî®Êà∑: test001
[31m2026-05-31 19:58:50.414[0;39m [33m[http-nio-9966-exec-10][0;39m [39mDEBUG[0;39m [32morg.springframework.web.servlet.DispatcherServlet[0;39m - POST "/geo/api/task/create?createBy=1", parameters={masked}
[31m2026-05-31 19:58:50.414[0;39m [33m[http-nio-9966-exec-10][0;39m [39mDEBUG[0;39m [32mo.s.web.servlet.handler.SimpleUrlHandlerMapping[0;39m - Mapped to ResourceHttpRequestHandler [classpath [META-INF/resources/], classpath [resources/], classpath [static/], classpath [public/], ServletContext [/]]
[31m2026-05-31 19:58:50.415[0;39m [33m[http-nio-9966-exec-10][0;39m [39mDEBUG[0;39m [32mo.s.w.servlet.resource.ResourceHttpRequestHandler[0;39m - Resource not found
[31m2026-05-31 19:58:50.415[0;39m [33m[http-nio-9966-exec-10][0;39m [39mDEBUG[0;39m [32mo.s.w.s.m.m.a.ExceptionHandlerExceptionResolver[0;39m - Using @ExceptionHandler com.geo.dsp.common.exception.GlobalExceptionHandler#handleException(Exception)
[31m2026-05-31 19:58:50.416[0;39m [33m[http-nio-9966-exec-10][0;39m [1;31mERROR[0;39m [32mc.geo.dsp.common.exception.GlobalExceptionHandler[0;39m - Á≥ªÁªüÂºÇÂ∏∏: No static resource api/task/create.
org.springframework.web.servlet.resource.NoResourceFoundException: No static resource api/task/create.
	at org.springframework.web.servlet.resource.ResourceHttpRequestHandler.handleRequest(ResourceHttpRequestHandler.java:585)
	at org.springframework.web.servlet.mvc.HttpRequestHandlerAdapter.handle(HttpRequestHandlerAdapter.java:52)
	at org.springframework.web.servlet.DispatcherServlet.doDispatch(DispatcherServlet.java:1088)
	at org.springframework.web.servlet.DispatcherServlet.doService(DispatcherServlet.java:978)
	at org.springframework.web.servlet.FrameworkServlet.processRequest(FrameworkServlet.java:1014)
	at org.springframework.web.servlet.FrameworkServlet.doPost(FrameworkServlet.java:914)
	at jakarta.servlet.http.HttpServlet.service(HttpServlet.java:590)
	at org.springframework.web.servlet.FrameworkServlet.service(FrameworkServlet.java:885)
	at jakarta.servlet.http.HttpServlet.service(HttpServlet.java:658)
	at org.apache.catalina.core.ApplicationFilterChain.internalDoFilter(ApplicationFilterChain.java:195)
	at org.apache.catalina.core.ApplicationFilterChain.doFilter(ApplicationFilterChain.java:140)
	at org.apache.tomcat.websocket.server.WsFilter.doFilter(WsFilter.java:51)
	at org.apache.catalina.core.ApplicationFilterChain.internalDoFilter(ApplicationFilterChain.java:164)
	at org.apache.catalina.core.ApplicationFilterChain.doFilter(ApplicationFilterChain.java:140)
	at com.geo.dsp.filter.JwtAuthenticationFilter.doFilterInternal(JwtAuthenticationFilter.java:53)
	at org.springframework.web.filter.OncePerRequestFilter.doFilter(OncePerRequestFilter.java:116)
	at org.apache.catalina.core.ApplicationFilterChain.internalDoFilter(ApplicationFilterChain.java:164)
	at org.apache.catalina.core.ApplicationFilterChain.doFilter(ApplicationFilterChain.java:140)
	at org.springframework.web.filter.CompositeFilter$VirtualFilterChain.doFilter(CompositeFilter.java:108)
	at org.springframework.security.web.FilterChainProxy.lambda$doFilterInternal$3(FilterChainProxy.java:231)
	at org.springframework.security.web.FilterChainProxy$VirtualFilterChain.doFilter(FilterChainProxy.java:365)
	at org.springframework.security.web.access.intercept.AuthorizationFilter.doFilter(AuthorizationFilter.java:101)
	at org.springframework.security.web.FilterChainProxy$VirtualFilterChain.doFilter(FilterChainProxy.java:374)
	at org.springframework.security.web.access.ExceptionTranslationFilter.doFilter(ExceptionTranslationFilter.java:126)
	at org.springframework.security.web.access.ExceptionTranslationFilter.doFilter(ExceptionTranslationFilter.java:120)
	at org.springframework.security.web.FilterChainProxy$VirtualFilterChain.doFilter(FilterChainProxy.java:374)
	at org.springframework.security.web.authentication.AnonymousAuthenticationFilter.doFilter(AnonymousAuthenticationFilter.java:100)
	at org.springframework.security.web.FilterChainProxy$VirtualFilterChain.doFilter(FilterChainProxy.java:374)
	at org.springframework.security.web.servletapi.SecurityContextHolderAwareRequestFilter.doFilter(SecurityContextHolderAwareRequestFilter.java:179)
	at org.springframework.security.web.FilterChainProxy$VirtualFilterChain.doFilter(FilterChainProxy.java:374)
	at org.springframework.security.web.savedrequest.RequestCacheAwareFilter.doFilter(RequestCacheAwareFilter.java:63)
	at org.springframework.security.web.FilterChainProxy$VirtualFilterChain.doFilter(FilterChainProxy.java:374)
	at org.springframework.security.web.authentication.logout.LogoutFilter.doFilter(LogoutFilter.java:107)
	at org.springframework.security.web.authentication.logout.LogoutFilter.doFilter(LogoutFilter.java:93)
	at org.springframework.security.web.FilterChainProxy$VirtualFilterChain.doFilter(FilterChainProxy.java:374)
	at org.springframework.web.filter.CorsFilter.doFilterInternal(CorsFilter.java:91)
	at org.springframework.web.filter.OncePerRequestFilter.doFilter(OncePerRequestFilter.java:116)
	at org.springframework.security.web.FilterChainProxy$VirtualFilterChain.doFilter(FilterChainProxy.java:374)
	at org.springframework.security.web.header.HeaderWriterFilter.doHeadersAfter(HeaderWriterFilter.java:90)
	at org.springframework.security.web.header.HeaderWriterFilter.doFilterInternal(HeaderWriterFilter.java:75)
	at org.springframework.web.filter.OncePerRequestFilter.doFilter(OncePerRequestFilter.java:116)
	at org.springframework.security.web.FilterChainProxy$VirtualFilterChain.doFilter(FilterChainProxy.java:374)
	at org.springframework.security.web.context.SecurityContextHolderFilter.doFilter(SecurityContextHolderFilter.java:82)
	at org.springframework.security.web.context.SecurityContextHolderFilter.doFilter(SecurityContextHolderFilter.java:69)
	at org.springframework.security.web.FilterChainProxy$VirtualFilterChain.doFilter(FilterChainProxy.java:374)
	at org.springframework.security.web.context.request.async.WebAsyncManagerIntegrationFilter.doFilterInternal(WebAsyncManagerIntegrationFilter.java:62)
	at org.springframework.web.filter.OncePerRequestFilter.doFilter(OncePerRequestFilter.java:116)
	at org.springframework.security.web.FilterChainProxy$VirtualFilterChain.doFilter(FilterChainProxy.java:374)
	at org.springframework.security.web.session.DisableEncodeUrlFilter.doFilterInternal(DisableEncodeUrlFilter.java:42)
	at org.springframework.web.filter.OncePerRequestFilter.doFilter(OncePerRequestFilter.java:116)
	at org.springframework.security.web.FilterChainProxy$VirtualFilterChain.doFilter(FilterChainProxy.java:374)
	at org.springframework.security.web.FilterChainProxy.doFilterInternal(FilterChainProxy.java:233)
	at org.springframework.security.web.FilterChainProxy.doFilter(FilterChainProxy.java:191)
	at org.springframework.web.filter.CompositeFilter$VirtualFilterChain.doFilter(CompositeFilter.java:113)
	at org.springframework.web.servlet.handler.HandlerMappingIntrospector.lambda$createCacheFilter$3(HandlerMappingIntrospector.java:243)
	at org.springframework.web.filter.CompositeFilter$VirtualFilterChain.doFilter(CompositeFilter.java:113)
	at org.springframework.web.filter.CompositeFilter.doFilter(CompositeFilter.java:74)
	at org.springframework.security.config.annotation.web.configuration.WebMvcSecurityConfiguration$CompositeFilterChainProxy.doFilter(WebMvcSecurityConfiguration.java:238)
	at org.springframework.web.filter.DelegatingFilterProxy.invokeDelegate(DelegatingFilterProxy.java:362)
	at org.springframework.web.filter.DelegatingFilterProxy.doFilter(DelegatingFilterProxy.java:278)
	at org.apache.catalina.core.ApplicationFilterChain.internalDoFilter(ApplicationFilterChain.java:164)
	at org.apache.catalina.core.ApplicationFilterChain.doFilter(ApplicationFilterChain.java:140)
	at org.springframework.web.filter.RequestContextFilter.doFilterInternal(RequestContextFilter.java:100)
	at org.springframework.web.filter.OncePerRequestFilter.doFilter(OncePerRequestFilter.java:116)
	at org.apache.catalina.core.ApplicationFilterChain.internalDoFilter(ApplicationFilterChain.java:164)
	at org.apache.catalina.core.ApplicationFilterChain.doFilter(ApplicationFilterChain.java:140)
	at org.springframework.web.filter.FormContentFilter.doFilterInternal(FormContentFilter.java:93)
	at org.springframework.web.filter.OncePerRequestFilter.doFilter(OncePerRequestFilter.java:116)
	at org.apache.catalina.core.ApplicationFilterChain.internalDoFilter(ApplicationFilterChain.java:164)
	at org.apache.catalina.core.ApplicationFilterChain.doFilter(ApplicationFilterChain.java:140)
	at org.springframework.web.filter.CharacterEncodingFilter.doFilterInternal(CharacterEncodingFilter.java:201)
	at org.springframework.web.filter.OncePerRequestFilter.doFilter(OncePerRequestFilter.java:116)
	at org.apache.catalina.core.ApplicationFilterChain.internalDoFilter(ApplicationFilterChain.java:164)
	at org.apache.catalina.core.ApplicationFilterChain.doFilter(ApplicationFilterChain.java:140)
	at org.apache.catalina.core.StandardWrapperValve.invoke(StandardWrapperValve.java:167)
	at org.apache.catalina.core.StandardContextValve.invoke(StandardContextValve.java:90)
	at org.apache.catalina.authenticator.AuthenticatorBase.invoke(AuthenticatorBase.java:483)
	at org.apache.catalina.core.StandardHostValve.invoke(StandardHostValve.java:115)
	at org.apache.catalina.valves.ErrorReportValve.invoke(ErrorReportValve.java:93)
	at org.apache.catalina.core.StandardEngineValve.invoke(StandardEngineValve.java:74)
	at org.apache.catalina.connector.CoyoteAdapter.service(CoyoteAdapter.java:344)
	at org.apache.coyote.http11.Http11Processor.service(Http11Processor.java:397)
	at org.apache.coyote.AbstractProcessorLight.process(AbstractProcessorLight.java:63)
	at org.apache.coyote.AbstractProtocol$ConnectionHandler.process(AbstractProtocol.java:905)
	at org.apache.tomcat.util.net.NioEndpoint$SocketProcessor.doRun(NioEndpoint.java:1741)
	at org.apache.tomcat.util.net.SocketProcessorBase.run(SocketProcessorBase.java:52)
	at org.apache.tomcat.util.threads.ThreadPoolExecutor.runWorker(ThreadPoolExecutor.java:1190)
	at org.apache.tomcat.util.threads.ThreadPoolExecutor$Worker.run(ThreadPoolExecutor.java:659)
	at org.apache.tomcat.util.threads.TaskThread$WrappingRunnable.run(TaskThread.java:63)
	at java.base/java.lang.Thread.run(Thread.java:842)
[31m2026-05-31 19:58:50.416[0;39m [33m[http-nio-9966-exec-10][0;39m [39mDEBUG[0;39m [32mo.s.w.s.m.m.a.RequestResponseBodyMethodProcessor[0;39m - Using 'application/json', given [*/*] and supported [application/json, application/*+json]
[31m2026-05-31 19:58:50.416[0;39m [33m[http-nio-9966-exec-10][0;39m [39mDEBUG[0;39m [32mo.s.w.s.m.m.a.RequestResponseBodyMethodProcessor[0;39m - Writing [com.geo.dsp.common.result.Result@2bd4fa4]
[31m2026-05-31 19:58:50.416[0;39m [33m[http-nio-9966-exec-10][0;39m [39mDEBUG[0;39m [32mo.s.w.s.m.m.a.ExceptionHandlerExceptionResolver[0;39m - Resolved [org.springframework.web.servlet.resource.NoResourceFoundException: No static resource api/task/create.]
[31m2026-05-31 19:58:50.416[0;39m [33m[http-nio-9966-exec-10][0;39m [39mDEBUG[0;39m [32morg.springframework.web.servlet.DispatcherServlet[0;39m - Completed 200 OK
[31m2026-05-31 19:58:50.458[0;39m [33m[http-nio-9966-exec-1][0;39m [39mDEBUG[0;39m [32mcom.geo.dsp.filter.JwtAuthenticationFilter[0;39m - JWT Token ËÆ§ËØÅÊàêÂäüÔºåÁî®Êà∑: test001
[31m2026-05-31 19:58:50.459[0;39m [33m[http-nio-9966-exec-1][0;39m [39mDEBUG[0;39m [32morg.springframework.web.servlet.DispatcherServlet[0;39m - POST "/geo/api/device/add?createBy=1", parameters={masked}
[31m2026-05-31 19:58:50.459[0;39m [33m[http-nio-9966-exec-1][0;39m [39mDEBUG[0;39m [32mo.s.w.s.m.m.a.ExceptionHandlerExceptionResolver[0;39m - Using @ExceptionHandler com.geo.dsp.common.exception.GlobalExceptionHandler#handleException(Exception)
[31m2026-05-31 19:58:50.459[0;39m [33m[http-nio-9966-exec-1][0;39m [1;31mERROR[0;39m [32mc.geo.dsp.common.exception.GlobalExceptionHandler[0;39m - Á≥ªÁªüÂºÇÂ∏∏: Request method 'POST' is not supported
org.springframework.web.HttpRequestMethodNotSupportedException: Request method 'POST' is not supported
	at org.springframework.web.servlet.mvc.method.RequestMappingInfoHandlerMapping.handleNoMatch(RequestMappingInfoHandlerMapping.java:267)
	at org.springframework.web.servlet.handler.AbstractHandlerMethodMapping.lookupHandlerMethod(AbstractHandlerMethodMapping.java:441)
	at org.springframework.web.servlet.handler.AbstractHandlerMethodMapping.getHandlerInternal(AbstractHandlerMethodMapping.java:382)
	at org.springframework.web.servlet.mvc.method.RequestMappingInfoHandlerMapping.getHandlerInternal(RequestMappingInfoHandlerMapping.java:127)
	at org.springframework.web.servlet.mvc.method.RequestMappingInfoHandlerMapping.getHandlerInternal(RequestMappingInfoHandlerMapping.java:68)
	at org.springframework.web.servlet.handler.AbstractHandlerMapping.getHandler(AbstractHandlerMapping.java:509)
	at org.springframework.web.servlet.DispatcherServlet.getHandler(DispatcherServlet.java:1283)
	at org.springframework.web.servlet.DispatcherServlet.doDispatch(DispatcherServlet.java:1064)
	at org.springframework.web.servlet.DispatcherServlet.doService(DispatcherServlet.java:978)
	at org.springframework.web.servlet.FrameworkServlet.processRequest(FrameworkServlet.java:1014)
	at org.springframework.web.servlet.FrameworkServlet.doPost(FrameworkServlet.java:914)
	at jakarta.servlet.http.HttpServlet.service(HttpServlet.java:590)
	at org.springframework.web.servlet.FrameworkServlet.service(FrameworkServlet.java:885)
	at jakarta.servlet.http.HttpServlet.service(HttpServlet.java:658)
	at org.apache.catalina.core.ApplicationFilterChain.internalDoFilter(ApplicationFilterChain.java:195)
	at org.apache.catalina.core.ApplicationFilterChain.doFilter(ApplicationFilterChain.java:140)
	at org.apache.tomcat.websocket.server.WsFilter.doFilter(WsFilter.java:51)
	at org.apache.catalina.core.ApplicationFilterChain.internalDoFilter(ApplicationFilterChain.java:164)
	at org.apache.catalina.core.ApplicationFilterChain.doFilter(ApplicationFilterChain.java:140)
	at com.geo.dsp.filter.JwtAuthenticationFilter.doFilterInternal(JwtAuthenticationFilter.java:53)
	at org.springframework.web.filter.OncePerRequestFilter.doFilter(OncePerRequestFilter.java:116)
	at org.apache.catalina.core.ApplicationFilterChain.internalDoFilter(ApplicationFilterChain.java:164)
	at org.apache.catalina.core.ApplicationFilterChain.doFilter(ApplicationFilterChain.java:140)
	at org.springframework.web.filter.CompositeFilter$VirtualFilterChain.doFilter(CompositeFilter.java:108)
	at org.springframework.security.web.FilterChainProxy.lambda$doFilterInternal$3(FilterChainProxy.java:231)
	at org.springframework.security.web.FilterChainProxy$VirtualFilterChain.doFilter(FilterChainProxy.java:365)
	at org.springframework.security.web.access.intercept.AuthorizationFilter.doFilter(AuthorizationFilter.java:101)
	at org.springframework.security.web.FilterChainProxy$VirtualFilterChain.doFilter(FilterChainProxy.java:374)
	at org.springframework.security.web.access.ExceptionTranslationFilter.doFilter(ExceptionTranslationFilter.java:126)
	at org.springframework.security.web.access.ExceptionTranslationFilter.doFilter(ExceptionTranslationFilter.java:120)
	at org.springframework.security.web.FilterChainProxy$VirtualFilterChain.doFilter(FilterChainProxy.java:374)
	at org.springframework.security.web.authentication.AnonymousAuthenticationFilter.doFilter(AnonymousAuthenticationFilter.java:100)
	at org.springframework.security.web.FilterChainProxy$VirtualFilterChain.doFilter(FilterChainProxy.java:374)
	at org.springframework.security.web.servletapi.SecurityContextHolderAwareRequestFilter.doFilter(SecurityContextHolderAwareRequestFilter.java:179)
	at org.springframework.security.web.FilterChainProxy$VirtualFilterChain.doFilter(FilterChainProxy.java:374)
	at org.springframework.security.web.savedrequest.RequestCacheAwareFilter.doFilter(RequestCacheAwareFilter.java:63)
	at org.springframework.security.web.FilterChainProxy$VirtualFilterChain.doFilter(FilterChainProxy.java:374)
	at org.springframework.security.web.authentication.logout.LogoutFilter.doFilter(LogoutFilter.java:107)
	at org.springframework.security.web.authentication.logout.LogoutFilter.doFilter(LogoutFilter.java:93)
	at org.springframework.security.web.FilterChainProxy$VirtualFilterChain.doFilter(FilterChainProxy.java:374)
	at org.springframework.web.filter.CorsFilter.doFilterInternal(CorsFilter.java:91)
	at org.springframework.web.filter.OncePerRequestFilter.doFilter(OncePerRequestFilter.java:116)
	at org.springframework.security.web.FilterChainProxy$VirtualFilterChain.doFilter(FilterChainProxy.java:374)
	at org.springframework.security.web.header.HeaderWriterFilter.doHeadersAfter(HeaderWriterFilter.java:90)
	at org.springframework.security.web.header.HeaderWriterFilter.doFilterInternal(HeaderWriterFilter.java:75)
	at org.springframework.web.filter.OncePerRequestFilter.doFilter(OncePerRequestFilter.java:116)
	at org.springframework.security.web.FilterChainProxy$VirtualFilterChain.doFilter(FilterChainProxy.java:374)
	at org.springframework.security.web.context.SecurityContextHolderFilter.doFilter(SecurityContextHolderFilter.java:82)
	at org.springframework.security.web.context.SecurityContextHolderFilter.doFilter(SecurityContextHolderFilter.java:69)
	at org.springframework.security.web.FilterChainProxy$VirtualFilterChain.doFilter(FilterChainProxy.java:374)
	at org.springframework.security.web.context.request.async.WebAsyncManagerIntegrationFilter.doFilterInternal(WebAsyncManagerIntegrationFilter.java:62)
	at org.springframework.web.filter.OncePerRequestFilter.doFilter(OncePerRequestFilter.java:116)
	at org.springframework.security.web.FilterChainProxy$VirtualFilterChain.doFilter(FilterChainProxy.java:374)
	at org.springframework.security.web.session.DisableEncodeUrlFilter.doFilterInternal(DisableEncodeUrlFilter.java:42)
	at org.springframework.web.filter.OncePerRequestFilter.doFilter(OncePerRequestFilter.java:116)
	at org.springframework.security.web.FilterChainProxy$VirtualFilterChain.doFilter(FilterChainProxy.java:374)
	at org.springframework.security.web.FilterChainProxy.doFilterInternal(FilterChainProxy.java:233)
	at org.springframework.security.web.FilterChainProxy.doFilter(FilterChainProxy.java:191)
	at org.springframework.web.filter.CompositeFilter$VirtualFilterChain.doFilter(CompositeFilter.java:113)
	at org.springframework.web.servlet.handler.HandlerMappingIntrospector.lambda$createCacheFilter$3(HandlerMappingIntrospector.java:243)
	at org.springframework.web.filter.CompositeFilter$VirtualFilterChain.doFilter(CompositeFilter.java:113)
	at org.springframework.web.filter.CompositeFilter.doFilter(CompositeFilter.java:74)
	at org.springframework.security.config.annotation.web.configuration.WebMvcSecurityConfiguration$CompositeFilterChainProxy.doFilter(WebMvcSecurityConfiguration.java:238)
	at org.springframework.web.filter.DelegatingFilterProxy.invokeDelegate(DelegatingFilterProxy.java:362)
	at org.springframework.web.filter.DelegatingFilterProxy.doFilter(DelegatingFilterProxy.java:278)
	at org.apache.catalina.core.ApplicationFilterChain.internalDoFilter(ApplicationFilterChain.java:164)
	at org.apache.catalina.core.ApplicationFilterChain.doFilter(ApplicationFilterChain.java:140)
	at org.springframework.web.filter.RequestContextFilter.doFilterInternal(RequestContextFilter.java:100)
	at org.springframework.web.filter.OncePerRequestFilter.doFilter(OncePerRequestFilter.java:116)
	at org.apache.catalina.core.ApplicationFilterChain.internalDoFilter(ApplicationFilterChain.java:164)
	at org.apache.catalina.core.ApplicationFilterChain.doFilter(ApplicationFilterChain.java:140)
	at org.springframework.web.filter.FormContentFilter.doFilterInternal(FormContentFilter.java:93)
	at org.springframework.web.filter.OncePerRequestFilter.doFilter(OncePerRequestFilter.java:116)
	at org.apache.catalina.core.ApplicationFilterChain.internalDoFilter(ApplicationFilterChain.java:164)
	at org.apache.catalina.core.ApplicationFilterChain.doFilter(ApplicationFilterChain.java:140)
	at org.springframework.web.filter.CharacterEncodingFilter.doFilterInternal(CharacterEncodingFilter.java:201)
	at org.springframework.web.filter.OncePerRequestFilter.doFilter(OncePerRequestFilter.java:116)
	at org.apache.catalina.core.ApplicationFilterChain.internalDoFilter(ApplicationFilterChain.java:164)
	at org.apache.catalina.core.ApplicationFilterChain.doFilter(ApplicationFilterChain.java:140)
	at org.apache.catalina.core.StandardWrapperValve.invoke(StandardWrapperValve.java:167)
	at org.apache.catalina.core.StandardContextValve.invoke(StandardContextValve.java:90)
	at org.apache.catalina.authenticator.AuthenticatorBase.invoke(AuthenticatorBase.java:483)
	at org.apache.catalina.core.StandardHostValve.invoke(StandardHostValve.java:115)
	at org.apache.catalina.valves.ErrorReportValve.invoke(ErrorReportValve.java:93)
	at org.apache.catalina.core.StandardEngineValve.invoke(StandardEngineValve.java:74)
	at org.apache.catalina.connector.CoyoteAdapter.service(CoyoteAdapter.java:344)
	at org.apache.coyote.http11.Http11Processor.service(Http11Processor.java:397)
	at org.apache.coyote.AbstractProcessorLight.process(AbstractProcessorLight.java:63)
	at org.apache.coyote.AbstractProtocol$ConnectionHandler.process(AbstractProtocol.java:905)
	at org.apache.tomcat.util.net.NioEndpoint$SocketProcessor.doRun(NioEndpoint.java:1741)
	at org.apache.tomcat.util.net.SocketProcessorBase.run(SocketProcessorBase.java:52)
	at org.apache.tomcat.util.threads.ThreadPoolExecutor.runWorker(ThreadPoolExecutor.java:1190)
	at org.apache.tomcat.util.threads.ThreadPoolExecutor$Worker.run(ThreadPoolExecutor.java:659)
	at org.apache.tomcat.util.threads.TaskThread$WrappingRunnable.run(TaskThread.java:63)
	at java.base/java.lang.Thread.run(Thread.java:842)
[31m2026-05-31 19:58:50.459[0;39m [33m[http-nio-9966-exec-1][0;39m [39mDEBUG[0;39m [32mo.s.w.s.m.m.a.RequestResponseBodyMethodProcessor[0;39m - Using 'application/json', given [*/*] and supported [application/json, application/*+json]
[31m2026-05-31 19:58:50.459[0;39m [33m[http-nio-9966-exec-1][0;39m [39mDEBUG[0;39m [32mo.s.w.s.m.m.a.RequestResponseBodyMethodProcessor[0;39m - Writing [com.geo.dsp.common.result.Result@fe624bc]
[31m2026-05-31 19:58:50.460[0;39m [33m[http-nio-9966-exec-1][0;39m [39mDEBUG[0;39m [32mo.s.w.s.m.m.a.ExceptionHandlerExceptionResolver[0;39m - Resolved [org.springframework.web.HttpRequestMethodNotSupportedException: Request method 'POST' is not supported]
[31m2026-05-31 19:58:50.460[0;39m [33m[http-nio-9966-exec-1][0;39m [39mDEBUG[0;39m [32morg.springframework.web.servlet.DispatcherServlet[0;39m - Completed 200 OK
[31m2026-05-31 19:58:50.507[0;39m [33m[http-nio-9966-exec-2][0;39m [39mDEBUG[0;39m [32mcom.geo.dsp.filter.JwtAuthenticationFilter[0;39m - JWT Token ËÆ§ËØÅÊàêÂäüÔºåÁî®Êà∑: test001
[31m2026-05-31 19:58:50.508[0;39m [33m[http-nio-9966-exec-2][0;39m [39mDEBUG[0;39m [32morg.springframework.web.servlet.DispatcherServlet[0;39m - POST "/geo/api/system/roles/add?createBy=1", parameters={masked}
[31m2026-05-31 19:58:50.508[0;39m [33m[http-nio-9966-exec-2][0;39m [39mDEBUG[0;39m [32mo.s.w.s.m.m.a.RequestMappingHandlerMapping[0;39m - Mapped to com.geo.dsp.module.privilege.controller.RoleController#add(RoleAddDTO, Long)
[31m2026-05-31 19:58:50.509[0;39m [33m[http-nio-9966-exec-2][0;39m [39mDEBUG[0;39m [32mo.s.w.s.m.m.a.RequestResponseBodyMethodProcessor[0;39m - Read "application/json;charset=UTF-8" to [RoleAddDTO(roleName=test_role, roleCode=test_role, roleDesc=test, status=1)]
Creating a new SqlSession
Registering transaction synchronization for SqlSession [org.apache.ibatis.session.defaults.DefaultSqlSession@3625fbba]
JDBC Connection [HikariProxyConnection@1703624446 wrapping org.postgresql.jdbc.PgConnection@77d0a23d] will be managed by Spring
==>  Preparing: INSERT INTO roles ( company_id, role_name, role_code, role_desc, status, create_by, create_time, update_by, update_time, is_del ) VALUES ( 21, ?, ?, ?, ?, ?, CURRENT_TIMESTAMP, ?, CURRENT_TIMESTAMP, false )
==> Parameters: test_role(String), test_role(String), test(String), 1(Short), 1(Long), 1(Long)
<==    Updates: 1
Releasing transactional SqlSession [org.apache.ibatis.session.defaults.DefaultSqlSession@3625fbba]
Transaction synchronization committing SqlSession [org.apache.ibatis.session.defaults.DefaultSqlSession@3625fbba]
Transaction synchronization deregistering SqlSession [org.apache.ibatis.session.defaults.DefaultSqlSession@3625fbba]
Transaction synchronization closing SqlSession [org.apache.ibatis.session.defaults.DefaultSqlSession@3625fbba]
[31m2026-05-31 19:58:50.535[0;39m [33m[http-nio-9966-exec-2][0;39m [39mDEBUG[0;39m [32mo.s.w.s.m.m.a.RequestResponseBodyMethodProcessor[0;39m - Using 'application/json', given [*/*] and supported [application/json, application/*+json]
[31m2026-05-31 19:58:50.535[0;39m [33m[http-nio-9966-exec-2][0;39m [39mDEBUG[0;39m [32mo.s.w.s.m.m.a.RequestResponseBodyMethodProcessor[0;39m - Writing [com.geo.dsp.common.result.Result@396086b4]
[31m2026-05-31 19:58:50.536[0;39m [33m[http-nio-9966-exec-2][0;39m [39mDEBUG[0;39m [32morg.springframework.web.servlet.DispatcherServlet[0;39m - Completed 200 OK
[31m2026-05-31 19:58:50.583[0;39m [33m[http-nio-9966-exec-3][0;39m [39mDEBUG[0;39m [32mcom.geo.dsp.filter.JwtAuthenticationFilter[0;39m - JWT Token ËÆ§ËØÅÊàêÂäüÔºåÁî®Êà∑: test001
[31m2026-05-31 19:58:50.583[0;39m [33m[http-nio-9966-exec-3][0;39m [39mDEBUG[0;39m [32morg.springframework.web.servlet.DispatcherServlet[0;39m - POST "/geo/api/system/permissions/add?createBy=1", parameters={masked}
[31m2026-05-31 19:58:50.583[0;39m [33m[http-nio-9966-exec-3][0;39m [39mDEBUG[0;39m [32mo.s.w.s.m.m.a.RequestMappingHandlerMapping[0;39m - Mapped to com.geo.dsp.module.privilege.controller.PermissionController#add(PermissionAddDTO, Long)
[31m2026-05-31 19:58:50.586[0;39m [33m[http-nio-9966-exec-3][0;39m [39mDEBUG[0;39m [32mo.s.w.s.m.m.a.RequestResponseBodyMethodProcessor[0;39m - Read "application/json;charset=UTF-8" to [PermissionAddDTO(permissionName=test_perm, permissionCode=test:perm, permissionDesc=test, permission (truncated)...]
Creating a new SqlSession
Registering transaction synchronization for SqlSession [org.apache.ibatis.session.defaults.DefaultSqlSession@137feef1]
JDBC Connection [HikariProxyConnection@1998511585 wrapping org.postgresql.jdbc.PgConnection@77d0a23d] will be managed by Spring
==>  Preparing: INSERT INTO permissions ( permission_name, permission_code, permission_desc, permission_type, parent_permission, component_path, status, create_by, create_time, update_by, update_time, is_del ) VALUES ( ?, ?, ?, ?, ?, ?, ?, ?, now(), ?, now(), false )
==> Parameters: test_perm(String), test:perm(String), test(String), null, null, null, null, 1(Long), 1(Long)
<==    Updates: 1
Releasing transactional SqlSession [org.apache.ibatis.session.defaults.DefaultSqlSession@137feef1]
Transaction synchronization committing SqlSession [org.apache.ibatis.session.defaults.DefaultSqlSession@137feef1]
Transaction synchronization deregistering SqlSession [org.apache.ibatis.session.defaults.DefaultSqlSession@137feef1]
Transaction synchronization closing SqlSession [org.apache.ibatis.session.defaults.DefaultSqlSession@137feef1]
[31m2026-05-31 19:58:50.610[0;39m [33m[http-nio-9966-exec-3][0;39m [39mDEBUG[0;39m [32mo.s.w.s.m.m.a.RequestResponseBodyMethodProcessor[0;39m - Using 'application/json', given [*/*] and supported [application/json, application/*+json]
[31m2026-05-31 19:58:50.611[0;39m [33m[http-nio-9966-exec-3][0;39m [39mDEBUG[0;39m [32mo.s.w.s.m.m.a.RequestResponseBodyMethodProcessor[0;39m - Writing [com.geo.dsp.common.result.Result@4cbab511]
[31m2026-05-31 19:58:50.611[0;39m [33m[http-nio-9966-exec-3][0;39m [39mDEBUG[0;39m [32morg.springframework.web.servlet.DispatcherServlet[0;39m - Completed 200 OK
[31m2026-05-31 19:58:50.663[0;39m [33m[http-nio-9966-exec-4][0;39m [39mDEBUG[0;39m [32mcom.geo.dsp.filter.JwtAuthenticationFilter[0;39m - JWT Token ËÆ§ËØÅÊàêÂäüÔºåÁî®Êà∑: test001
[31m2026-05-31 19:58:50.663[0;39m [33m[http-nio-9966-exec-4][0;39m [39mDEBUG[0;39m [32morg.springframework.web.servlet.DispatcherServlet[0;39m - POST "/geo/api/system/companies/add?createBy=1", parameters={masked}
[31m2026-05-31 19:58:50.663[0;39m [33m[http-nio-9966-exec-4][0;39m [39mDEBUG[0;39m [32mo.s.w.s.m.m.a.RequestMappingHandlerMapping[0;39m - Mapped to com.geo.dsp.module.user.controller.CompanyController#add(CompanyAddDTO, Long)
[31m2026-05-31 19:58:50.667[0;39m [33m[http-nio-9966-exec-4][0;39m [39mDEBUG[0;39m [32mo.s.w.s.m.m.a.RequestResponseBodyMethodProcessor[0;39m - Read "application/json;charset=UTF-8" to [CompanyAddDTO(companyName=test_company, companyAbbr=TC, contactName=test, contactPhone=13800000002,  (truncated)...]
Creating a new SqlSession
Registering transaction synchronization for SqlSession [org.apache.ibatis.session.defaults.DefaultSqlSession@70596f12]
JDBC Connection [HikariProxyConnection@732510885 wrapping org.postgresql.jdbc.PgConnection@77d0a23d] will be managed by Spring
==>  Preparing: INSERT INTO companies ( company_name, company_abbr, status, contact_name, contact_phone, contact_email, address, license_num, note, create_by, create_time, update_by, update_time, is_del ) VALUES ( ?, ?, ?, ?, ?, ?, ?, ?, ?, ?, now(), ?, now(), false )
==> Parameters: test_company(String), TC(String), 1(Short), test(String), 13800000002(String), null, null, 1234567890(String), null, 1(Long), 1(Long)
<==    Updates: 1
Releasing transactional SqlSession [org.apache.ibatis.session.defaults.DefaultSqlSession@70596f12]
Transaction synchronization committing SqlSession [org.apache.ibatis.session.defaults.DefaultSqlSession@70596f12]
Transaction synchronization deregistering SqlSession [org.apache.ibatis.session.defaults.DefaultSqlSession@70596f12]
Transaction synchronization closing SqlSession [org.apache.ibatis.session.defaults.DefaultSqlSession@70596f12]
[31m2026-05-31 19:58:50.697[0;39m [33m[http-nio-9966-exec-4][0;39m [39mDEBUG[0;39m [32mo.s.w.s.m.m.a.RequestResponseBodyMethodProcessor[0;39m - Using 'application/json', given [*/*] and supported [application/json, application/*+json]
[31m2026-05-31 19:58:50.697[0;39m [33m[http-nio-9966-exec-4][0;39m [39mDEBUG[0;39m [32mo.s.w.s.m.m.a.RequestResponseBodyMethodProcessor[0;39m - Writing [com.geo.dsp.common.result.Result@4df12591]
[31m2026-05-31 19:58:50.697[0;39m [33m[http-nio-9966-exec-4][0;39m [39mDEBUG[0;39m [32morg.springframework.web.servlet.DispatcherServlet[0;39m - Completed 200 OK
[31m2026-05-31 19:58:50.740[0;39m [33m[http-nio-9966-exec-5][0;39m [39mDEBUG[0;39m [32mcom.geo.dsp.filter.JwtAuthenticationFilter[0;39m - JWT Token ËÆ§ËØÅÊàêÂäüÔºåÁî®Êà∑: test001
[31m2026-05-31 19:58:50.740[0;39m [33m[http-nio-9966-exec-5][0;39m [39mDEBUG[0;39m [32morg.springframework.web.servlet.DispatcherServlet[0;39m - POST "/geo/api/system/dict/type/add?createBy=1", parameters={masked}
[31m2026-05-31 19:58:50.740[0;39m [33m[http-nio-9966-exec-5][0;39m [39mDEBUG[0;39m [32mo.s.w.s.m.m.a.RequestMappingHandlerMapping[0;39m - Mapped to com.geo.dsp.module.data.controller.DictController#addType(DictTypeAddDTO, Long)
[31m2026-05-31 19:58:50.741[0;39m [33m[http-nio-9966-exec-5][0;39m [39mDEBUG[0;39m [32mo.s.w.s.m.m.a.RequestResponseBodyMethodProcessor[0;39m - Read "application/json;charset=UTF-8" to [DictTypeAddDTO(dictName=test_dict, dictCode=test_dict_code, dictDesc=test)]
Creating a new SqlSession
Registering transaction synchronization for SqlSession [org.apache.ibatis.session.defaults.DefaultSqlSession@79b2e2]
JDBC Connection [HikariProxyConnection@632577261 wrapping org.postgresql.jdbc.PgConnection@77d0a23d] will be managed by Spring
==>  Preparing: INSERT INTO dict ( dict_name, dict_code, dict_key, dict_str_val, dict_num_val, dict_desc, create_by, create_time, update_by, update_time, is_del ) VALUES ( ?, ?, ?, ?, ?, ?, ?, now(), ?, now(), false )
==> Parameters: test_dict(String), test_dict_code(String), null, null, null, test(String), 1(Long), 1(Long)
Releasing transactional SqlSession [org.apache.ibatis.session.defaults.DefaultSqlSession@79b2e2]
Transaction synchronization deregistering SqlSession [org.apache.ibatis.session.defaults.DefaultSqlSession@79b2e2]
Transaction synchronization closing SqlSession [org.apache.ibatis.session.defaults.DefaultSqlSession@79b2e2]
[31m2026-05-31 19:58:50.746[0;39m [33m[http-nio-9966-exec-5][0;39m [39mDEBUG[0;39m [32mo.s.w.s.m.m.a.ExceptionHandlerExceptionResolver[0;39m - Using @ExceptionHandler com.geo.dsp.common.exception.GlobalExceptionHandler#handleRuntimeException(RuntimeException)
[31m2026-05-31 19:58:50.746[0;39m [33m[http-nio-9966-exec-5][0;39m [1;31mERROR[0;39m [32mc.geo.dsp.common.exception.GlobalExceptionHandler[0;39m - ‰∏öÂä°ÂºÇÂ∏∏: 
### Error updating database.  Cause: org.postgresql.util.PSQLException: ERROR: null value in column "dict_key" of relation "dict" violates not-null constraint
  ËØ¶ÁªÜÔºöFailing row contains (23, 4754ca41-7aea-44d3-93f7-6e9fba0c39e0, null, null, null, test, 1, 2026-05-31 19:58:50.744517+08, 1, 2026-05-31 19:58:50.744517+08, f, test_dict, test_dict_code).
### The error may exist in class path resource [mapper/DictMapper.xml]
### The error may involve com.geo.dsp.module.data.mapper.DictMapper.insert-Inline
### The error occurred while setting parameters
### SQL: INSERT INTO dict (             dict_name, dict_code, dict_key, dict_str_val, dict_num_val, dict_desc,             create_by, create_time, update_by, update_time, is_del         ) VALUES (                      ?, ?, ?, ?, ?, ?,                      ?, now(), ?, now(), false                  )
### Cause: org.postgresql.util.PSQLException: ERROR: null value in column "dict_key" of relation "dict" violates not-null constraint
  ËØ¶ÁªÜÔºöFailing row contains (23, 4754ca41-7aea-44d3-93f7-6e9fba0c39e0, null, null, null, test, 1, 2026-05-31 19:58:50.744517+08, 1, 2026-05-31 19:58:50.744517+08, f, test_dict, test_dict_code).
; ERROR: null value in column "dict_key" of relation "dict" violates not-null constraint
  ËØ¶ÁªÜÔºöFailing row contains (23, 4754ca41-7aea-44d3-93f7-6e9fba0c39e0, null, null, null, test, 1, 2026-05-31 19:58:50.744517+08, 1, 2026-05-31 19:58:50.744517+08, f, test_dict, test_dict_code).
[31m2026-05-31 19:58:50.746[0;39m [33m[http-nio-9966-exec-5][0;39m [39mDEBUG[0;39m [32mo.s.w.s.m.m.a.RequestResponseBodyMethodProcessor[0;39m - Using 'application/json', given [*/*] and supported [application/json, application/*+json]
[31m2026-05-31 19:58:50.746[0;39m [33m[http-nio-9966-exec-5][0;39m [39mDEBUG[0;39m [32mo.s.w.s.m.m.a.RequestResponseBodyMethodProcessor[0;39m - Writing [com.geo.dsp.common.result.Result@38156617]
[31m2026-05-31 19:58:50.747[0;39m [33m[http-nio-9966-exec-5][0;39m [39mDEBUG[0;39m [32mo.s.w.s.m.m.a.ExceptionHandlerExceptionResolver[0;39m - Resolved [org.springframework.dao.DataIntegrityViolationException: <EOL><EOL>### Error updating database.  Cause: org.postgresql.util.PSQLException: ERROR: null value in column "dict_key" of relation "dict" violates not-null constraint<EOL>  ËØ¶ÁªÜÔºöFailing row contains (23, 4754ca41-7aea-44d3-93f7-6e9fba0c39e0, null, null, null, test, 1, 2026-05-31 19:58:50.744517+08, 1, 2026-05-31 19:58:50.744517+08, f, test_dict, test_dict_code).<EOL><EOL>### The error may exist in class path resource [mapper/DictMapper.xml]<EOL><EOL>### The error may involve com.geo.dsp.module.data.mapper.DictMapper.insert-Inline<EOL><EOL>### The error occurred while setting parameters<EOL><EOL>### SQL: INSERT INTO dict (             dict_name, dict_code, dict_key, dict_str_val, dict_num_val, dict_desc,             create_by, create_time, update_by, update_time, is_del         ) VALUES (                      ?, ?, ?, ?, ?, ?,                      ?, now(), ?, now(), false                  )<EOL><EOL>### Cause: org.postgresql.util.PSQLException: ERROR: null value in column "dict_key" of relation "dict" violates not-null constraint<EOL>  ËØ¶ÁªÜÔºöFailing row contains (23, 4754ca41-7aea-44d3-93f7-6e9fba0c39e0, null, null, null, test, 1, 2026-05-31 19:58:50.744517+08, 1, 2026-05-31 19:58:50.744517+08, f, test_dict, test_dict_code).<EOL>; ERROR: null value in column "dict_key" of relation "dict" violates not-null constraint<EOL>  ËØ¶ÁªÜÔºöFailing row contains (23, 4754ca41-7aea-44d3-93f7-6e9fba0c39e0, null, null, null, test, 1, 2026-05-31 19:58:50.744517+08, 1, 2026-05-31 19:58:50.744517+08, f, test_dict, test_dict_code).]
[31m2026-05-31 19:58:50.747[0;39m [33m[http-nio-9966-exec-5][0;39m [39mDEBUG[0;39m [32morg.springframework.web.servlet.DispatcherServlet[0;39m - Completed 200 OK
[31m2026-05-31 19:58:50.791[0;39m [33m[http-nio-9966-exec-7][0;39m [39mDEBUG[0;39m [32mcom.geo.dsp.filter.JwtAuthenticationFilter[0;39m - JWT Token ËÆ§ËØÅÊàêÂäüÔºåÁî®Êà∑: test001
[31m2026-05-31 19:58:50.792[0;39m [33m[http-nio-9966-exec-7][0;39m [39mDEBUG[0;39m [32morg.springframework.web.servlet.DispatcherServlet[0;39m - POST "/geo/api/system/dict/data/add?createBy=1", parameters={masked}
[31m2026-05-31 19:58:50.792[0;39m [33m[http-nio-9966-exec-7][0;39m [39mDEBUG[0;39m [32mo.s.w.s.m.m.a.RequestMappingHandlerMapping[0;39m - Mapped to com.geo.dsp.module.data.controller.DictController#addData(DictDataAddDTO, Long)
[31m2026-05-31 19:58:50.793[0;39m [33m[http-nio-9966-exec-7][0;39m [39mDEBUG[0;39m [32morg.springframework.web.method.HandlerMethod[0;39m - Could not resolve parameter [0] in public com.geo.dsp.common.result.Result<java.lang.Boolean> com.geo.dsp.module.data.controller.DictController.addData(com.geo.dsp.module.data.dto.DictDataAddDTO,java.lang.Long): JSON parse error: Invalid UTF-8 middle byte 0xf4
[31m2026-05-31 19:58:50.793[0;39m [33m[http-nio-9966-exec-7][0;39m [39mDEBUG[0;39m [32mo.s.w.s.m.m.a.ExceptionHandlerExceptionResolver[0;39m - Using @ExceptionHandler com.geo.dsp.common.exception.GlobalExceptionHandler#handleRuntimeException(RuntimeException)
[31m2026-05-31 19:58:50.793[0;39m [33m[http-nio-9966-exec-7][0;39m [1;31mERROR[0;39m [32mc.geo.dsp.common.exception.GlobalExceptionHandler[0;39m - ‰∏öÂä°ÂºÇÂ∏∏: JSON parse error: Invalid UTF-8 middle byte 0xf4
[31m2026-05-31 19:58:50.793[0;39m [33m[http-nio-9966-exec-7][0;39m [39mDEBUG[0;39m [32mo.s.w.s.m.m.a.RequestResponseBodyMethodProcessor[0;39m - Using 'application/json', given [*/*] and supported [application/json, application/*+json]
[31m2026-05-31 19:58:50.793[0;39m [33m[http-nio-9966-exec-7][0;39m [39mDEBUG[0;39m [32mo.s.w.s.m.m.a.RequestResponseBodyMethodProcessor[0;39m - Writing [com.geo.dsp.common.result.Result@54f8162e]
[31m2026-05-31 19:58:50.793[0;39m [33m[http-nio-9966-exec-7][0;39m [39mDEBUG[0;39m [32mo.s.w.s.m.m.a.ExceptionHandlerExceptionResolver[0;39m - Resolved [org.springframework.http.converter.HttpMessageNotReadableException: JSON parse error: Invalid UTF-8 middle byte 0xf4]
[31m2026-05-31 19:58:50.793[0;39m [33m[http-nio-9966-exec-7][0;39m [39mDEBUG[0;39m [32morg.springframework.web.servlet.DispatcherServlet[0;39m - Completed 200 OK
[31m2026-05-31 19:58:50.837[0;39m [33m[http-nio-9966-exec-6][0;39m [39mDEBUG[0;39m [32mcom.geo.dsp.filter.JwtAuthenticationFilter[0;39m - JWT Token ËÆ§ËØÅÊàêÂäüÔºåÁî®Êà∑: test001
[31m2026-05-31 19:58:50.837[0;39m [33m[http-nio-9966-exec-6][0;39m [39mDEBUG[0;39m [32morg.springframework.web.servlet.DispatcherServlet[0;39m - POST "/geo/api/data-line/create?createBy=1", parameters={masked}
[31m2026-05-31 19:58:50.837[0;39m [33m[http-nio-9966-exec-6][0;39m [39mDEBUG[0;39m [32mo.s.w.s.m.m.a.ExceptionHandlerExceptionResolver[0;39m - Using @ExceptionHandler com.geo.dsp.common.exception.GlobalExceptionHandler#handleException(Exception)
[31m2026-05-31 19:58:50.837[0;39m [33m[http-nio-9966-exec-6][0;39m [1;31mERROR[0;39m [32mc.geo.dsp.common.exception.GlobalExceptionHandler[0;39m - Á≥ªÁªüÂºÇÂ∏∏: Request method 'POST' is not supported
org.springframework.web.HttpRequestMethodNotSupportedException: Request method 'POST' is not supported
	at org.springframework.web.servlet.mvc.method.RequestMappingInfoHandlerMapping.handleNoMatch(RequestMappingInfoHandlerMapping.java:267)
	at org.springframework.web.servlet.handler.AbstractHandlerMethodMapping.lookupHandlerMethod(AbstractHandlerMethodMapping.java:441)
	at org.springframework.web.servlet.handler.AbstractHandlerMethodMapping.getHandlerInternal(AbstractHandlerMethodMapping.java:382)
	at org.springframework.web.servlet.mvc.method.RequestMappingInfoHandlerMapping.getHandlerInternal(RequestMappingInfoHandlerMapping.java:127)
	at org.springframework.web.servlet.mvc.method.RequestMappingInfoHandlerMapping.getHandlerInternal(RequestMappingInfoHandlerMapping.java:68)
	at org.springframework.web.servlet.handler.AbstractHandlerMapping.getHandler(AbstractHandlerMapping.java:509)
	at org.springframework.web.servlet.DispatcherServlet.getHandler(DispatcherServlet.java:1283)
	at org.springframework.web.servlet.DispatcherServlet.doDispatch(DispatcherServlet.java:1064)
	at org.springframework.web.servlet.DispatcherServlet.doService(DispatcherServlet.java:978)
	at org.springframework.web.servlet.FrameworkServlet.processRequest(FrameworkServlet.java:1014)
	at org.springframework.web.servlet.FrameworkServlet.doPost(FrameworkServlet.java:914)
	at jakarta.servlet.http.HttpServlet.service(HttpServlet.java:590)
	at org.springframework.web.servlet.FrameworkServlet.service(FrameworkServlet.java:885)
	at jakarta.servlet.http.HttpServlet.service(HttpServlet.java:658)
	at org.apache.catalina.core.ApplicationFilterChain.internalDoFilter(ApplicationFilterChain.java:195)
	at org.apache.catalina.core.ApplicationFilterChain.doFilter(ApplicationFilterChain.java:140)
	at org.apache.tomcat.websocket.server.WsFilter.doFilter(WsFilter.java:51)
	at org.apache.catalina.core.ApplicationFilterChain.internalDoFilter(ApplicationFilterChain.java:164)
	at org.apache.catalina.core.ApplicationFilterChain.doFilter(ApplicationFilterChain.java:140)
	at com.geo.dsp.filter.JwtAuthenticationFilter.doFilterInternal(JwtAuthenticationFilter.java:53)
	at org.springframework.web.filter.OncePerRequestFilter.doFilter(OncePerRequestFilter.java:116)
	at org.apache.catalina.core.ApplicationFilterChain.internalDoFilter(ApplicationFilterChain.java:164)
	at org.apache.catalina.core.ApplicationFilterChain.doFilter(ApplicationFilterChain.java:140)
	at org.springframework.web.filter.CompositeFilter$VirtualFilterChain.doFilter(CompositeFilter.java:108)
	at org.springframework.security.web.FilterChainProxy.lambda$doFilterInternal$3(FilterChainProxy.java:231)
	at org.springframework.security.web.FilterChainProxy$VirtualFilterChain.doFilter(FilterChainProxy.java:365)
	at org.springframework.security.web.access.intercept.AuthorizationFilter.doFilter(AuthorizationFilter.java:101)
	at org.springframework.security.web.FilterChainProxy$VirtualFilterChain.doFilter(FilterChainProxy.java:374)
	at org.springframework.security.web.access.ExceptionTranslationFilter.doFilter(ExceptionTranslationFilter.java:126)
	at org.springframework.security.web.access.ExceptionTranslationFilter.doFilter(ExceptionTranslationFilter.java:120)
	at org.springframework.security.web.FilterChainProxy$VirtualFilterChain.doFilter(FilterChainProxy.java:374)
	at org.springframework.security.web.authentication.AnonymousAuthenticationFilter.doFilter(AnonymousAuthenticationFilter.java:100)
	at org.springframework.security.web.FilterChainProxy$VirtualFilterChain.doFilter(FilterChainProxy.java:374)
	at org.springframework.security.web.servletapi.SecurityContextHolderAwareRequestFilter.doFilter(SecurityContextHolderAwareRequestFilter.java:179)
	at org.springframework.security.web.FilterChainProxy$VirtualFilterChain.doFilter(FilterChainProxy.java:374)
	at org.springframework.security.web.savedrequest.RequestCacheAwareFilter.doFilter(RequestCacheAwareFilter.java:63)
	at org.springframework.security.web.FilterChainProxy$VirtualFilterChain.doFilter(FilterChainProxy.java:374)
	at org.springframework.security.web.authentication.logout.LogoutFilter.doFilter(LogoutFilter.java:107)
	at org.springframework.security.web.authentication.logout.LogoutFilter.doFilter(LogoutFilter.java:93)
	at org.springframework.security.web.FilterChainProxy$VirtualFilterChain.doFilter(FilterChainProxy.java:374)
	at org.springframework.web.filter.CorsFilter.doFilterInternal(CorsFilter.java:91)
	at org.springframework.web.filter.OncePerRequestFilter.doFilter(OncePerRequestFilter.java:116)
	at org.springframework.security.web.FilterChainProxy$VirtualFilterChain.doFilter(FilterChainProxy.java:374)
	at org.springframework.security.web.header.HeaderWriterFilter.doHeadersAfter(HeaderWriterFilter.java:90)
	at org.springframework.security.web.header.HeaderWriterFilter.doFilterInternal(HeaderWriterFilter.java:75)
	at org.springframework.web.filter.OncePerRequestFilter.doFilter(OncePerRequestFilter.java:116)
	at org.springframework.security.web.FilterChainProxy$VirtualFilterChain.doFilter(FilterChainProxy.java:374)
	at org.springframework.security.web.context.SecurityContextHolderFilter.doFilter(SecurityContextHolderFilter.java:82)
	at org.springframework.security.web.context.SecurityContextHolderFilter.doFilter(SecurityContextHolderFilter.java:69)
	at org.springframework.security.web.FilterChainProxy$VirtualFilterChain.doFilter(FilterChainProxy.java:374)
	at org.springframework.security.web.context.request.async.WebAsyncManagerIntegrationFilter.doFilterInternal(WebAsyncManagerIntegrationFilter.java:62)
	at org.springframework.web.filter.OncePerRequestFilter.doFilter(OncePerRequestFilter.java:116)
	at org.springframework.security.web.FilterChainProxy$VirtualFilterChain.doFilter(FilterChainProxy.java:374)
	at org.springframework.security.web.session.DisableEncodeUrlFilter.doFilterInternal(DisableEncodeUrlFilter.java:42)
	at org.springframework.web.filter.OncePerRequestFilter.doFilter(OncePerRequestFilter.java:116)
	at org.springframework.security.web.FilterChainProxy$VirtualFilterChain.doFilter(FilterChainProxy.java:374)
	at org.springframework.security.web.FilterChainProxy.doFilterInternal(FilterChainProxy.java:233)
	at org.springframework.security.web.FilterChainProxy.doFilter(FilterChainProxy.java:191)
	at org.springframework.web.filter.CompositeFilter$VirtualFilterChain.doFilter(CompositeFilter.java:113)
	at org.springframework.web.servlet.handler.HandlerMappingIntrospector.lambda$createCacheFilter$3(HandlerMappingIntrospector.java:243)
	at org.springframework.web.filter.CompositeFilter$VirtualFilterChain.doFilter(CompositeFilter.java:113)
	at org.springframework.web.filter.CompositeFilter.doFilter(CompositeFilter.java:74)
	at org.springframework.security.config.annotation.web.configuration.WebMvcSecurityConfiguration$CompositeFilterChainProxy.doFilter(WebMvcSecurityConfiguration.java:238)
	at org.springframework.web.filter.DelegatingFilterProxy.invokeDelegate(DelegatingFilterProxy.java:362)
	at org.springframework.web.filter.DelegatingFilterProxy.doFilter(DelegatingFilterProxy.java:278)
	at org.apache.catalina.core.ApplicationFilterChain.internalDoFilter(ApplicationFilterChain.java:164)
	at org.apache.catalina.core.ApplicationFilterChain.doFilter(ApplicationFilterChain.java:140)
	at org.springframework.web.filter.RequestContextFilter.doFilterInternal(RequestContextFilter.java:100)
	at org.springframework.web.filter.OncePerRequestFilter.doFilter(OncePerRequestFilter.java:116)
	at org.apache.catalina.core.ApplicationFilterChain.internalDoFilter(ApplicationFilterChain.java:164)
	at org.apache.catalina.core.ApplicationFilterChain.doFilter(ApplicationFilterChain.java:140)
	at org.springframework.web.filter.FormContentFilter.doFilterInternal(FormContentFilter.java:93)
	at org.springframework.web.filter.OncePerRequestFilter.doFilter(OncePerRequestFilter.java:116)
	at org.apache.catalina.core.ApplicationFilterChain.internalDoFilter(ApplicationFilterChain.java:164)
	at org.apache.catalina.core.ApplicationFilterChain.doFilter(ApplicationFilterChain.java:140)
	at org.springframework.web.filter.CharacterEncodingFilter.doFilterInternal(CharacterEncodingFilter.java:201)
	at org.springframework.web.filter.OncePerRequestFilter.doFilter(OncePerRequestFilter.java:116)
	at org.apache.catalina.core.ApplicationFilterChain.internalDoFilter(ApplicationFilterChain.java:164)
	at org.apache.catalina.core.ApplicationFilterChain.doFilter(ApplicationFilterChain.java:140)
	at org.apache.catalina.core.StandardWrapperValve.invoke(StandardWrapperValve.java:167)
	at org.apache.catalina.core.StandardContextValve.invoke(StandardContextValve.java:90)
	at org.apache.catalina.authenticator.AuthenticatorBase.invoke(AuthenticatorBase.java:483)
	at org.apache.catalina.core.StandardHostValve.invoke(StandardHostValve.java:115)
	at org.apache.catalina.valves.ErrorReportValve.invoke(ErrorReportValve.java:93)
	at org.apache.catalina.core.StandardEngineValve.invoke(StandardEngineValve.java:74)
	at org.apache.catalina.connector.CoyoteAdapter.service(CoyoteAdapter.java:344)
	at org.apache.coyote.http11.Http11Processor.service(Http11Processor.java:397)
	at org.apache.coyote.AbstractProcessorLight.process(AbstractProcessorLight.java:63)
	at org.apache.coyote.AbstractProtocol$ConnectionHandler.process(AbstractProtocol.java:905)
	at org.apache.tomcat.util.net.NioEndpoint$SocketProcessor.doRun(NioEndpoint.java:1741)
	at org.apache.tomcat.util.net.SocketProcessorBase.run(SocketProcessorBase.java:52)
	at org.apache.tomcat.util.threads.ThreadPoolExecutor.runWorker(ThreadPoolExecutor.java:1190)
	at org.apache.tomcat.util.threads.ThreadPoolExecutor$Worker.run(ThreadPoolExecutor.java:659)
	at org.apache.tomcat.util.threads.TaskThread$WrappingRunnable.run(TaskThread.java:63)
	at java.base/java.lang.Thread.run(Thread.java:842)
[31m2026-05-31 19:58:50.839[0;39m [33m[http-nio-9966-exec-6][0;39m [39mDEBUG[0;39m [32mo.s.w.s.m.m.a.RequestResponseBodyMethodProcessor[0;39m - Using 'application/json', given [*/*] and supported [application/json, application/*+json]
[31m2026-05-31 19:58:50.839[0;39m [33m[http-nio-9966-exec-6][0;39m [39mDEBUG[0;39m [32mo.s.w.s.m.m.a.RequestResponseBodyMethodProcessor[0;39m - Writing [com.geo.dsp.common.result.Result@2b5f9adb]
[31m2026-05-31 19:58:50.840[0;39m [33m[http-nio-9966-exec-6][0;39m [39mDEBUG[0;39m [32mo.s.w.s.m.m.a.ExceptionHandlerExceptionResolver[0;39m - Resolved [org.springframework.web.HttpRequestMethodNotSupportedException: Request method 'POST' is not supported]
[31m2026-05-31 19:58:50.840[0;39m [33m[http-nio-9966-exec-6][0;39m [39mDEBUG[0;39m [32morg.springframework.web.servlet.DispatcherServlet[0;39m - Completed 200 OK
[31m2026-05-31 19:58:50.886[0;39m [33m[http-nio-9966-exec-8][0;39m [39mDEBUG[0;39m [32mcom.geo.dsp.filter.JwtAuthenticationFilter[0;39m - JWT Token ËÆ§ËØÅÊàêÂäüÔºåÁî®Êà∑: test001
[31m2026-05-31 19:58:50.886[0;39m [33m[http-nio-9966-exec-8][0;39m [39mDEBUG[0;39m [32morg.springframework.web.servlet.DispatcherServlet[0;39m - POST "/geo/api/operate-method/add?createBy=1", parameters={masked}
[31m2026-05-31 19:58:50.886[0;39m [33m[http-nio-9966-exec-8][0;39m [39mDEBUG[0;39m [32mo.s.w.s.m.m.a.ExceptionHandlerExceptionResolver[0;39m - Using @ExceptionHandler com.geo.dsp.common.exception.GlobalExceptionHandler#handleException(Exception)
[31m2026-05-31 19:58:50.886[0;39m [33m[http-nio-9966-exec-8][0;39m [1;31mERROR[0;39m [32mc.geo.dsp.common.exception.GlobalExceptionHandler[0;39m - Á≥ªÁªüÂºÇÂ∏∏: Request method 'POST' is not supported
org.springframework.web.HttpRequestMethodNotSupportedException: Request method 'POST' is not supported
	at org.springframework.web.servlet.mvc.method.RequestMappingInfoHandlerMapping.handleNoMatch(RequestMappingInfoHandlerMapping.java:267)
	at org.springframework.web.servlet.handler.AbstractHandlerMethodMapping.lookupHandlerMethod(AbstractHandlerMethodMapping.java:441)
	at org.springframework.web.servlet.handler.AbstractHandlerMethodMapping.getHandlerInternal(AbstractHandlerMethodMapping.java:382)
	at org.springframework.web.servlet.mvc.method.RequestMappingInfoHandlerMapping.getHandlerInternal(RequestMappingInfoHandlerMapping.java:127)
	at org.springframework.web.servlet.mvc.method.RequestMappingInfoHandlerMapping.getHandlerInternal(RequestMappingInfoHandlerMapping.java:68)
	at org.springframework.web.servlet.handler.AbstractHandlerMapping.getHandler(AbstractHandlerMapping.java:509)
	at org.springframework.web.servlet.DispatcherServlet.getHandler(DispatcherServlet.java:1283)
	at org.springframework.web.servlet.DispatcherServlet.doDispatch(DispatcherServlet.java:1064)
	at org.springframework.web.servlet.DispatcherServlet.doService(DispatcherServlet.java:978)
	at org.springframework.web.servlet.FrameworkServlet.processRequest(FrameworkServlet.java:1014)
	at org.springframework.web.servlet.FrameworkServlet.doPost(FrameworkServlet.java:914)
	at jakarta.servlet.http.HttpServlet.service(HttpServlet.java:590)
	at org.springframework.web.servlet.FrameworkServlet.service(FrameworkServlet.java:885)
	at jakarta.servlet.http.HttpServlet.service(HttpServlet.java:658)
	at org.apache.catalina.core.ApplicationFilterChain.internalDoFilter(ApplicationFilterChain.java:195)
	at org.apache.catalina.core.ApplicationFilterChain.doFilter(ApplicationFilterChain.java:140)
	at org.apache.tomcat.websocket.server.WsFilter.doFilter(WsFilter.java:51)
	at org.apache.catalina.core.ApplicationFilterChain.internalDoFilter(ApplicationFilterChain.java:164)
	at org.apache.catalina.core.ApplicationFilterChain.doFilter(ApplicationFilterChain.java:140)
	at com.geo.dsp.filter.JwtAuthenticationFilter.doFilterInternal(JwtAuthenticationFilter.java:53)
	at org.springframework.web.filter.OncePerRequestFilter.doFilter(OncePerRequestFilter.java:116)
	at org.apache.catalina.core.ApplicationFilterChain.internalDoFilter(ApplicationFilterChain.java:164)
	at org.apache.catalina.core.ApplicationFilterChain.doFilter(ApplicationFilterChain.java:140)
	at org.springframework.web.filter.CompositeFilter$VirtualFilterChain.doFilter(CompositeFilter.java:108)
	at org.springframework.security.web.FilterChainProxy.lambda$doFilterInternal$3(FilterChainProxy.java:231)
	at org.springframework.security.web.FilterChainProxy$VirtualFilterChain.doFilter(FilterChainProxy.java:365)
	at org.springframework.security.web.access.intercept.AuthorizationFilter.doFilter(AuthorizationFilter.java:101)
	at org.springframework.security.web.FilterChainProxy$VirtualFilterChain.doFilter(FilterChainProxy.java:374)
	at org.springframework.security.web.access.ExceptionTranslationFilter.doFilter(ExceptionTranslationFilter.java:126)
	at org.springframework.security.web.access.ExceptionTranslationFilter.doFilter(ExceptionTranslationFilter.java:120)
	at org.springframework.security.web.FilterChainProxy$VirtualFilterChain.doFilter(FilterChainProxy.java:374)
	at org.springframework.security.web.authentication.AnonymousAuthenticationFilter.doFilter(AnonymousAuthenticationFilter.java:100)
	at org.springframework.security.web.FilterChainProxy$VirtualFilterChain.doFilter(FilterChainProxy.java:374)
	at org.springframework.security.web.servletapi.SecurityContextHolderAwareRequestFilter.doFilter(SecurityContextHolderAwareRequestFilter.java:179)
	at org.springframework.security.web.FilterChainProxy$VirtualFilterChain.doFilter(FilterChainProxy.java:374)
	at org.springframework.security.web.savedrequest.RequestCacheAwareFilter.doFilter(RequestCacheAwareFilter.java:63)
	at org.springframework.security.web.FilterChainProxy$VirtualFilterChain.doFilter(FilterChainProxy.java:374)
	at org.springframework.security.web.authentication.logout.LogoutFilter.doFilter(LogoutFilter.java:107)
	at org.springframework.security.web.authentication.logout.LogoutFilter.doFilter(LogoutFilter.java:93)
	at org.springframework.security.web.FilterChainProxy$VirtualFilterChain.doFilter(FilterChainProxy.java:374)
	at org.springframework.web.filter.CorsFilter.doFilterInternal(CorsFilter.java:91)
	at org.springframework.web.filter.OncePerRequestFilter.doFilter(OncePerRequestFilter.java:116)
	at org.springframework.security.web.FilterChainProxy$VirtualFilterChain.doFilter(FilterChainProxy.java:374)
	at org.springframework.security.web.header.HeaderWriterFilter.doHeadersAfter(HeaderWriterFilter.java:90)
	at org.springframework.security.web.header.HeaderWriterFilter.doFilterInternal(HeaderWriterFilter.java:75)
	at org.springframework.web.filter.OncePerRequestFilter.doFilter(OncePerRequestFilter.java:116)
	at org.springframework.security.web.FilterChainProxy$VirtualFilterChain.doFilter(FilterChainProxy.java:374)
	at org.springframework.security.web.context.SecurityContextHolderFilter.doFilter(SecurityContextHolderFilter.java:82)
	at org.springframework.security.web.context.SecurityContextHolderFilter.doFilter(SecurityContextHolderFilter.java:69)
	at org.springframework.security.web.FilterChainProxy$VirtualFilterChain.doFilter(FilterChainProxy.java:374)
	at org.springframework.security.web.context.request.async.WebAsyncManagerIntegrationFilter.doFilterInternal(WebAsyncManagerIntegrationFilter.java:62)
	at org.springframework.web.filter.OncePerRequestFilter.doFilter(OncePerRequestFilter.java:116)
	at org.springframework.security.web.FilterChainProxy$VirtualFilterChain.doFilter(FilterChainProxy.java:374)
	at org.springframework.security.web.session.DisableEncodeUrlFilter.doFilterInternal(DisableEncodeUrlFilter.java:42)
	at org.springframework.web.filter.OncePerRequestFilter.doFilter(OncePerRequestFilter.java:116)
	at org.springframework.security.web.FilterChainProxy$VirtualFilterChain.doFilter(FilterChainProxy.java:374)
	at org.springframework.security.web.FilterChainProxy.doFilterInternal(FilterChainProxy.java:233)
	at org.springframework.security.web.FilterChainProxy.doFilter(FilterChainProxy.java:191)
	at org.springframework.web.filter.CompositeFilter$VirtualFilterChain.doFilter(CompositeFilter.java:113)
	at org.springframework.web.servlet.handler.HandlerMappingIntrospector.lambda$createCacheFilter$3(HandlerMappingIntrospector.java:243)
	at org.springframework.web.filter.CompositeFilter$VirtualFilterChain.doFilter(CompositeFilter.java:113)
	at org.springframework.web.filter.CompositeFilter.doFilter(CompositeFilter.java:74)
	at org.springframework.security.config.annotation.web.configuration.WebMvcSecurityConfiguration$CompositeFilterChainProxy.doFilter(WebMvcSecurityConfiguration.java:238)
	at org.springframework.web.filter.DelegatingFilterProxy.invokeDelegate(DelegatingFilterProxy.java:362)
	at org.springframework.web.filter.DelegatingFilterProxy.doFilter(DelegatingFilterProxy.java:278)
	at org.apache.catalina.core.ApplicationFilterChain.internalDoFilter(ApplicationFilterChain.java:164)
	at org.apache.catalina.core.ApplicationFilterChain.doFilter(ApplicationFilterChain.java:140)
	at org.springframework.web.filter.RequestContextFilter.doFilterInternal(RequestContextFilter.java:100)
	at org.springframework.web.filter.OncePerRequestFilter.doFilter(OncePerRequestFilter.java:116)
	at org.apache.catalina.core.ApplicationFilterChain.internalDoFilter(ApplicationFilterChain.java:164)
	at org.apache.catalina.core.ApplicationFilterChain.doFilter(ApplicationFilterChain.java:140)
	at org.springframework.web.filter.FormContentFilter.doFilterInternal(FormContentFilter.java:93)
	at org.springframework.web.filter.OncePerRequestFilter.doFilter(OncePerRequestFilter.java:116)
	at org.apache.catalina.core.ApplicationFilterChain.internalDoFilter(ApplicationFilterChain.java:164)
	at org.apache.catalina.core.ApplicationFilterChain.doFilter(ApplicationFilterChain.java:140)
	at org.springframework.web.filter.CharacterEncodingFilter.doFilterInternal(CharacterEncodingFilter.java:201)
	at org.springframework.web.filter.OncePerRequestFilter.doFilter(OncePerRequestFilter.java:116)
	at org.apache.catalina.core.ApplicationFilterChain.internalDoFilter(ApplicationFilterChain.java:164)
	at org.apache.catalina.core.ApplicationFilterChain.doFilter(ApplicationFilterChain.java:140)
	at org.apache.catalina.core.StandardWrapperValve.invoke(StandardWrapperValve.java:167)
	at org.apache.catalina.core.StandardContextValve.invoke(StandardContextValve.java:90)
	at org.apache.catalina.authenticator.AuthenticatorBase.invoke(AuthenticatorBase.java:483)
	at org.apache.catalina.core.StandardHostValve.invoke(StandardHostValve.java:115)
	at org.apache.catalina.valves.ErrorReportValve.invoke(ErrorReportValve.java:93)
	at org.apache.catalina.core.StandardEngineValve.invoke(StandardEngineValve.java:74)
	at org.apache.catalina.connector.CoyoteAdapter.service(CoyoteAdapter.java:344)
	at org.apache.coyote.http11.Http11Processor.service(Http11Processor.java:397)
	at org.apache.coyote.AbstractProcessorLight.process(AbstractProcessorLight.java:63)
	at org.apache.coyote.AbstractProtocol$ConnectionHandler.process(AbstractProtocol.java:905)
	at org.apache.tomcat.util.net.NioEndpoint$SocketProcessor.doRun(NioEndpoint.java:1741)
	at org.apache.tomcat.util.net.SocketProcessorBase.run(SocketProcessorBase.java:52)
	at org.apache.tomcat.util.threads.ThreadPoolExecutor.runWorker(ThreadPoolExecutor.java:1190)
	at org.apache.tomcat.util.threads.ThreadPoolExecutor$Worker.run(ThreadPoolExecutor.java:659)
	at org.apache.tomcat.util.threads.TaskThread$WrappingRunnable.run(TaskThread.java:63)
	at java.base/java.lang.Thread.run(Thread.java:842)
[31m2026-05-31 19:58:50.887[0;39m [33m[http-nio-9966-exec-8][0;39m [39mDEBUG[0;39m [32mo.s.w.s.m.m.a.RequestResponseBodyMethodProcessor[0;39m - Using 'application/json', given [*/*] and supported [application/json, application/*+json]
[31m2026-05-31 19:58:50.887[0;39m [33m[http-nio-9966-exec-8][0;39m [39mDEBUG[0;39m [32mo.s.w.s.m.m.a.RequestResponseBodyMethodProcessor[0;39m - Writing [com.geo.dsp.common.result.Result@4a358148]
[31m2026-05-31 19:58:50.887[0;39m [33m[http-nio-9966-exec-8][0;39m [39mDEBUG[0;39m [32mo.s.w.s.m.m.a.ExceptionHandlerExceptionResolver[0;39m - Resolved [org.springframework.web.HttpRequestMethodNotSupportedException: Request method 'POST' is not supported]
[31m2026-05-31 19:58:50.887[0;39m [33m[http-nio-9966-exec-8][0;39m [39mDEBUG[0;39m [32morg.springframework.web.servlet.DispatcherServlet[0;39m - Completed 200 OK
[31m2026-05-31 19:58:56.499[0;39m [33m[http-nio-9966-exec-9][0;39m [39mDEBUG[0;39m [32morg.springframework.web.servlet.DispatcherServlet[0;39m - POST "/geo/api/user/login", parameters={}
[31m2026-05-31 19:58:56.499[0;39m [33m[http-nio-9966-exec-9][0;39m [39mDEBUG[0;39m [32mo.s.w.s.m.m.a.RequestMappingHandlerMapping[0;39m - Mapped to com.geo.dsp.module.login.controller.LoginController#login(LoginDTO)
[31m2026-05-31 19:58:56.499[0;39m [33m[http-nio-9966-exec-9][0;39m [39mDEBUG[0;39m [32mo.s.w.s.m.m.a.RequestResponseBodyMethodProcessor[0;39m - Read "application/json;charset=UTF-8" to [LoginDTO(account=test001, password=123456, smsCode=null, loginType=1)]
Creating a new SqlSession
SqlSession [org.apache.ibatis.session.defaults.DefaultSqlSession@2627d3a7] was not registered for synchronization because synchronization is not active
JDBC Connection [HikariProxyConnection@1856873992 wrapping org.postgresql.jdbc.PgConnection@77d0a23d] will not be managed by Spring
==>  Preparing: SELECT id, uuid, user_name, account, password, email, phone_num, user_type, status, image_id, create_by, create_time, update_by, update_time, is_del, note, sex FROM users WHERE account = ? AND is_del = false
==> Parameters: test001(String)
<==    Columns: id, uuid, user_name, account, password, email, phone_num, user_type, status, image_id, create_by, create_time, update_by, update_time, is_del, note, sex
<==        Row: 16, f32dab2c-1da9-472e-944c-ff9fadf0b6b4, ≤‚ ‘”√ªß, test001, $2a$10$j3yM2CwdNz3u7K5f/pXyGe3KIyECGMXJw9rcDue2Pwcs8JG85AY1q, test@qq.com, 13800138000, 3, 1, null, 64, 2026-05-12 12:34:15.617474+08, 1, 2026-05-31 19:34:24.661532+08, f, null, null
<==      Total: 1
Closing non transactional SqlSession [org.apache.ibatis.session.defaults.DefaultSqlSession@2627d3a7]
Creating a new SqlSession
SqlSession [org.apache.ibatis.session.defaults.DefaultSqlSession@5670e555] was not registered for synchronization because synchronization is not active
JDBC Connection [HikariProxyConnection@1020591966 wrapping org.postgresql.jdbc.PgConnection@77d0a23d] will not be managed by Spring
==>  Preparing: SELECT role_code FROM user_roles WHERE user_uuid = CAST(? AS uuid) LIMIT 1
==> Parameters: f32dab2c-1da9-472e-944c-ff9fadf0b6b4(String)
<==    Columns: role_code
<==        Row: admin
<==      Total: 1
Closing non transactional SqlSession [org.apache.ibatis.session.defaults.DefaultSqlSession@5670e555]
Creating a new SqlSession
SqlSession [org.apache.ibatis.session.defaults.DefaultSqlSession@69801b78] was not registered for synchronization because synchronization is not active
JDBC Connection [HikariProxyConnection@1799915637 wrapping org.postgresql.jdbc.PgConnection@77d0a23d] will not be managed by Spring
==>  Preparing: SELECT id FROM roles WHERE role_code = ? AND is_del = false
==> Parameters: admin(String)
<==    Columns: id
<==        Row: 21
<==      Total: 1
Closing non transactional SqlSession [org.apache.ibatis.session.defaults.DefaultSqlSession@69801b78]
Creating a new SqlSession
SqlSession [org.apache.ibatis.session.defaults.DefaultSqlSession@21f6a40d] was not registered for synchronization because synchronization is not active
JDBC Connection [HikariProxyConnection@1212424336 wrapping org.postgresql.jdbc.PgConnection@77d0a23d] will not be managed by Spring
==>  Preparing: SELECT p.permission_code FROM permissions p INNER JOIN role_permis rp ON rp.permission_id = p.id WHERE rp.role_id = ? AND p.is_del = false
==> Parameters: 21(Long)
<==    Columns: permission_code
<==        Row: System
<==        Row: Device
<==        Row: Project
<==        Row: Data
<==        Row: Statistics
<==        Row: DataAnalysis
<==        Row: GisMap
<==        Row: Profile
<==        Row: SystemOverview
<==        Row: SystemUsers
<==        Row: SystemRoles
<==        Row: SystemPermission
<==        Row: admin:all
<==        Row: Dictionary
<==        Row: DictionaryData
<==        Row: SystemOperator
<==        Row: SystemLogs
<==        Row: SystemSettings
<==        Row: EnterpriseManagement
<==        Row: DeviceOverview
<==        Row: DeviceRegister
<==        Row: DeviceMonitor
<==        Row: DeviceMaintenance
<==        Row: DeviceAnalysis
<==        Row: DeviceAntenna
<==        Row: ProjectOverview
<==        Row: ProjectInfo
<==        Row: ProjectTasks
<==        Row: ProjectMethods
<==        Row: ProjectProgress
<==        Row: ProjectLogs
<==        Row: ProjectReports
<==        Row: DataOverview
<==        Row: DataQuality
<==        Row: DataTasks
<==        Row: DataPreview
<==        Row: StatisticsOverview
<==        Row: StatisticsClassification
<==        Row: StatisticsDisplay
<==        Row: device:register:add
<==        Row: device:register:edit
<==        Row: device:register:delete
<==      Total: 42
Closing non transactional SqlSession [org.apache.ibatis.session.defaults.DefaultSqlSession@21f6a40d]
Creating a new SqlSession
SqlSession [org.apache.ibatis.session.defaults.DefaultSqlSession@41156f97] was not registered for synchronization because synchronization is not active
JDBC Connection [HikariProxyConnection@1431797108 wrapping org.postgresql.jdbc.PgConnection@77d0a23d] will not be managed by Spring
==>  Preparing: SELECT p.uuid, p.permission_code AS permissionCode, p.permission_name AS permissionName, p.permission_type AS permissionType, p.component_path AS componentPath, p.parent_uuid AS parentPermission FROM permissions p INNER JOIN role_permis rp ON rp.permission_id = p.id INNER JOIN user_roles ur ON ur.role_code = (SELECT role_code FROM roles WHERE id = rp.role_id) WHERE ur.user_uuid = CAST(? AS uuid) AND p.is_del = false ORDER BY p.create_time ASC
==> Parameters: f32dab2c-1da9-472e-944c-ff9fadf0b6b4(String)
<==    Columns: uuid, permissioncode, permissionname, permissiontype, componentpath, parentpermission
<==        Row: 8bfa14fe-7acb-43e0-9fdb-aa17f96f8302, admin:all, »´≤øπ‹¿Ì»®œﬁ, menu, null, null
<==        Row: a0000000-0000-0000-0000-000000000003, Project, œÓƒøπ‹¿Ì, menu, views/projects/index.vue, null
<==        Row: a0000000-0000-0000-0000-000000000004, Data,  ˝æ›π‹¿Ì, menu, views/data/index.vue, null
<==        Row: a0000000-0000-0000-0000-000000000001, System, œµÕ≥π‹¿Ì, menu, views/system/index.vue, null
<==        Row: a0000000-0000-0000-0000-000000000005, Statistics, Õ≥º∆∑÷Œˆ, menu, views/statistics/index.vue, null
<==        Row: a0000000-0000-0000-0000-000000000006, DataAnalysis,  ˝æ›∑÷Œˆ, menu, views/data-analysis/index.vue, null
<==        Row: a0000000-0000-0000-0000-000000000007, GisMap, GISµÿÕº, menu, views/gis-map/index.vue, null
<==        Row: a0000000-0000-0000-0000-000000000008, Profile, ∏ˆ»À÷––ƒ, menu, views/profile/index.vue, null
<==        Row: a0000000-0000-0000-0000-000000000002, Device, …Ë±∏π‹¿Ì, menu, views/devices/index.vue, null
<==        Row: 1b6276e8-9cfb-4560-8e1f-0d684e9d9d29, SystemLogs, »’÷æπ‹¿Ì, menu, views/system/logs/index.vue, a0000000-0000-0000-0000-000000000001
<==        Row: 7fa2a341-221c-41e5-ac55-5e0dd55603ed, SystemOverview, œµÕ≥∏≈¿¿, menu, views/system/overview.vue, a0000000-0000-0000-0000-000000000001
<==        Row: 3863c388-7a30-41aa-8e49-a4aaf7654a25, SystemUsers, ”√ªßπ‹¿Ì, menu, views/system/users/index.vue, a0000000-0000-0000-0000-000000000001
<==        Row: 95b44be6-527b-426b-a74a-59247155cd0d, SystemRoles, Ω«…´π‹¿Ì, menu, views/system/roles/index.vue, a0000000-0000-0000-0000-000000000001
<==        Row: e9f65f25-70bc-487b-babe-7589fc471ec9, SystemPermission, »®œﬁπ‹¿Ì, menu, views/system/permission/index.vue, a0000000-0000-0000-0000-000000000001
<==        Row: a8ccfa8a-e1fe-4e34-9deb-f4f7caebaf72, EnterpriseManagement, ∆Û“µπ‹¿Ì, menu, views/system/enterprise/index.vue, a0000000-0000-0000-0000-000000000001
<==        Row: 5ff2c4c9-de8f-4710-97d8-35c3add1e47b, SystemSettings, ≈‰÷√π‹¿Ì, menu, views/system/settings/index.vue, a0000000-0000-0000-0000-000000000001
<==        Row: 4e7fda28-6dc1-45a8-9163-5b292dd50cd5, Dictionary, ◊÷µ‰π‹¿Ì, menu, views/system/dictionary/index.vue, a0000000-0000-0000-0000-000000000001
<==        Row: 1d0c83fc-40ab-4712-b186-dba5b9d567b4, DictionaryData, ◊÷µ‰ ˝æ›π‹¿Ì, menu, views/system/dictionary/data.vue, a0000000-0000-0000-0000-000000000001
<==        Row: 2ba4c4b9-a7f2-4306-82ba-703d0d8405de, SystemOperator, ≤Ÿ◊˜‘±π‹¿Ì, menu, views/system/operator/index.vue, a0000000-0000-0000-0000-000000000001
<==        Row: 1126d3e3-dd49-4422-b0e0-94a5762a2a25, DeviceRegister, …Ë±∏µ«º«, menu, views/devices/register/index.vue, a0000000-0000-0000-0000-000000000002
<==        Row: 29ccc09d-ee12-452e-a61e-b3145125dd94, DeviceAntenna, ÃÏœﬂ…Ë±∏Œ¨ª§, menu, views/devices/antenna/index.vue, a0000000-0000-0000-0000-000000000002
<==        Row: 28fa7dcd-86b8-47a2-9285-1d34b7bf046f, DeviceAnalysis, …Ë±∏∑÷Œˆ, menu, views/devices/analysis/index.vue, a0000000-0000-0000-0000-000000000002
<==        Row: e581b25f-2ece-4e03-a699-fdcda56032fc, DeviceMaintenance, …Ë±∏Œ¨ª§, menu, views/devices/maintenance/index.vue, a0000000-0000-0000-0000-000000000002
<==        Row: 1f4005b9-f074-43c6-a057-6538d3b12387, DeviceMonitor, …Ë±∏º‡øÿ, menu, views/devices/monitor/index.vue, a0000000-0000-0000-0000-000000000002
<==        Row: 9530a5b3-2d46-4d23-a7a1-87514bd48bf4, DeviceOverview, …Ë±∏∏≈¿¿, menu, views/devices/overview.vue, a0000000-0000-0000-0000-000000000002
<==        Row: 2e3a0e1f-11f7-421a-a5f4-a44bcada8b1f, ProjectReports, œÓƒø±®∏Ê, menu, views/projects/reports/index.vue, a0000000-0000-0000-0000-000000000003
<==        Row: 3fd7d924-e847-48f8-baa7-afb7490a8f9a, ProjectOverview, œÓƒø∏≈¿¿, menu, views/projects/overview.vue, a0000000-0000-0000-0000-000000000003
<==        Row: 8991596b-0b28-4a46-9cbb-066c9e0d3771, ProjectInfo, œÓƒø–≈œ¢, menu, views/projects/info/index.vue, a0000000-0000-0000-0000-000000000003
<==        Row: 1923ac78-584b-4ad5-b1b4-6df7051562e6, ProjectTasks, œÓƒø»ŒŒÒ, menu, views/projects/tasks/index.vue, a0000000-0000-0000-0000-000000000003
<==        Row: b9c89db0-7802-4241-9c9b-10940d0fb037, ProjectMethods, ◊˜“µ∑Ω∑®, menu, views/projects/methods/index.vue, a0000000-0000-0000-0000-000000000003
<==        Row: 2c9139a4-0a5e-4fff-ab73-f06d54155426, ProjectProgress, œÓƒøΩ¯∂», menu, views/projects/progress/index.vue, a0000000-0000-0000-0000-000000000003
<==        Row: c320c6b0-eea1-4d35-80a2-57d8ed750d98, ProjectLogs, œÓƒø»’÷æ, menu, views/projects/logs/index.vue, a0000000-0000-0000-0000-000000000003
<==        Row: 803dd4f5-af9a-45df-a503-e43a3e8cd720, DataTasks,  ˝æ›»ŒŒÒ, menu, views/data/tasks/index.vue, a0000000-0000-0000-0000-000000000004
<==        Row: 60e16502-1f57-496a-aa93-8c2df7adc4d0, DataOverview,  ˝æ›∏≈¿¿, menu, views/data/overview.vue, a0000000-0000-0000-0000-000000000004
<==        Row: 4036a134-c1ca-4322-b327-1491903e973e, DataQuality,  ˝æ›÷ ¡ø, menu, views/data/quality/index.vue, a0000000-0000-0000-0000-000000000004
<==        Row: da58c221-edbd-4e97-aab4-69393829ca3a, DataPreview,  ˝æ›‘§¿¿, menu, views/data/preview.vue, a0000000-0000-0000-0000-000000000004
<==        Row: 7f1b9477-78c4-44ba-b804-c4cf5b179e6d, StatisticsClassification, Õ≥º∆∑÷¿‡, menu, views/statistics/classification/index.vue, a0000000-0000-0000-0000-000000000005
<==        Row: 6166f363-019f-4b7a-888a-0276423b5770, StatisticsOverview, Õ≥º∆∏≈¿¿, menu, views/statistics/overview.vue, a0000000-0000-0000-0000-000000000005
<==        Row: cc895f41-89d5-491a-a6e9-86eabac32c60, StatisticsDisplay, Õ≥º∆’π æ, menu, views/statistics/display/index.vue, a0000000-0000-0000-0000-000000000005
<==        Row: f282d39c-4905-4eaa-b5df-d6deb01a949f, device:register:edit, edit_device, button, null, 1126d3e3-dd49-4422-b0e0-94a5762a2a25
<==        Row: ee6c10ee-1d50-4810-841a-64f79fef27e9, device:register:add, add_device, button, null, 1126d3e3-dd49-4422-b0e0-94a5762a2a25
<==        Row: fe6267c0-aedb-4262-94e3-cc9efc6cab6e, device:register:delete, delete_device, button, null, 1126d3e3-dd49-4422-b0e0-94a5762a2a25
<==      Total: 42
Closing non transactional SqlSession [org.apache.ibatis.session.defaults.DefaultSqlSession@41156f97]
Creating a new SqlSession
SqlSession [org.apache.ibatis.session.defaults.DefaultSqlSession@3cfe87ee] was not registered for synchronization because synchronization is not active
JDBC Connection [HikariProxyConnection@1542425798 wrapping org.postgresql.jdbc.PgConnection@77d0a23d] will not be managed by Spring
==>  Preparing: SELECT role_code FROM user_roles WHERE user_uuid = CAST(? AS uuid) LIMIT 1
==> Parameters: f32dab2c-1da9-472e-944c-ff9fadf0b6b4(String)
<==    Columns: role_code
<==        Row: admin
<==      Total: 1
Closing non transactional SqlSession [org.apache.ibatis.session.defaults.DefaultSqlSession@3cfe87ee]
[31m2026-05-31 19:58:56.567[0;39m [33m[http-nio-9966-exec-9][0;39m [34mINFO [0;39m [32mc.g.dsp.module.login.service.impl.LoginServiceImpl[0;39m - Áî®Êà∑ test001 ÁôªÂΩïÊàêÂäü
[31m2026-05-31 19:58:56.567[0;39m [33m[http-nio-9966-exec-9][0;39m [39mDEBUG[0;39m [32mo.s.w.s.m.m.a.RequestResponseBodyMethodProcessor[0;39m - Using 'application/json', given [*/*] and supported [application/json, application/*+json]
[31m2026-05-31 19:58:56.567[0;39m [33m[http-nio-9966-exec-9][0;39m [39mDEBUG[0;39m [32mo.s.w.s.m.m.a.RequestResponseBodyMethodProcessor[0;39m - Writing [com.geo.dsp.common.result.Result@316c39fb]
[31m2026-05-31 19:58:56.568[0;39m [33m[http-nio-9966-exec-9][0;39m [39mDEBUG[0;39m [32morg.springframework.web.servlet.DispatcherServlet[0;39m - Completed 200 OK
[31m2026-05-31 19:58:56.628[0;39m [33m[http-nio-9966-exec-10][0;39m [39mDEBUG[0;39m [32mcom.geo.dsp.filter.JwtAuthenticationFilter[0;39m - JWT Token ËÆ§ËØÅÊàêÂäüÔºåÁî®Êà∑: test001
[31m2026-05-31 19:58:56.628[0;39m [33m[http-nio-9966-exec-10][0;39m [39mDEBUG[0;39m [32morg.springframework.web.servlet.DispatcherServlet[0;39m - GET "/geo/api/system/roles/list?pageNum=1&pageSize=10", parameters={masked}
[31m2026-05-31 19:58:56.628[0;39m [33m[http-nio-9966-exec-10][0;39m [39mDEBUG[0;39m [32mo.s.w.s.m.m.a.RequestMappingHandlerMapping[0;39m - Mapped to com.geo.dsp.module.privilege.controller.RoleController#list(String, Integer, Integer)
Creating a new SqlSession
SqlSession [org.apache.ibatis.session.defaults.DefaultSqlSession@6b0f8be2] was not registered for synchronization because synchronization is not active
JDBC Connection [HikariProxyConnection@633191326 wrapping org.postgresql.jdbc.PgConnection@77d0a23d] will not be managed by Spring
==>  Preparing: SELECT id, uuid, role_name, role_code, role_desc, status, create_time FROM roles WHERE is_del = false ORDER BY create_time DESC LIMIT ? OFFSET ?
==> Parameters: 10(Integer), 0(Integer)
<==    Columns: id, uuid, role_name, role_code, role_desc, status, create_time
<==        Row: 25, 90fe1809-1533-4a46-a3e8-2aca3aa39e68, test_role, test_role, test, 1, 2026-05-31 19:58:50.518135+08
<==        Row: 21, f457afff-e2b9-4131-ac8b-4319a7dd2bf0, π‹¿Ì‘±, admin, null, null, 2026-05-12 12:42:30.374565+08
<==      Total: 2
Closing non transactional SqlSession [org.apache.ibatis.session.defaults.DefaultSqlSession@6b0f8be2]
Creating a new SqlSession
SqlSession [org.apache.ibatis.session.defaults.DefaultSqlSession@b8940e6] was not registered for synchronization because synchronization is not active
JDBC Connection [HikariProxyConnection@1671556700 wrapping org.postgresql.jdbc.PgConnection@77d0a23d] will not be managed by Spring
==>  Preparing: SELECT COUNT(*) FROM roles WHERE is_del = false
==> Parameters: 
<==    Columns: count
<==        Row: 2
<==      Total: 1
Closing non transactional SqlSession [org.apache.ibatis.session.defaults.DefaultSqlSession@b8940e6]
[31m2026-05-31 19:58:56.630[0;39m [33m[http-nio-9966-exec-10][0;39m [39mDEBUG[0;39m [32mo.s.w.s.m.m.a.RequestResponseBodyMethodProcessor[0;39m - Using 'application/json', given [*/*] and supported [application/json, application/*+json]
[31m2026-05-31 19:58:56.630[0;39m [33m[http-nio-9966-exec-10][0;39m [39mDEBUG[0;39m [32mo.s.w.s.m.m.a.RequestResponseBodyMethodProcessor[0;39m - Writing [com.geo.dsp.common.result.Result@74e63951]
[31m2026-05-31 19:58:56.631[0;39m [33m[http-nio-9966-exec-10][0;39m [39mDEBUG[0;39m [32morg.springframework.web.servlet.DispatcherServlet[0;39m - Completed 200 OK
[31m2026-05-31 19:58:56.689[0;39m [33m[http-nio-9966-exec-1][0;39m [39mDEBUG[0;39m [32mcom.geo.dsp.filter.JwtAuthenticationFilter[0;39m - JWT Token ËÆ§ËØÅÊàêÂäüÔºåÁî®Êà∑: test001
[31m2026-05-31 19:58:56.690[0;39m [33m[http-nio-9966-exec-1][0;39m [39mDEBUG[0;39m [32morg.springframework.web.servlet.DispatcherServlet[0;39m - GET "/geo/api/system/permissions/list?pageNum=1&pageSize=10", parameters={masked}
[31m2026-05-31 19:58:56.690[0;39m [33m[http-nio-9966-exec-1][0;39m [39mDEBUG[0;39m [32mo.s.w.s.m.m.a.RequestMappingHandlerMapping[0;39m - Mapped to com.geo.dsp.module.privilege.controller.PermissionController#list(String, Integer, Integer)
Creating a new SqlSession
SqlSession [org.apache.ibatis.session.defaults.DefaultSqlSession@78a16d24] was not registered for synchronization because synchronization is not active
JDBC Connection [HikariProxyConnection@1953579797 wrapping org.postgresql.jdbc.PgConnection@77d0a23d] will not be managed by Spring
==>  Preparing: SELECT id, uuid, permission_name, permission_code, permission_desc, permission_type, parent_permission, component_path, status, create_time FROM permissions WHERE is_del = false ORDER BY create_time DESC LIMIT ? OFFSET ?
==> Parameters: 10(Integer), 0(Integer)
<==    Columns: id, uuid, permission_name, permission_code, permission_desc, permission_type, parent_permission, component_path, status, create_time
<==        Row: 58, 1ca6181d-0359-405c-9ff1-75f3135f854b, test_perm, test:perm, test, null, null, null, null, 2026-05-31 19:58:50.589884+08
<==        Row: 56, f282d39c-4905-4eaa-b5df-d6deb01a949f, edit_device, device:register:edit, Edit device registration, button, 36, null, null, 2026-05-12 23:27:38.36431+08
<==        Row: 57, fe6267c0-aedb-4262-94e3-cc9efc6cab6e, delete_device, device:register:delete, Delete device registration, button, 36, null, null, 2026-05-12 23:27:38.36431+08
<==        Row: 55, ee6c10ee-1d50-4810-841a-64f79fef27e9, add_device, device:register:add, Add device registration, button, 36, null, null, 2026-05-12 23:27:38.36431+08
<==        Row: 54, cc895f41-89d5-491a-a6e9-86eabac32c60, Õ≥º∆’π æ, StatisticsDisplay, Õ≥º∆’π æ, menu, 21, views/statistics/display/index.vue, 1, 2026-05-12 22:46:11.195531+08
<==        Row: 52, 6166f363-019f-4b7a-888a-0276423b5770, Õ≥º∆∏≈¿¿, StatisticsOverview, Õ≥º∆∏≈¿¿, menu, 21, views/statistics/overview.vue, 1, 2026-05-12 22:46:11.195531+08
<==        Row: 53, 7f1b9477-78c4-44ba-b804-c4cf5b179e6d, Õ≥º∆∑÷¿‡, StatisticsClassification, Õ≥º∆∑÷¿‡, menu, 21, views/statistics/classification/index.vue, 1, 2026-05-12 22:46:11.195531+08
<==        Row: 48, 60e16502-1f57-496a-aa93-8c2df7adc4d0,  ˝æ›∏≈¿¿, DataOverview,  ˝æ›∏≈¿¿, menu, 20, views/data/overview.vue, 1, 2026-05-12 22:46:11.193583+08
<==        Row: 50, 803dd4f5-af9a-45df-a503-e43a3e8cd720,  ˝æ›»ŒŒÒ, DataTasks,  ˝æ›»ŒŒÒ, menu, 20, views/data/tasks/index.vue, 1, 2026-05-12 22:46:11.193583+08
<==        Row: 49, 4036a134-c1ca-4322-b327-1491903e973e,  ˝æ›÷ ¡ø, DataQuality,  ˝æ›÷ ¡ø, menu, 20, views/data/quality/index.vue, 1, 2026-05-12 22:46:11.193583+08
<==      Total: 10
Closing non transactional SqlSession [org.apache.ibatis.session.defaults.DefaultSqlSession@78a16d24]
Creating a new SqlSession
SqlSession [org.apache.ibatis.session.defaults.DefaultSqlSession@3c4efaf] was not registered for synchronization because synchronization is not active
JDBC Connection [HikariProxyConnection@1035593903 wrapping org.postgresql.jdbc.PgConnection@77d0a23d] will not be managed by Spring
==>  Preparing: SELECT COUNT(*) FROM permissions WHERE is_del = false
==> Parameters: 
<==    Columns: count
<==        Row: 43
<==      Total: 1
Closing non transactional SqlSession [org.apache.ibatis.session.defaults.DefaultSqlSession@3c4efaf]
[31m2026-05-31 19:58:56.692[0;39m [33m[http-nio-9966-exec-1][0;39m [39mDEBUG[0;39m [32mo.s.w.s.m.m.a.RequestResponseBodyMethodProcessor[0;39m - Using 'application/json', given [*/*] and supported [application/json, application/*+json]
[31m2026-05-31 19:58:56.692[0;39m [33m[http-nio-9966-exec-1][0;39m [39mDEBUG[0;39m [32mo.s.w.s.m.m.a.RequestResponseBodyMethodProcessor[0;39m - Writing [com.geo.dsp.common.result.Result@4e027a71]
[31m2026-05-31 19:58:56.693[0;39m [33m[http-nio-9966-exec-1][0;39m [39mDEBUG[0;39m [32morg.springframework.web.servlet.DispatcherServlet[0;39m - Completed 200 OK
[31m2026-05-31 19:58:56.756[0;39m [33m[http-nio-9966-exec-2][0;39m [39mDEBUG[0;39m [32mcom.geo.dsp.filter.JwtAuthenticationFilter[0;39m - JWT Token ËÆ§ËØÅÊàêÂäüÔºåÁî®Êà∑: test001
[31m2026-05-31 19:58:56.756[0;39m [33m[http-nio-9966-exec-2][0;39m [39mDEBUG[0;39m [32morg.springframework.web.servlet.DispatcherServlet[0;39m - GET "/geo/api/system/dict/type/list", parameters={}
[31m2026-05-31 19:58:56.756[0;39m [33m[http-nio-9966-exec-2][0;39m [39mDEBUG[0;39m [32mo.s.w.s.m.m.a.RequestMappingHandlerMapping[0;39m - Mapped to com.geo.dsp.module.data.controller.DictController#typeList()
Creating a new SqlSession
SqlSession [org.apache.ibatis.session.defaults.DefaultSqlSession@6f5bc03b] was not registered for synchronization because synchronization is not active
JDBC Connection [HikariProxyConnection@1797197639 wrapping org.postgresql.jdbc.PgConnection@77d0a23d] will not be managed by Spring
==>  Preparing: SELECT * FROM dict WHERE is_del = false AND dict_name IS NOT NULL AND dict_name != '' ORDER BY create_time DESC
==> Parameters: 
<==      Total: 0
Closing non transactional SqlSession [org.apache.ibatis.session.defaults.DefaultSqlSession@6f5bc03b]
[31m2026-05-31 19:58:56.757[0;39m [33m[http-nio-9966-exec-2][0;39m [39mDEBUG[0;39m [32mo.s.w.s.m.m.a.RequestResponseBodyMethodProcessor[0;39m - Using 'application/json', given [*/*] and supported [application/json, application/*+json]
[31m2026-05-31 19:58:56.757[0;39m [33m[http-nio-9966-exec-2][0;39m [39mDEBUG[0;39m [32mo.s.w.s.m.m.a.RequestResponseBodyMethodProcessor[0;39m - Writing [com.geo.dsp.common.result.Result@78cc976f]
[31m2026-05-31 19:58:56.757[0;39m [33m[http-nio-9966-exec-2][0;39m [39mDEBUG[0;39m [32morg.springframework.web.servlet.DispatcherServlet[0;39m - Completed 200 OK
[31m2026-05-31 19:58:56.819[0;39m [33m[http-nio-9966-exec-3][0;39m [39mDEBUG[0;39m [32mcom.geo.dsp.filter.JwtAuthenticationFilter[0;39m - JWT Token ËÆ§ËØÅÊàêÂäüÔºåÁî®Êà∑: test001
[31m2026-05-31 19:58:56.819[0;39m [33m[http-nio-9966-exec-3][0;39m [39mDEBUG[0;39m [32morg.springframework.web.servlet.DispatcherServlet[0;39m - GET "/geo/api/system/companies/list?pageNum=1&pageSize=10", parameters={masked}
[31m2026-05-31 19:58:56.819[0;39m [33m[http-nio-9966-exec-3][0;39m [39mDEBUG[0;39m [32mo.s.w.s.m.m.a.RequestMappingHandlerMapping[0;39m - Mapped to com.geo.dsp.module.user.controller.CompanyController#list(String, Integer, Integer)
Creating a new SqlSession
SqlSession [org.apache.ibatis.session.defaults.DefaultSqlSession@20ded211] was not registered for synchronization because synchronization is not active
JDBC Connection [HikariProxyConnection@1575692093 wrapping org.postgresql.jdbc.PgConnection@77d0a23d] will not be managed by Spring
==>  Preparing: SELECT id, uuid, company_name, company_abbr, contact_name, contact_phone, license_num, status, create_time FROM companies WHERE is_del = false ORDER BY create_time DESC LIMIT ? OFFSET ?
==> Parameters: 10(Integer), 0(Integer)
<==    Columns: id, uuid, company_name, company_abbr, contact_name, contact_phone, license_num, status, create_time
<==        Row: 22, 5dcae56e-957c-40a3-b84c-f7caca140783, test_company, TC, test, 13800000002, 1234567890, 1, 2026-05-31 19:58:50.671541+08
<==        Row: 21, e9990f27-760c-45f5-b160-b4e9d54b1b5c, Default, DEF, System, 13800138000, DEFAULT-001, 1, 2026-05-12 22:45:30.97436+08
<==      Total: 2
Closing non transactional SqlSession [org.apache.ibatis.session.defaults.DefaultSqlSession@20ded211]
Creating a new SqlSession
SqlSession [org.apache.ibatis.session.defaults.DefaultSqlSession@5c1b08b4] was not registered for synchronization because synchronization is not active
JDBC Connection [HikariProxyConnection@1167076379 wrapping org.postgresql.jdbc.PgConnection@77d0a23d] will not be managed by Spring
==>  Preparing: SELECT COUNT(*) FROM companies WHERE is_del = false
==> Parameters: 
<==    Columns: count
<==        Row: 2
<==      Total: 1
Closing non transactional SqlSession [org.apache.ibatis.session.defaults.DefaultSqlSession@5c1b08b4]
[31m2026-05-31 19:58:56.821[0;39m [33m[http-nio-9966-exec-3][0;39m [39mDEBUG[0;39m [32mo.s.w.s.m.m.a.RequestResponseBodyMethodProcessor[0;39m - Using 'application/json', given [*/*] and supported [application/json, application/*+json]
[31m2026-05-31 19:58:56.821[0;39m [33m[http-nio-9966-exec-3][0;39m [39mDEBUG[0;39m [32mo.s.w.s.m.m.a.RequestResponseBodyMethodProcessor[0;39m - Writing [com.geo.dsp.common.result.Result@130820e2]
[31m2026-05-31 19:58:56.822[0;39m [33m[http-nio-9966-exec-3][0;39m [39mDEBUG[0;39m [32morg.springframework.web.servlet.DispatcherServlet[0;39m - Completed 200 OK
[31m2026-05-31 19:58:56.883[0;39m [33m[http-nio-9966-exec-4][0;39m [39mDEBUG[0;39m [32mcom.geo.dsp.filter.JwtAuthenticationFilter[0;39m - JWT Token ËÆ§ËØÅÊàêÂäüÔºåÁî®Êà∑: test001
[31m2026-05-31 19:58:56.883[0;39m [33m[http-nio-9966-exec-4][0;39m [39mDEBUG[0;39m [32morg.springframework.web.servlet.DispatcherServlet[0;39m - GET "/geo/api/system/permissions/all", parameters={}
[31m2026-05-31 19:58:56.883[0;39m [33m[http-nio-9966-exec-4][0;39m [39mDEBUG[0;39m [32mo.s.w.s.m.m.a.RequestMappingHandlerMapping[0;39m - Mapped to com.geo.dsp.module.privilege.controller.PermissionController#getAllPermissions()
Creating a new SqlSession
SqlSession [org.apache.ibatis.session.defaults.DefaultSqlSession@76ebf2c2] was not registered for synchronization because synchronization is not active
JDBC Connection [HikariProxyConnection@1264419978 wrapping org.postgresql.jdbc.PgConnection@77d0a23d] will not be managed by Spring
==>  Preparing: SELECT id, uuid, permission_name, permission_code, permission_desc, permission_type, parent_permission, component_path, status, create_time FROM permissions WHERE is_del = false ORDER BY create_time ASC
==> Parameters: 
<==    Columns: id, uuid, permission_name, permission_code, permission_desc, permission_type, parent_permission, component_path, status, create_time
<==        Row: 16, 8bfa14fe-7acb-43e0-9fdb-aa17f96f8302, »´≤øπ‹¿Ì»®œﬁ, admin:all, null, menu, null, null, null, 2026-05-12 12:53:58.98779+08
<==        Row: 21, a0000000-0000-0000-0000-000000000005, Õ≥º∆∑÷Œˆ, Statistics, Õ≥º∆∑÷Œˆ≤Àµ•, menu, null, views/statistics/index.vue, 1, 2026-05-12 22:44:08.782849+08
<==        Row: 22, a0000000-0000-0000-0000-000000000006,  ˝æ›∑÷Œˆ, DataAnalysis,  ˝æ›∑÷Œˆ, menu, null, views/data-analysis/index.vue, 1, 2026-05-12 22:44:08.782849+08
<==        Row: 23, a0000000-0000-0000-0000-000000000007, GISµÿÕº, GisMap, GISµÿÕº, menu, null, views/gis-map/index.vue, 1, 2026-05-12 22:44:08.782849+08
<==        Row: 24, a0000000-0000-0000-0000-000000000008, ∏ˆ»À÷––ƒ, Profile, ∏ˆ»À÷––ƒ, menu, null, views/profile/index.vue, 1, 2026-05-12 22:44:08.782849+08
<==        Row: 19, a0000000-0000-0000-0000-000000000003, œÓƒøπ‹¿Ì, Project, œÓƒøπ‹¿Ì≤Àµ•, menu, null, views/projects/index.vue, 1, 2026-05-12 22:44:08.782849+08
<==        Row: 17, a0000000-0000-0000-0000-000000000001, œµÕ≥π‹¿Ì, System, œµÕ≥π‹¿Ì≤Àµ•, menu, null, views/system/index.vue, 1, 2026-05-12 22:44:08.782849+08
<==        Row: 20, a0000000-0000-0000-0000-000000000004,  ˝æ›π‹¿Ì, Data,  ˝æ›π‹¿Ì≤Àµ•, menu, null, views/data/index.vue, 1, 2026-05-12 22:44:08.782849+08
<==        Row: 18, a0000000-0000-0000-0000-000000000002, …Ë±∏π‹¿Ì, Device, …Ë±∏π‹¿Ì≤Àµ•, menu, null, views/devices/index.vue, 1, 2026-05-12 22:44:08.782849+08
<==        Row: 33, 5ff2c4c9-de8f-4710-97d8-35c3add1e47b, ≈‰÷√π‹¿Ì, SystemSettings, ≈‰÷√π‹¿Ì, menu, 17, views/system/settings/index.vue, 1, 2026-05-12 22:46:11.179482+08
<==        Row: 34, a8ccfa8a-e1fe-4e34-9deb-f4f7caebaf72, ∆Û“µπ‹¿Ì, EnterpriseManagement, ∆Û“µπ‹¿Ì, menu, 17, views/system/enterprise/index.vue, 1, 2026-05-12 22:46:11.179482+08
<==        Row: 25, 7fa2a341-221c-41e5-ac55-5e0dd55603ed, œµÕ≥∏≈¿¿, SystemOverview, œµÕ≥∏≈¿¿, menu, 17, views/system/overview.vue, 1, 2026-05-12 22:46:11.179482+08
<==        Row: 26, 3863c388-7a30-41aa-8e49-a4aaf7654a25, ”√ªßπ‹¿Ì, SystemUsers, ”√ªßπ‹¿Ì, menu, 17, views/system/users/index.vue, 1, 2026-05-12 22:46:11.179482+08
<==        Row: 27, 95b44be6-527b-426b-a74a-59247155cd0d, Ω«…´π‹¿Ì, SystemRoles, Ω«…´π‹¿Ì, menu, 17, views/system/roles/index.vue, 1, 2026-05-12 22:46:11.179482+08
<==        Row: 28, e9f65f25-70bc-487b-babe-7589fc471ec9, »®œﬁπ‹¿Ì, SystemPermission, »®œﬁπ‹¿Ì, menu, 17, views/system/permission/index.vue, 1, 2026-05-12 22:46:11.179482+08
<==        Row: 29, 4e7fda28-6dc1-45a8-9163-5b292dd50cd5, ◊÷µ‰π‹¿Ì, Dictionary, ◊÷µ‰π‹¿Ì, menu, 17, views/system/dictionary/index.vue, 1, 2026-05-12 22:46:11.179482+08
<==        Row: 30, 1d0c83fc-40ab-4712-b186-dba5b9d567b4, ◊÷µ‰ ˝æ›π‹¿Ì, DictionaryData, ◊÷µ‰ ˝æ›π‹¿Ì, menu, 17, views/system/dictionary/data.vue, 1, 2026-05-12 22:46:11.179482+08
<==        Row: 31, 2ba4c4b9-a7f2-4306-82ba-703d0d8405de, ≤Ÿ◊˜‘±π‹¿Ì, SystemOperator, ≤Ÿ◊˜‘±π‹¿Ì, menu, 17, views/system/operator/index.vue, 1, 2026-05-12 22:46:11.179482+08
<==        Row: 32, 1b6276e8-9cfb-4560-8e1f-0d684e9d9d29, »’÷æπ‹¿Ì, SystemLogs, »’÷æπ‹¿Ì, menu, 17, views/system/logs/index.vue, 1, 2026-05-12 22:46:11.179482+08
<==        Row: 37, 1f4005b9-f074-43c6-a057-6538d3b12387, …Ë±∏º‡øÿ, DeviceMonitor, …Ë±∏º‡øÿ, menu, 18, views/devices/monitor/index.vue, 1, 2026-05-12 22:46:11.189282+08
<==        Row: 35, 9530a5b3-2d46-4d23-a7a1-87514bd48bf4, …Ë±∏∏≈¿¿, DeviceOverview, …Ë±∏∏≈¿¿, menu, 18, views/devices/overview.vue, 1, 2026-05-12 22:46:11.189282+08
<==        Row: 36, 1126d3e3-dd49-4422-b0e0-94a5762a2a25, …Ë±∏µ«º«, DeviceRegister, …Ë±∏µ«º«, menu, 18, views/devices/register/index.vue, 1, 2026-05-12 22:46:11.189282+08
<==        Row: 38, e581b25f-2ece-4e03-a699-fdcda56032fc, …Ë±∏Œ¨ª§, DeviceMaintenance, …Ë±∏Œ¨ª§, menu, 18, views/devices/maintenance/index.vue, 1, 2026-05-12 22:46:11.189282+08
<==        Row: 39, 28fa7dcd-86b8-47a2-9285-1d34b7bf046f, …Ë±∏∑÷Œˆ, DeviceAnalysis, …Ë±∏∑÷Œˆ, menu, 18, views/devices/analysis/index.vue, 1, 2026-05-12 22:46:11.189282+08
<==        Row: 40, 29ccc09d-ee12-452e-a61e-b3145125dd94, ÃÏœﬂ…Ë±∏Œ¨ª§, DeviceAntenna, ÃÏœﬂ…Ë±∏Œ¨ª§, menu, 18, views/devices/antenna/index.vue, 1, 2026-05-12 22:46:11.189282+08
<==        Row: 41, 3fd7d924-e847-48f8-baa7-afb7490a8f9a, œÓƒø∏≈¿¿, ProjectOverview, œÓƒø∏≈¿¿, menu, 19, views/projects/overview.vue, 1, 2026-05-12 22:46:11.191534+08
<==        Row: 42, 8991596b-0b28-4a46-9cbb-066c9e0d3771, œÓƒø–≈œ¢, ProjectInfo, œÓƒø–≈œ¢, menu, 19, views/projects/info/index.vue, 1, 2026-05-12 22:46:11.191534+08
<==        Row: 43, 1923ac78-584b-4ad5-b1b4-6df7051562e6, œÓƒø»ŒŒÒ, ProjectTasks, œÓƒø»ŒŒÒ, menu, 19, views/projects/tasks/index.vue, 1, 2026-05-12 22:46:11.191534+08
<==        Row: 44, b9c89db0-7802-4241-9c9b-10940d0fb037, ◊˜“µ∑Ω∑®, ProjectMethods, ◊˜“µ∑Ω∑®, menu, 19, views/projects/methods/index.vue, 1, 2026-05-12 22:46:11.191534+08
<==        Row: 45, 2c9139a4-0a5e-4fff-ab73-f06d54155426, œÓƒøΩ¯∂», ProjectProgress, œÓƒøΩ¯∂», menu, 19, views/projects/progress/index.vue, 1, 2026-05-12 22:46:11.191534+08
<==        Row: 46, c320c6b0-eea1-4d35-80a2-57d8ed750d98, œÓƒø»’÷æ, ProjectLogs, œÓƒø»’÷æ, menu, 19, views/projects/logs/index.vue, 1, 2026-05-12 22:46:11.191534+08
<==        Row: 47, 2e3a0e1f-11f7-421a-a5f4-a44bcada8b1f, œÓƒø±®∏Ê, ProjectReports, œÓƒø±®∏Ê, menu, 19, views/projects/reports/index.vue, 1, 2026-05-12 22:46:11.191534+08
<==        Row: 48, 60e16502-1f57-496a-aa93-8c2df7adc4d0,  ˝æ›∏≈¿¿, DataOverview,  ˝æ›∏≈¿¿, menu, 20, views/data/overview.vue, 1, 2026-05-12 22:46:11.193583+08
<==        Row: 49, 4036a134-c1ca-4322-b327-1491903e973e,  ˝æ›÷ ¡ø, DataQuality,  ˝æ›÷ ¡ø, menu, 20, views/data/quality/index.vue, 1, 2026-05-12 22:46:11.193583+08
<==        Row: 50, 803dd4f5-af9a-45df-a503-e43a3e8cd720,  ˝æ›»ŒŒÒ, DataTasks,  ˝æ›»ŒŒÒ, menu, 20, views/data/tasks/index.vue, 1, 2026-05-12 22:46:11.193583+08
<==        Row: 51, da58c221-edbd-4e97-aab4-69393829ca3a,  ˝æ›‘§¿¿, DataPreview,  ˝æ›‘§¿¿, menu, 20, views/data/preview.vue, 1, 2026-05-12 22:46:11.193583+08
<==        Row: 52, 6166f363-019f-4b7a-888a-0276423b5770, Õ≥º∆∏≈¿¿, StatisticsOverview, Õ≥º∆∏≈¿¿, menu, 21, views/statistics/overview.vue, 1, 2026-05-12 22:46:11.195531+08
<==        Row: 53, 7f1b9477-78c4-44ba-b804-c4cf5b179e6d, Õ≥º∆∑÷¿‡, StatisticsClassification, Õ≥º∆∑÷¿‡, menu, 21, views/statistics/classification/index.vue, 1, 2026-05-12 22:46:11.195531+08
<==        Row: 54, cc895f41-89d5-491a-a6e9-86eabac32c60, Õ≥º∆’π æ, StatisticsDisplay, Õ≥º∆’π æ, menu, 21, views/statistics/display/index.vue, 1, 2026-05-12 22:46:11.195531+08
<==        Row: 55, ee6c10ee-1d50-4810-841a-64f79fef27e9, add_device, device:register:add, Add device registration, button, 36, null, null, 2026-05-12 23:27:38.36431+08
<==        Row: 56, f282d39c-4905-4eaa-b5df-d6deb01a949f, edit_device, device:register:edit, Edit device registration, button, 36, null, null, 2026-05-12 23:27:38.36431+08
<==        Row: 57, fe6267c0-aedb-4262-94e3-cc9efc6cab6e, delete_device, device:register:delete, Delete device registration, button, 36, null, null, 2026-05-12 23:27:38.36431+08
<==        Row: 58, 1ca6181d-0359-405c-9ff1-75f3135f854b, test_perm, test:perm, test, null, null, null, null, 2026-05-31 19:58:50.589884+08
<==      Total: 43
Closing non transactional SqlSession [org.apache.ibatis.session.defaults.DefaultSqlSession@76ebf2c2]
[31m2026-05-31 19:58:56.886[0;39m [33m[http-nio-9966-exec-4][0;39m [39mDEBUG[0;39m [32mo.s.w.s.m.m.a.RequestResponseBodyMethodProcessor[0;39m - Using 'application/json', given [*/*] and supported [application/json, application/*+json]
[31m2026-05-31 19:58:56.886[0;39m [33m[http-nio-9966-exec-4][0;39m [39mDEBUG[0;39m [32mo.s.w.s.m.m.a.RequestResponseBodyMethodProcessor[0;39m - Writing [com.geo.dsp.common.result.Result@29c3e356]
[31m2026-05-31 19:58:56.886[0;39m [33m[http-nio-9966-exec-4][0;39m [39mDEBUG[0;39m [32morg.springframework.web.servlet.DispatcherServlet[0;39m - Completed 200 OK
[31m2026-05-31 19:59:02.162[0;39m [33m[http-nio-9966-exec-5][0;39m [39mDEBUG[0;39m [32morg.springframework.web.servlet.DispatcherServlet[0;39m - POST "/geo/api/user/login", parameters={}
[31m2026-05-31 19:59:02.162[0;39m [33m[http-nio-9966-exec-5][0;39m [39mDEBUG[0;39m [32mo.s.w.s.m.m.a.RequestMappingHandlerMapping[0;39m - Mapped to com.geo.dsp.module.login.controller.LoginController#login(LoginDTO)
[31m2026-05-31 19:59:02.163[0;39m [33m[http-nio-9966-exec-5][0;39m [39mDEBUG[0;39m [32mo.s.w.s.m.m.a.RequestResponseBodyMethodProcessor[0;39m - Read "application/json;charset=UTF-8" to [LoginDTO(account=test001, password=123456, smsCode=null, loginType=1)]
Creating a new SqlSession
SqlSession [org.apache.ibatis.session.defaults.DefaultSqlSession@2a04f762] was not registered for synchronization because synchronization is not active
JDBC Connection [HikariProxyConnection@1916230968 wrapping org.postgresql.jdbc.PgConnection@77d0a23d] will not be managed by Spring
==>  Preparing: SELECT id, uuid, user_name, account, password, email, phone_num, user_type, status, image_id, create_by, create_time, update_by, update_time, is_del, note, sex FROM users WHERE account = ? AND is_del = false
==> Parameters: test001(String)
<==    Columns: id, uuid, user_name, account, password, email, phone_num, user_type, status, image_id, create_by, create_time, update_by, update_time, is_del, note, sex
<==        Row: 16, f32dab2c-1da9-472e-944c-ff9fadf0b6b4, ≤‚ ‘”√ªß, test001, $2a$10$j3yM2CwdNz3u7K5f/pXyGe3KIyECGMXJw9rcDue2Pwcs8JG85AY1q, test@qq.com, 13800138000, 3, 1, null, 64, 2026-05-12 12:34:15.617474+08, 1, 2026-05-31 19:34:24.661532+08, f, null, null
<==      Total: 1
Closing non transactional SqlSession [org.apache.ibatis.session.defaults.DefaultSqlSession@2a04f762]
Creating a new SqlSession
SqlSession [org.apache.ibatis.session.defaults.DefaultSqlSession@1337a5d] was not registered for synchronization because synchronization is not active
JDBC Connection [HikariProxyConnection@310743474 wrapping org.postgresql.jdbc.PgConnection@77d0a23d] will not be managed by Spring
==>  Preparing: SELECT role_code FROM user_roles WHERE user_uuid = CAST(? AS uuid) LIMIT 1
==> Parameters: f32dab2c-1da9-472e-944c-ff9fadf0b6b4(String)
<==    Columns: role_code
<==        Row: admin
<==      Total: 1
Closing non transactional SqlSession [org.apache.ibatis.session.defaults.DefaultSqlSession@1337a5d]
Creating a new SqlSession
SqlSession [org.apache.ibatis.session.defaults.DefaultSqlSession@1f37cb67] was not registered for synchronization because synchronization is not active
JDBC Connection [HikariProxyConnection@1470204708 wrapping org.postgresql.jdbc.PgConnection@77d0a23d] will not be managed by Spring
==>  Preparing: SELECT id FROM roles WHERE role_code = ? AND is_del = false
==> Parameters: admin(String)
<==    Columns: id
<==        Row: 21
<==      Total: 1
Closing non transactional SqlSession [org.apache.ibatis.session.defaults.DefaultSqlSession@1f37cb67]
Creating a new SqlSession
SqlSession [org.apache.ibatis.session.defaults.DefaultSqlSession@4d5af21f] was not registered for synchronization because synchronization is not active
JDBC Connection [HikariProxyConnection@1936519687 wrapping org.postgresql.jdbc.PgConnection@77d0a23d] will not be managed by Spring
==>  Preparing: SELECT p.permission_code FROM permissions p INNER JOIN role_permis rp ON rp.permission_id = p.id WHERE rp.role_id = ? AND p.is_del = false
==> Parameters: 21(Long)
<==    Columns: permission_code
<==        Row: System
<==        Row: Device
<==        Row: Project
<==        Row: Data
<==        Row: Statistics
<==        Row: DataAnalysis
<==        Row: GisMap
<==        Row: Profile
<==        Row: SystemOverview
<==        Row: SystemUsers
<==        Row: SystemRoles
<==        Row: SystemPermission
<==        Row: admin:all
<==        Row: Dictionary
<==        Row: DictionaryData
<==        Row: SystemOperator
<==        Row: SystemLogs
<==        Row: SystemSettings
<==        Row: EnterpriseManagement
<==        Row: DeviceOverview
<==        Row: DeviceRegister
<==        Row: DeviceMonitor
<==        Row: DeviceMaintenance
<==        Row: DeviceAnalysis
<==        Row: DeviceAntenna
<==        Row: ProjectOverview
<==        Row: ProjectInfo
<==        Row: ProjectTasks
<==        Row: ProjectMethods
<==        Row: ProjectProgress
<==        Row: ProjectLogs
<==        Row: ProjectReports
<==        Row: DataOverview
<==        Row: DataQuality
<==        Row: DataTasks
<==        Row: DataPreview
<==        Row: StatisticsOverview
<==        Row: StatisticsClassification
<==        Row: StatisticsDisplay
<==        Row: device:register:add
<==        Row: device:register:edit
<==        Row: device:register:delete
<==      Total: 42
Closing non transactional SqlSession [org.apache.ibatis.session.defaults.DefaultSqlSession@4d5af21f]
Creating a new SqlSession
SqlSession [org.apache.ibatis.session.defaults.DefaultSqlSession@52a163fe] was not registered for synchronization because synchronization is not active
JDBC Connection [HikariProxyConnection@151136805 wrapping org.postgresql.jdbc.PgConnection@77d0a23d] will not be managed by Spring
==>  Preparing: SELECT p.uuid, p.permission_code AS permissionCode, p.permission_name AS permissionName, p.permission_type AS permissionType, p.component_path AS componentPath, p.parent_uuid AS parentPermission FROM permissions p INNER JOIN role_permis rp ON rp.permission_id = p.id INNER JOIN user_roles ur ON ur.role_code = (SELECT role_code FROM roles WHERE id = rp.role_id) WHERE ur.user_uuid = CAST(? AS uuid) AND p.is_del = false ORDER BY p.create_time ASC
==> Parameters: f32dab2c-1da9-472e-944c-ff9fadf0b6b4(String)
<==    Columns: uuid, permissioncode, permissionname, permissiontype, componentpath, parentpermission
<==        Row: 8bfa14fe-7acb-43e0-9fdb-aa17f96f8302, admin:all, »´≤øπ‹¿Ì»®œﬁ, menu, null, null
<==        Row: a0000000-0000-0000-0000-000000000003, Project, œÓƒøπ‹¿Ì, menu, views/projects/index.vue, null
<==        Row: a0000000-0000-0000-0000-000000000004, Data,  ˝æ›π‹¿Ì, menu, views/data/index.vue, null
<==        Row: a0000000-0000-0000-0000-000000000001, System, œµÕ≥π‹¿Ì, menu, views/system/index.vue, null
<==        Row: a0000000-0000-0000-0000-000000000005, Statistics, Õ≥º∆∑÷Œˆ, menu, views/statistics/index.vue, null
<==        Row: a0000000-0000-0000-0000-000000000006, DataAnalysis,  ˝æ›∑÷Œˆ, menu, views/data-analysis/index.vue, null
<==        Row: a0000000-0000-0000-0000-000000000007, GisMap, GISµÿÕº, menu, views/gis-map/index.vue, null
<==        Row: a0000000-0000-0000-0000-000000000008, Profile, ∏ˆ»À÷––ƒ, menu, views/profile/index.vue, null
<==        Row: a0000000-0000-0000-0000-000000000002, Device, …Ë±∏π‹¿Ì, menu, views/devices/index.vue, null
<==        Row: 1b6276e8-9cfb-4560-8e1f-0d684e9d9d29, SystemLogs, »’÷æπ‹¿Ì, menu, views/system/logs/index.vue, a0000000-0000-0000-0000-000000000001
<==        Row: 7fa2a341-221c-41e5-ac55-5e0dd55603ed, SystemOverview, œµÕ≥∏≈¿¿, menu, views/system/overview.vue, a0000000-0000-0000-0000-000000000001
<==        Row: 3863c388-7a30-41aa-8e49-a4aaf7654a25, SystemUsers, ”√ªßπ‹¿Ì, menu, views/system/users/index.vue, a0000000-0000-0000-0000-000000000001
<==        Row: 95b44be6-527b-426b-a74a-59247155cd0d, SystemRoles, Ω«…´π‹¿Ì, menu, views/system/roles/index.vue, a0000000-0000-0000-0000-000000000001
<==        Row: e9f65f25-70bc-487b-babe-7589fc471ec9, SystemPermission, »®œﬁπ‹¿Ì, menu, views/system/permission/index.vue, a0000000-0000-0000-0000-000000000001
<==        Row: a8ccfa8a-e1fe-4e34-9deb-f4f7caebaf72, EnterpriseManagement, ∆Û“µπ‹¿Ì, menu, views/system/enterprise/index.vue, a0000000-0000-0000-0000-000000000001
<==        Row: 5ff2c4c9-de8f-4710-97d8-35c3add1e47b, SystemSettings, ≈‰÷√π‹¿Ì, menu, views/system/settings/index.vue, a0000000-0000-0000-0000-000000000001
<==        Row: 4e7fda28-6dc1-45a8-9163-5b292dd50cd5, Dictionary, ◊÷µ‰π‹¿Ì, menu, views/system/dictionary/index.vue, a0000000-0000-0000-0000-000000000001
<==        Row: 1d0c83fc-40ab-4712-b186-dba5b9d567b4, DictionaryData, ◊÷µ‰ ˝æ›π‹¿Ì, menu, views/system/dictionary/data.vue, a0000000-0000-0000-0000-000000000001
<==        Row: 2ba4c4b9-a7f2-4306-82ba-703d0d8405de, SystemOperator, ≤Ÿ◊˜‘±π‹¿Ì, menu, views/system/operator/index.vue, a0000000-0000-0000-0000-000000000001
<==        Row: 1126d3e3-dd49-4422-b0e0-94a5762a2a25, DeviceRegister, …Ë±∏µ«º«, menu, views/devices/register/index.vue, a0000000-0000-0000-0000-000000000002
<==        Row: 29ccc09d-ee12-452e-a61e-b3145125dd94, DeviceAntenna, ÃÏœﬂ…Ë±∏Œ¨ª§, menu, views/devices/antenna/index.vue, a0000000-0000-0000-0000-000000000002
<==        Row: 28fa7dcd-86b8-47a2-9285-1d34b7bf046f, DeviceAnalysis, …Ë±∏∑÷Œˆ, menu, views/devices/analysis/index.vue, a0000000-0000-0000-0000-000000000002
<==        Row: e581b25f-2ece-4e03-a699-fdcda56032fc, DeviceMaintenance, …Ë±∏Œ¨ª§, menu, views/devices/maintenance/index.vue, a0000000-0000-0000-0000-000000000002
<==        Row: 1f4005b9-f074-43c6-a057-6538d3b12387, DeviceMonitor, …Ë±∏º‡øÿ, menu, views/devices/monitor/index.vue, a0000000-0000-0000-0000-000000000002
<==        Row: 9530a5b3-2d46-4d23-a7a1-87514bd48bf4, DeviceOverview, …Ë±∏∏≈¿¿, menu, views/devices/overview.vue, a0000000-0000-0000-0000-000000000002
<==        Row: 2e3a0e1f-11f7-421a-a5f4-a44bcada8b1f, ProjectReports, œÓƒø±®∏Ê, menu, views/projects/reports/index.vue, a0000000-0000-0000-0000-000000000003
<==        Row: 3fd7d924-e847-48f8-baa7-afb7490a8f9a, ProjectOverview, œÓƒø∏≈¿¿, menu, views/projects/overview.vue, a0000000-0000-0000-0000-000000000003
<==        Row: 8991596b-0b28-4a46-9cbb-066c9e0d3771, ProjectInfo, œÓƒø–≈œ¢, menu, views/projects/info/index.vue, a0000000-0000-0000-0000-000000000003
<==        Row: 1923ac78-584b-4ad5-b1b4-6df7051562e6, ProjectTasks, œÓƒø»ŒŒÒ, menu, views/projects/tasks/index.vue, a0000000-0000-0000-0000-000000000003
<==        Row: b9c89db0-7802-4241-9c9b-10940d0fb037, ProjectMethods, ◊˜“µ∑Ω∑®, menu, views/projects/methods/index.vue, a0000000-0000-0000-0000-000000000003
<==        Row: 2c9139a4-0a5e-4fff-ab73-f06d54155426, ProjectProgress, œÓƒøΩ¯∂», menu, views/projects/progress/index.vue, a0000000-0000-0000-0000-000000000003
<==        Row: c320c6b0-eea1-4d35-80a2-57d8ed750d98, ProjectLogs, œÓƒø»’÷æ, menu, views/projects/logs/index.vue, a0000000-0000-0000-0000-000000000003
<==        Row: 803dd4f5-af9a-45df-a503-e43a3e8cd720, DataTasks,  ˝æ›»ŒŒÒ, menu, views/data/tasks/index.vue, a0000000-0000-0000-0000-000000000004
<==        Row: 60e16502-1f57-496a-aa93-8c2df7adc4d0, DataOverview,  ˝æ›∏≈¿¿, menu, views/data/overview.vue, a0000000-0000-0000-0000-000000000004
<==        Row: 4036a134-c1ca-4322-b327-1491903e973e, DataQuality,  ˝æ›÷ ¡ø, menu, views/data/quality/index.vue, a0000000-0000-0000-0000-000000000004
<==        Row: da58c221-edbd-4e97-aab4-69393829ca3a, DataPreview,  ˝æ›‘§¿¿, menu, views/data/preview.vue, a0000000-0000-0000-0000-000000000004
<==        Row: 7f1b9477-78c4-44ba-b804-c4cf5b179e6d, StatisticsClassification, Õ≥º∆∑÷¿‡, menu, views/statistics/classification/index.vue, a0000000-0000-0000-0000-000000000005
<==        Row: 6166f363-019f-4b7a-888a-0276423b5770, StatisticsOverview, Õ≥º∆∏≈¿¿, menu, views/statistics/overview.vue, a0000000-0000-0000-0000-000000000005
<==        Row: cc895f41-89d5-491a-a6e9-86eabac32c60, StatisticsDisplay, Õ≥º∆’π æ, menu, views/statistics/display/index.vue, a0000000-0000-0000-0000-000000000005
<==        Row: f282d39c-4905-4eaa-b5df-d6deb01a949f, device:register:edit, edit_device, button, null, 1126d3e3-dd49-4422-b0e0-94a5762a2a25
<==        Row: ee6c10ee-1d50-4810-841a-64f79fef27e9, device:register:add, add_device, button, null, 1126d3e3-dd49-4422-b0e0-94a5762a2a25
<==        Row: fe6267c0-aedb-4262-94e3-cc9efc6cab6e, device:register:delete, delete_device, button, null, 1126d3e3-dd49-4422-b0e0-94a5762a2a25
<==      Total: 42
Closing non transactional SqlSession [org.apache.ibatis.session.defaults.DefaultSqlSession@52a163fe]
Creating a new SqlSession
SqlSession [org.apache.ibatis.session.defaults.DefaultSqlSession@1352fb10] was not registered for synchronization because synchronization is not active
JDBC Connection [HikariProxyConnection@129683383 wrapping org.postgresql.jdbc.PgConnection@77d0a23d] will not be managed by Spring
==>  Preparing: SELECT role_code FROM user_roles WHERE user_uuid = CAST(? AS uuid) LIMIT 1
==> Parameters: f32dab2c-1da9-472e-944c-ff9fadf0b6b4(String)
<==    Columns: role_code
<==        Row: admin
<==      Total: 1
Closing non transactional SqlSession [org.apache.ibatis.session.defaults.DefaultSqlSession@1352fb10]
[31m2026-05-31 19:59:02.220[0;39m [33m[http-nio-9966-exec-5][0;39m [34mINFO [0;39m [32mc.g.dsp.module.login.service.impl.LoginServiceImpl[0;39m - Áî®Êà∑ test001 ÁôªÂΩïÊàêÂäü
[31m2026-05-31 19:59:02.221[0;39m [33m[http-nio-9966-exec-5][0;39m [39mDEBUG[0;39m [32mo.s.w.s.m.m.a.RequestResponseBodyMethodProcessor[0;39m - Using 'application/json', given [*/*] and supported [application/json, application/*+json]
[31m2026-05-31 19:59:02.221[0;39m [33m[http-nio-9966-exec-5][0;39m [39mDEBUG[0;39m [32mo.s.w.s.m.m.a.RequestResponseBodyMethodProcessor[0;39m - Writing [com.geo.dsp.common.result.Result@5edde22d]
[31m2026-05-31 19:59:02.221[0;39m [33m[http-nio-9966-exec-5][0;39m [39mDEBUG[0;39m [32morg.springframework.web.servlet.DispatcherServlet[0;39m - Completed 200 OK
[31m2026-05-31 19:59:02.266[0;39m [33m[http-nio-9966-exec-7][0;39m [39mDEBUG[0;39m [32mcom.geo.dsp.filter.JwtAuthenticationFilter[0;39m - JWT Token ËÆ§ËØÅÊàêÂäüÔºåÁî®Êà∑: test001
[31m2026-05-31 19:59:02.266[0;39m [33m[http-nio-9966-exec-7][0;39m [39mDEBUG[0;39m [32morg.springframework.web.servlet.DispatcherServlet[0;39m - GET "/geo/api/system/dict/type/list", parameters={}
[31m2026-05-31 19:59:02.266[0;39m [33m[http-nio-9966-exec-7][0;39m [39mDEBUG[0;39m [32mo.s.w.s.m.m.a.RequestMappingHandlerMapping[0;39m - Mapped to com.geo.dsp.module.data.controller.DictController#typeList()
Creating a new SqlSession
SqlSession [org.apache.ibatis.session.defaults.DefaultSqlSession@6f8b0b5c] was not registered for synchronization because synchronization is not active
JDBC Connection [HikariProxyConnection@864624714 wrapping org.postgresql.jdbc.PgConnection@77d0a23d] will not be managed by Spring
==>  Preparing: SELECT * FROM dict WHERE is_del = false AND dict_name IS NOT NULL AND dict_name != '' ORDER BY create_time DESC
==> Parameters: 
<==      Total: 0
Closing non transactional SqlSession [org.apache.ibatis.session.defaults.DefaultSqlSession@6f8b0b5c]
[31m2026-05-31 19:59:02.267[0;39m [33m[http-nio-9966-exec-7][0;39m [39mDEBUG[0;39m [32mo.s.w.s.m.m.a.RequestResponseBodyMethodProcessor[0;39m - Using 'application/json', given [*/*] and supported [application/json, application/*+json]
[31m2026-05-31 19:59:02.267[0;39m [33m[http-nio-9966-exec-7][0;39m [39mDEBUG[0;39m [32mo.s.w.s.m.m.a.RequestResponseBodyMethodProcessor[0;39m - Writing [com.geo.dsp.common.result.Result@c3c2c25]
[31m2026-05-31 19:59:02.267[0;39m [33m[http-nio-9966-exec-7][0;39m [39mDEBUG[0;39m [32morg.springframework.web.servlet.DispatcherServlet[0;39m - Completed 200 OK
[31m2026-05-31 19:59:02.337[0;39m [33m[http-nio-9966-exec-6][0;39m [39mDEBUG[0;39m [32mcom.geo.dsp.filter.JwtAuthenticationFilter[0;39m - JWT Token ËÆ§ËØÅÊàêÂäüÔºåÁî®Êà∑: test001
[31m2026-05-31 19:59:02.337[0;39m [33m[http-nio-9966-exec-6][0;39m [39mDEBUG[0;39m [32morg.springframework.web.servlet.DispatcherServlet[0;39m - GET "/geo/api/system/dict/data/list?dictCode=sys_status", parameters={masked}
[31m2026-05-31 19:59:02.337[0;39m [33m[http-nio-9966-exec-6][0;39m [39mDEBUG[0;39m [32mo.s.w.s.m.m.a.RequestMappingHandlerMapping[0;39m - Mapped to com.geo.dsp.module.data.controller.DictController#dataList(String)
Creating a new SqlSession
SqlSession [org.apache.ibatis.session.defaults.DefaultSqlSession@68308a42] was not registered for synchronization because synchronization is not active
JDBC Connection [HikariProxyConnection@149542148 wrapping org.postgresql.jdbc.PgConnection@1bbebf4b] will not be managed by Spring
==>  Preparing: SELECT * FROM dict WHERE is_del = false AND dict_code = ? AND dict_key IS NOT NULL ORDER BY dict_key ASC
==> Parameters: sys_status(String)
<==      Total: 0
Closing non transactional SqlSession [org.apache.ibatis.session.defaults.DefaultSqlSession@68308a42]
[31m2026-05-31 19:59:02.340[0;39m [33m[http-nio-9966-exec-6][0;39m [39mDEBUG[0;39m [32mo.s.w.s.m.m.a.RequestResponseBodyMethodProcessor[0;39m - Using 'application/json', given [*/*] and supported [application/json, application/*+json]
[31m2026-05-31 19:59:02.340[0;39m [33m[http-nio-9966-exec-6][0;39m [39mDEBUG[0;39m [32mo.s.w.s.m.m.a.RequestResponseBodyMethodProcessor[0;39m - Writing [com.geo.dsp.common.result.Result@5fd3d3d3]
[31m2026-05-31 19:59:02.340[0;39m [33m[http-nio-9966-exec-6][0;39m [39mDEBUG[0;39m [32morg.springframework.web.servlet.DispatcherServlet[0;39m - Completed 200 OK
[31m2026-05-31 19:59:02.415[0;39m [33m[http-nio-9966-exec-8][0;39m [39mDEBUG[0;39m [32mcom.geo.dsp.filter.JwtAuthenticationFilter[0;39m - JWT Token ËÆ§ËØÅÊàêÂäüÔºåÁî®Êà∑: test001
[31m2026-05-31 19:59:02.415[0;39m [33m[http-nio-9966-exec-8][0;39m [39mDEBUG[0;39m [32morg.springframework.web.servlet.DispatcherServlet[0;39m - GET "/geo/api/system/permissions/role/test-role-uuid", parameters={}
[31m2026-05-31 19:59:02.415[0;39m [33m[http-nio-9966-exec-8][0;39m [39mDEBUG[0;39m [32mo.s.w.s.m.m.a.RequestMappingHandlerMapping[0;39m - Mapped to com.geo.dsp.module.privilege.controller.PermissionController#getPermissionsByRole(String)
Creating a new SqlSession
SqlSession [org.apache.ibatis.session.defaults.DefaultSqlSession@36d272a5] was not registered for synchronization because synchronization is not active
JDBC Connection [HikariProxyConnection@2106132403 wrapping org.postgresql.jdbc.PgConnection@77d0a23d] will not be managed by Spring
==>  Preparing: SELECT id FROM roles WHERE uuid = CAST(? AS uuid) AND is_del = false
==> Parameters: test-role-uuid(String)
Closing non transactional SqlSession [org.apache.ibatis.session.defaults.DefaultSqlSession@36d272a5]
[31m2026-05-31 19:59:02.426[0;39m [33m[http-nio-9966-exec-8][0;39m [39mDEBUG[0;39m [32mo.s.w.s.m.m.a.ExceptionHandlerExceptionResolver[0;39m - Using @ExceptionHandler com.geo.dsp.common.exception.GlobalExceptionHandler#handleRuntimeException(RuntimeException)
[31m2026-05-31 19:59:02.426[0;39m [33m[http-nio-9966-exec-8][0;39m [1;31mERROR[0;39m [32mc.geo.dsp.common.exception.GlobalExceptionHandler[0;39m - ‰∏öÂä°ÂºÇÂ∏∏: 
### Error querying database.  Cause: org.postgresql.util.PSQLException: ERROR: invalid input syntax for type uuid: "test-role-uuid"
### The error may exist in class path resource [mapper/RoleMapper.xml]
### The error may involve defaultParameterMap
### The error occurred while setting parameters
### SQL: SELECT id FROM roles         WHERE uuid = CAST(? AS uuid) AND is_del = false
### Cause: org.postgresql.util.PSQLException: ERROR: invalid input syntax for type uuid: "test-role-uuid"
; ERROR: invalid input syntax for type uuid: "test-role-uuid"
[31m2026-05-31 19:59:02.426[0;39m [33m[http-nio-9966-exec-8][0;39m [39mDEBUG[0;39m [32mo.s.w.s.m.m.a.RequestResponseBodyMethodProcessor[0;39m - Using 'application/json', given [*/*] and supported [application/json, application/*+json]
[31m2026-05-31 19:59:02.427[0;39m [33m[http-nio-9966-exec-8][0;39m [39mDEBUG[0;39m [32mo.s.w.s.m.m.a.RequestResponseBodyMethodProcessor[0;39m - Writing [com.geo.dsp.common.result.Result@7c72d46]
[31m2026-05-31 19:59:02.427[0;39m [33m[http-nio-9966-exec-8][0;39m [39mDEBUG[0;39m [32mo.s.w.s.m.m.a.ExceptionHandlerExceptionResolver[0;39m - Resolved [org.springframework.dao.DataIntegrityViolationException: <EOL><EOL>### Error querying database.  Cause: org.postgresql.util.PSQLException: ERROR: invalid input syntax for type uuid: "test-role-uuid"<EOL><EOL>### The error may exist in class path resource [mapper/RoleMapper.xml]<EOL><EOL>### The error may involve defaultParameterMap<EOL><EOL>### The error occurred while setting parameters<EOL><EOL>### SQL: SELECT id FROM roles         WHERE uuid = CAST(? AS uuid) AND is_del = false<EOL><EOL>### Cause: org.postgresql.util.PSQLException: ERROR: invalid input syntax for type uuid: "test-role-uuid"<EOL>; ERROR: invalid input syntax for type uuid: "test-role-uuid"]
[31m2026-05-31 19:59:02.427[0;39m [33m[http-nio-9966-exec-8][0;39m [39mDEBUG[0;39m [32morg.springframework.web.servlet.DispatcherServlet[0;39m - Completed 200 OK
[31m2026-05-31 19:59:02.477[0;39m [33m[http-nio-9966-exec-9][0;39m [39mDEBUG[0;39m [32mcom.geo.dsp.filter.JwtAuthenticationFilter[0;39m - JWT Token ËÆ§ËØÅÊàêÂäüÔºåÁî®Êà∑: test001
[31m2026-05-31 19:59:02.478[0;39m [33m[http-nio-9966-exec-9][0;39m [39mDEBUG[0;39m [32morg.springframework.web.servlet.DispatcherServlet[0;39m - DELETE "/geo/api/user/test-uuid?updateBy=1", parameters={masked}
[31m2026-05-31 19:59:02.478[0;39m [33m[http-nio-9966-exec-9][0;39m [39mDEBUG[0;39m [32mo.s.w.s.m.m.a.RequestMappingHandlerMapping[0;39m - Mapped to com.geo.dsp.module.user.controller.UserController#deleteUser(String, Long)
Creating a new SqlSession
Registering transaction synchronization for SqlSession [org.apache.ibatis.session.defaults.DefaultSqlSession@1bce279b]
JDBC Connection [HikariProxyConnection@1036727753 wrapping org.postgresql.jdbc.PgConnection@77d0a23d] will be managed by Spring
==>  Preparing: UPDATE users SET is_del = true WHERE uuid = CAST(? AS uuid) AND is_del = false
==> Parameters: test-uuid(String)
Releasing transactional SqlSession [org.apache.ibatis.session.defaults.DefaultSqlSession@1bce279b]
Transaction synchronization deregistering SqlSession [org.apache.ibatis.session.defaults.DefaultSqlSession@1bce279b]
Transaction synchronization closing SqlSession [org.apache.ibatis.session.defaults.DefaultSqlSession@1bce279b]
[31m2026-05-31 19:59:02.491[0;39m [33m[http-nio-9966-exec-9][0;39m [39mDEBUG[0;39m [32mo.s.w.s.m.m.a.ExceptionHandlerExceptionResolver[0;39m - Using @ExceptionHandler com.geo.dsp.common.exception.GlobalExceptionHandler#handleRuntimeException(RuntimeException)
[31m2026-05-31 19:59:02.492[0;39m [33m[http-nio-9966-exec-9][0;39m [1;31mERROR[0;39m [32mc.geo.dsp.common.exception.GlobalExceptionHandler[0;39m - ‰∏öÂä°ÂºÇÂ∏∏: 
### Error updating database.  Cause: org.postgresql.util.PSQLException: ERROR: invalid input syntax for type uuid: "test-uuid"
### The error may exist in class path resource [mapper/UserMapper.xml]
### The error may involve defaultParameterMap
### The error occurred while setting parameters
### SQL: UPDATE users         SET is_del = true         WHERE uuid = CAST(? AS uuid)         AND is_del = false
### Cause: org.postgresql.util.PSQLException: ERROR: invalid input syntax for type uuid: "test-uuid"
; ERROR: invalid input syntax for type uuid: "test-uuid"
[31m2026-05-31 19:59:02.492[0;39m [33m[http-nio-9966-exec-9][0;39m [39mDEBUG[0;39m [32mo.s.w.s.m.m.a.RequestResponseBodyMethodProcessor[0;39m - Using 'application/json', given [*/*] and supported [application/json, application/*+json]
[31m2026-05-31 19:59:02.492[0;39m [33m[http-nio-9966-exec-9][0;39m [39mDEBUG[0;39m [32mo.s.w.s.m.m.a.RequestResponseBodyMethodProcessor[0;39m - Writing [com.geo.dsp.common.result.Result@57d32f14]
[31m2026-05-31 19:59:02.492[0;39m [33m[http-nio-9966-exec-9][0;39m [39mDEBUG[0;39m [32mo.s.w.s.m.m.a.ExceptionHandlerExceptionResolver[0;39m - Resolved [org.springframework.dao.DataIntegrityViolationException: <EOL><EOL>### Error updating database.  Cause: org.postgresql.util.PSQLException: ERROR: invalid input syntax for type uuid: "test-uuid"<EOL><EOL>### The error may exist in class path resource [mapper/UserMapper.xml]<EOL><EOL>### The error may involve defaultParameterMap<EOL><EOL>### The error occurred while setting parameters<EOL><EOL>### SQL: UPDATE users         SET is_del = true         WHERE uuid = CAST(? AS uuid)         AND is_del = false<EOL><EOL>### Cause: org.postgresql.util.PSQLException: ERROR: invalid input syntax for type uuid: "test-uuid"<EOL>; ERROR: invalid input syntax for type uuid: "test-uuid"]
[31m2026-05-31 19:59:02.492[0;39m [33m[http-nio-9966-exec-9][0;39m [39mDEBUG[0;39m [32morg.springframework.web.servlet.DispatcherServlet[0;39m - Completed 200 OK
[31m2026-05-31 19:59:09.956[0;39m [33m[http-nio-9966-exec-10][0;39m [39mDEBUG[0;39m [32morg.springframework.web.servlet.DispatcherServlet[0;39m - POST "/geo/api/user/login", parameters={}
[31m2026-05-31 19:59:09.956[0;39m [33m[http-nio-9966-exec-10][0;39m [39mDEBUG[0;39m [32mo.s.w.s.m.m.a.RequestMappingHandlerMapping[0;39m - Mapped to com.geo.dsp.module.login.controller.LoginController#login(LoginDTO)
[31m2026-05-31 19:59:09.957[0;39m [33m[http-nio-9966-exec-10][0;39m [39mDEBUG[0;39m [32mo.s.w.s.m.m.a.RequestResponseBodyMethodProcessor[0;39m - Read "application/json;charset=UTF-8" to [LoginDTO(account=test001, password=123456, smsCode=null, loginType=1)]
Creating a new SqlSession
SqlSession [org.apache.ibatis.session.defaults.DefaultSqlSession@3ccf0d18] was not registered for synchronization because synchronization is not active
JDBC Connection [HikariProxyConnection@2097210391 wrapping org.postgresql.jdbc.PgConnection@77d0a23d] will not be managed by Spring
==>  Preparing: SELECT id, uuid, user_name, account, password, email, phone_num, user_type, status, image_id, create_by, create_time, update_by, update_time, is_del, note, sex FROM users WHERE account = ? AND is_del = false
==> Parameters: test001(String)
<==    Columns: id, uuid, user_name, account, password, email, phone_num, user_type, status, image_id, create_by, create_time, update_by, update_time, is_del, note, sex
<==        Row: 16, f32dab2c-1da9-472e-944c-ff9fadf0b6b4, ≤‚ ‘”√ªß, test001, $2a$10$j3yM2CwdNz3u7K5f/pXyGe3KIyECGMXJw9rcDue2Pwcs8JG85AY1q, test@qq.com, 13800138000, 3, 1, null, 64, 2026-05-12 12:34:15.617474+08, 1, 2026-05-31 19:34:24.661532+08, f, null, null
<==      Total: 1
Closing non transactional SqlSession [org.apache.ibatis.session.defaults.DefaultSqlSession@3ccf0d18]
Creating a new SqlSession
SqlSession [org.apache.ibatis.session.defaults.DefaultSqlSession@113f26e5] was not registered for synchronization because synchronization is not active
JDBC Connection [HikariProxyConnection@1423358242 wrapping org.postgresql.jdbc.PgConnection@77d0a23d] will not be managed by Spring
==>  Preparing: SELECT role_code FROM user_roles WHERE user_uuid = CAST(? AS uuid) LIMIT 1
==> Parameters: f32dab2c-1da9-472e-944c-ff9fadf0b6b4(String)
<==    Columns: role_code
<==        Row: admin
<==      Total: 1
Closing non transactional SqlSession [org.apache.ibatis.session.defaults.DefaultSqlSession@113f26e5]
Creating a new SqlSession
SqlSession [org.apache.ibatis.session.defaults.DefaultSqlSession@10b5c96d] was not registered for synchronization because synchronization is not active
JDBC Connection [HikariProxyConnection@1785706288 wrapping org.postgresql.jdbc.PgConnection@77d0a23d] will not be managed by Spring
==>  Preparing: SELECT id FROM roles WHERE role_code = ? AND is_del = false
==> Parameters: admin(String)
<==    Columns: id
<==        Row: 21
<==      Total: 1
Closing non transactional SqlSession [org.apache.ibatis.session.defaults.DefaultSqlSession@10b5c96d]
Creating a new SqlSession
SqlSession [org.apache.ibatis.session.defaults.DefaultSqlSession@28fac96] was not registered for synchronization because synchronization is not active
JDBC Connection [HikariProxyConnection@1676745292 wrapping org.postgresql.jdbc.PgConnection@77d0a23d] will not be managed by Spring
==>  Preparing: SELECT p.permission_code FROM permissions p INNER JOIN role_permis rp ON rp.permission_id = p.id WHERE rp.role_id = ? AND p.is_del = false
==> Parameters: 21(Long)
<==    Columns: permission_code
<==        Row: System
<==        Row: Device
<==        Row: Project
<==        Row: Data
<==        Row: Statistics
<==        Row: DataAnalysis
<==        Row: GisMap
<==        Row: Profile
<==        Row: SystemOverview
<==        Row: SystemUsers
<==        Row: SystemRoles
<==        Row: SystemPermission
<==        Row: admin:all
<==        Row: Dictionary
<==        Row: DictionaryData
<==        Row: SystemOperator
<==        Row: SystemLogs
<==        Row: SystemSettings
<==        Row: EnterpriseManagement
<==        Row: DeviceOverview
<==        Row: DeviceRegister
<==        Row: DeviceMonitor
<==        Row: DeviceMaintenance
<==        Row: DeviceAnalysis
<==        Row: DeviceAntenna
<==        Row: ProjectOverview
<==        Row: ProjectInfo
<==        Row: ProjectTasks
<==        Row: ProjectMethods
<==        Row: ProjectProgress
<==        Row: ProjectLogs
<==        Row: ProjectReports
<==        Row: DataOverview
<==        Row: DataQuality
<==        Row: DataTasks
<==        Row: DataPreview
<==        Row: StatisticsOverview
<==        Row: StatisticsClassification
<==        Row: StatisticsDisplay
<==        Row: device:register:add
<==        Row: device:register:edit
<==        Row: device:register:delete
<==      Total: 42
Closing non transactional SqlSession [org.apache.ibatis.session.defaults.DefaultSqlSession@28fac96]
Creating a new SqlSession
SqlSession [org.apache.ibatis.session.defaults.DefaultSqlSession@5db149fe] was not registered for synchronization because synchronization is not active
JDBC Connection [HikariProxyConnection@1257288527 wrapping org.postgresql.jdbc.PgConnection@77d0a23d] will not be managed by Spring
==>  Preparing: SELECT p.uuid, p.permission_code AS permissionCode, p.permission_name AS permissionName, p.permission_type AS permissionType, p.component_path AS componentPath, p.parent_uuid AS parentPermission FROM permissions p INNER JOIN role_permis rp ON rp.permission_id = p.id INNER JOIN user_roles ur ON ur.role_code = (SELECT role_code FROM roles WHERE id = rp.role_id) WHERE ur.user_uuid = CAST(? AS uuid) AND p.is_del = false ORDER BY p.create_time ASC
==> Parameters: f32dab2c-1da9-472e-944c-ff9fadf0b6b4(String)
<==    Columns: uuid, permissioncode, permissionname, permissiontype, componentpath, parentpermission
<==        Row: 8bfa14fe-7acb-43e0-9fdb-aa17f96f8302, admin:all, »´≤øπ‹¿Ì»®œﬁ, menu, null, null
<==        Row: a0000000-0000-0000-0000-000000000003, Project, œÓƒøπ‹¿Ì, menu, views/projects/index.vue, null
<==        Row: a0000000-0000-0000-0000-000000000004, Data,  ˝æ›π‹¿Ì, menu, views/data/index.vue, null
<==        Row: a0000000-0000-0000-0000-000000000001, System, œµÕ≥π‹¿Ì, menu, views/system/index.vue, null
<==        Row: a0000000-0000-0000-0000-000000000005, Statistics, Õ≥º∆∑÷Œˆ, menu, views/statistics/index.vue, null
<==        Row: a0000000-0000-0000-0000-000000000006, DataAnalysis,  ˝æ›∑÷Œˆ, menu, views/data-analysis/index.vue, null
<==        Row: a0000000-0000-0000-0000-000000000007, GisMap, GISµÿÕº, menu, views/gis-map/index.vue, null
<==        Row: a0000000-0000-0000-0000-000000000008, Profile, ∏ˆ»À÷––ƒ, menu, views/profile/index.vue, null
<==        Row: a0000000-0000-0000-0000-000000000002, Device, …Ë±∏π‹¿Ì, menu, views/devices/index.vue, null
<==        Row: 1b6276e8-9cfb-4560-8e1f-0d684e9d9d29, SystemLogs, »’÷æπ‹¿Ì, menu, views/system/logs/index.vue, a0000000-0000-0000-0000-000000000001
<==        Row: 7fa2a341-221c-41e5-ac55-5e0dd55603ed, SystemOverview, œµÕ≥∏≈¿¿, menu, views/system/overview.vue, a0000000-0000-0000-0000-000000000001
<==        Row: 3863c388-7a30-41aa-8e49-a4aaf7654a25, SystemUsers, ”√ªßπ‹¿Ì, menu, views/system/users/index.vue, a0000000-0000-0000-0000-000000000001
<==        Row: 95b44be6-527b-426b-a74a-59247155cd0d, SystemRoles, Ω«…´π‹¿Ì, menu, views/system/roles/index.vue, a0000000-0000-0000-0000-000000000001
<==        Row: e9f65f25-70bc-487b-babe-7589fc471ec9, SystemPermission, »®œﬁπ‹¿Ì, menu, views/system/permission/index.vue, a0000000-0000-0000-0000-000000000001
<==        Row: a8ccfa8a-e1fe-4e34-9deb-f4f7caebaf72, EnterpriseManagement, ∆Û“µπ‹¿Ì, menu, views/system/enterprise/index.vue, a0000000-0000-0000-0000-000000000001
<==        Row: 5ff2c4c9-de8f-4710-97d8-35c3add1e47b, SystemSettings, ≈‰÷√π‹¿Ì, menu, views/system/settings/index.vue, a0000000-0000-0000-0000-000000000001
<==        Row: 4e7fda28-6dc1-45a8-9163-5b292dd50cd5, Dictionary, ◊÷µ‰π‹¿Ì, menu, views/system/dictionary/index.vue, a0000000-0000-0000-0000-000000000001
<==        Row: 1d0c83fc-40ab-4712-b186-dba5b9d567b4, DictionaryData, ◊÷µ‰ ˝æ›π‹¿Ì, menu, views/system/dictionary/data.vue, a0000000-0000-0000-0000-000000000001
<==        Row: 2ba4c4b9-a7f2-4306-82ba-703d0d8405de, SystemOperator, ≤Ÿ◊˜‘±π‹¿Ì, menu, views/system/operator/index.vue, a0000000-0000-0000-0000-000000000001
<==        Row: 1126d3e3-dd49-4422-b0e0-94a5762a2a25, DeviceRegister, …Ë±∏µ«º«, menu, views/devices/register/index.vue, a0000000-0000-0000-0000-000000000002
<==        Row: 29ccc09d-ee12-452e-a61e-b3145125dd94, DeviceAntenna, ÃÏœﬂ…Ë±∏Œ¨ª§, menu, views/devices/antenna/index.vue, a0000000-0000-0000-0000-000000000002
<==        Row: 28fa7dcd-86b8-47a2-9285-1d34b7bf046f, DeviceAnalysis, …Ë±∏∑÷Œˆ, menu, views/devices/analysis/index.vue, a0000000-0000-0000-0000-000000000002
<==        Row: e581b25f-2ece-4e03-a699-fdcda56032fc, DeviceMaintenance, …Ë±∏Œ¨ª§, menu, views/devices/maintenance/index.vue, a0000000-0000-0000-0000-000000000002
<==        Row: 1f4005b9-f074-43c6-a057-6538d3b12387, DeviceMonitor, …Ë±∏º‡øÿ, menu, views/devices/monitor/index.vue, a0000000-0000-0000-0000-000000000002
<==        Row: 9530a5b3-2d46-4d23-a7a1-87514bd48bf4, DeviceOverview, …Ë±∏∏≈¿¿, menu, views/devices/overview.vue, a0000000-0000-0000-0000-000000000002
<==        Row: 2e3a0e1f-11f7-421a-a5f4-a44bcada8b1f, ProjectReports, œÓƒø±®∏Ê, menu, views/projects/reports/index.vue, a0000000-0000-0000-0000-000000000003
<==        Row: 3fd7d924-e847-48f8-baa7-afb7490a8f9a, ProjectOverview, œÓƒø∏≈¿¿, menu, views/projects/overview.vue, a0000000-0000-0000-0000-000000000003
<==        Row: 8991596b-0b28-4a46-9cbb-066c9e0d3771, ProjectInfo, œÓƒø–≈œ¢, menu, views/projects/info/index.vue, a0000000-0000-0000-0000-000000000003
<==        Row: 1923ac78-584b-4ad5-b1b4-6df7051562e6, ProjectTasks, œÓƒø»ŒŒÒ, menu, views/projects/tasks/index.vue, a0000000-0000-0000-0000-000000000003
<==        Row: b9c89db0-7802-4241-9c9b-10940d0fb037, ProjectMethods, ◊˜“µ∑Ω∑®, menu, views/projects/methods/index.vue, a0000000-0000-0000-0000-000000000003
<==        Row: 2c9139a4-0a5e-4fff-ab73-f06d54155426, ProjectProgress, œÓƒøΩ¯∂», menu, views/projects/progress/index.vue, a0000000-0000-0000-0000-000000000003
<==        Row: c320c6b0-eea1-4d35-80a2-57d8ed750d98, ProjectLogs, œÓƒø»’÷æ, menu, views/projects/logs/index.vue, a0000000-0000-0000-0000-000000000003
<==        Row: 803dd4f5-af9a-45df-a503-e43a3e8cd720, DataTasks,  ˝æ›»ŒŒÒ, menu, views/data/tasks/index.vue, a0000000-0000-0000-0000-000000000004
<==        Row: 60e16502-1f57-496a-aa93-8c2df7adc4d0, DataOverview,  ˝æ›∏≈¿¿, menu, views/data/overview.vue, a0000000-0000-0000-0000-000000000004
<==        Row: 4036a134-c1ca-4322-b327-1491903e973e, DataQuality,  ˝æ›÷ ¡ø, menu, views/data/quality/index.vue, a0000000-0000-0000-0000-000000000004
<==        Row: da58c221-edbd-4e97-aab4-69393829ca3a, DataPreview,  ˝æ›‘§¿¿, menu, views/data/preview.vue, a0000000-0000-0000-0000-000000000004
<==        Row: 7f1b9477-78c4-44ba-b804-c4cf5b179e6d, StatisticsClassification, Õ≥º∆∑÷¿‡, menu, views/statistics/classification/index.vue, a0000000-0000-0000-0000-000000000005
<==        Row: 6166f363-019f-4b7a-888a-0276423b5770, StatisticsOverview, Õ≥º∆∏≈¿¿, menu, views/statistics/overview.vue, a0000000-0000-0000-0000-000000000005
<==        Row: cc895f41-89d5-491a-a6e9-86eabac32c60, StatisticsDisplay, Õ≥º∆’π æ, menu, views/statistics/display/index.vue, a0000000-0000-0000-0000-000000000005
<==        Row: f282d39c-4905-4eaa-b5df-d6deb01a949f, device:register:edit, edit_device, button, null, 1126d3e3-dd49-4422-b0e0-94a5762a2a25
<==        Row: ee6c10ee-1d50-4810-841a-64f79fef27e9, device:register:add, add_device, button, null, 1126d3e3-dd49-4422-b0e0-94a5762a2a25
<==        Row: fe6267c0-aedb-4262-94e3-cc9efc6cab6e, device:register:delete, delete_device, button, null, 1126d3e3-dd49-4422-b0e0-94a5762a2a25
<==      Total: 42
Closing non transactional SqlSession [org.apache.ibatis.session.defaults.DefaultSqlSession@5db149fe]
Creating a new SqlSession
SqlSession [org.apache.ibatis.session.defaults.DefaultSqlSession@35644d9b] was not registered for synchronization because synchronization is not active
JDBC Connection [HikariProxyConnection@1588335105 wrapping org.postgresql.jdbc.PgConnection@77d0a23d] will not be managed by Spring
==>  Preparing: SELECT role_code FROM user_roles WHERE user_uuid = CAST(? AS uuid) LIMIT 1
==> Parameters: f32dab2c-1da9-472e-944c-ff9fadf0b6b4(String)
<==    Columns: role_code
<==        Row: admin
<==      Total: 1
Closing non transactional SqlSession [org.apache.ibatis.session.defaults.DefaultSqlSession@35644d9b]
[31m2026-05-31 19:59:10.013[0;39m [33m[http-nio-9966-exec-10][0;39m [34mINFO [0;39m [32mc.g.dsp.module.login.service.impl.LoginServiceImpl[0;39m - Áî®Êà∑ test001 ÁôªÂΩïÊàêÂäü
[31m2026-05-31 19:59:10.014[0;39m [33m[http-nio-9966-exec-10][0;39m [39mDEBUG[0;39m [32mo.s.w.s.m.m.a.RequestResponseBodyMethodProcessor[0;39m - Using 'application/json', given [*/*] and supported [application/json, application/*+json]
[31m2026-05-31 19:59:10.014[0;39m [33m[http-nio-9966-exec-10][0;39m [39mDEBUG[0;39m [32mo.s.w.s.m.m.a.RequestResponseBodyMethodProcessor[0;39m - Writing [com.geo.dsp.common.result.Result@9054e93]
[31m2026-05-31 19:59:10.014[0;39m [33m[http-nio-9966-exec-10][0;39m [39mDEBUG[0;39m [32morg.springframework.web.servlet.DispatcherServlet[0;39m - Completed 200 OK
[31m2026-05-31 19:59:10.054[0;39m [33m[http-nio-9966-exec-1][0;39m [39mDEBUG[0;39m [32morg.springframework.web.servlet.DispatcherServlet[0;39m - POST "/geo/api/user/login", parameters={}
[31m2026-05-31 19:59:10.054[0;39m [33m[http-nio-9966-exec-1][0;39m [39mDEBUG[0;39m [32mo.s.w.s.m.m.a.RequestMappingHandlerMapping[0;39m - Mapped to com.geo.dsp.module.login.controller.LoginController#login(LoginDTO)
[31m2026-05-31 19:59:10.054[0;39m [33m[http-nio-9966-exec-1][0;39m [39mDEBUG[0;39m [32mo.s.w.s.m.m.a.RequestResponseBodyMethodProcessor[0;39m - Read "application/json;charset=UTF-8" to [LoginDTO(account=test001, password=123456, smsCode=null, loginType=1)]
Creating a new SqlSession
SqlSession [org.apache.ibatis.session.defaults.DefaultSqlSession@3a624f27] was not registered for synchronization because synchronization is not active
JDBC Connection [HikariProxyConnection@363845054 wrapping org.postgresql.jdbc.PgConnection@77d0a23d] will not be managed by Spring
==>  Preparing: SELECT id, uuid, user_name, account, password, email, phone_num, user_type, status, image_id, create_by, create_time, update_by, update_time, is_del, note, sex FROM users WHERE account = ? AND is_del = false
==> Parameters: test001(String)
<==    Columns: id, uuid, user_name, account, password, email, phone_num, user_type, status, image_id, create_by, create_time, update_by, update_time, is_del, note, sex
<==        Row: 16, f32dab2c-1da9-472e-944c-ff9fadf0b6b4, ≤‚ ‘”√ªß, test001, $2a$10$j3yM2CwdNz3u7K5f/pXyGe3KIyECGMXJw9rcDue2Pwcs8JG85AY1q, test@qq.com, 13800138000, 3, 1, null, 64, 2026-05-12 12:34:15.617474+08, 1, 2026-05-31 19:34:24.661532+08, f, null, null
<==      Total: 1
Closing non transactional SqlSession [org.apache.ibatis.session.defaults.DefaultSqlSession@3a624f27]
Creating a new SqlSession
SqlSession [org.apache.ibatis.session.defaults.DefaultSqlSession@37cf8bd8] was not registered for synchronization because synchronization is not active
JDBC Connection [HikariProxyConnection@1920894318 wrapping org.postgresql.jdbc.PgConnection@77d0a23d] will not be managed by Spring
==>  Preparing: SELECT role_code FROM user_roles WHERE user_uuid = CAST(? AS uuid) LIMIT 1
==> Parameters: f32dab2c-1da9-472e-944c-ff9fadf0b6b4(String)
<==    Columns: role_code
<==        Row: admin
<==      Total: 1
Closing non transactional SqlSession [org.apache.ibatis.session.defaults.DefaultSqlSession@37cf8bd8]
Creating a new SqlSession
SqlSession [org.apache.ibatis.session.defaults.DefaultSqlSession@5acdf771] was not registered for synchronization because synchronization is not active
JDBC Connection [HikariProxyConnection@832887731 wrapping org.postgresql.jdbc.PgConnection@77d0a23d] will not be managed by Spring
==>  Preparing: SELECT id FROM roles WHERE role_code = ? AND is_del = false
==> Parameters: admin(String)
<==    Columns: id
<==        Row: 21
<==      Total: 1
Closing non transactional SqlSession [org.apache.ibatis.session.defaults.DefaultSqlSession@5acdf771]
Creating a new SqlSession
SqlSession [org.apache.ibatis.session.defaults.DefaultSqlSession@7afe0714] was not registered for synchronization because synchronization is not active
JDBC Connection [HikariProxyConnection@2091759824 wrapping org.postgresql.jdbc.PgConnection@77d0a23d] will not be managed by Spring
==>  Preparing: SELECT p.permission_code FROM permissions p INNER JOIN role_permis rp ON rp.permission_id = p.id WHERE rp.role_id = ? AND p.is_del = false
==> Parameters: 21(Long)
<==    Columns: permission_code
<==        Row: System
<==        Row: Device
<==        Row: Project
<==        Row: Data
<==        Row: Statistics
<==        Row: DataAnalysis
<==        Row: GisMap
<==        Row: Profile
<==        Row: SystemOverview
<==        Row: SystemUsers
<==        Row: SystemRoles
<==        Row: SystemPermission
<==        Row: admin:all
<==        Row: Dictionary
<==        Row: DictionaryData
<==        Row: SystemOperator
<==        Row: SystemLogs
<==        Row: SystemSettings
<==        Row: EnterpriseManagement
<==        Row: DeviceOverview
<==        Row: DeviceRegister
<==        Row: DeviceMonitor
<==        Row: DeviceMaintenance
<==        Row: DeviceAnalysis
<==        Row: DeviceAntenna
<==        Row: ProjectOverview
<==        Row: ProjectInfo
<==        Row: ProjectTasks
<==        Row: ProjectMethods
<==        Row: ProjectProgress
<==        Row: ProjectLogs
<==        Row: ProjectReports
<==        Row: DataOverview
<==        Row: DataQuality
<==        Row: DataTasks
<==        Row: DataPreview
<==        Row: StatisticsOverview
<==        Row: StatisticsClassification
<==        Row: StatisticsDisplay
<==        Row: device:register:add
<==        Row: device:register:edit
<==        Row: device:register:delete
<==      Total: 42
Closing non transactional SqlSession [org.apache.ibatis.session.defaults.DefaultSqlSession@7afe0714]
Creating a new SqlSession
SqlSession [org.apache.ibatis.session.defaults.DefaultSqlSession@49eeae4b] was not registered for synchronization because synchronization is not active
JDBC Connection [HikariProxyConnection@1585483142 wrapping org.postgresql.jdbc.PgConnection@77d0a23d] will not be managed by Spring
==>  Preparing: SELECT p.uuid, p.permission_code AS permissionCode, p.permission_name AS permissionName, p.permission_type AS permissionType, p.component_path AS componentPath, p.parent_uuid AS parentPermission FROM permissions p INNER JOIN role_permis rp ON rp.permission_id = p.id INNER JOIN user_roles ur ON ur.role_code = (SELECT role_code FROM roles WHERE id = rp.role_id) WHERE ur.user_uuid = CAST(? AS uuid) AND p.is_del = false ORDER BY p.create_time ASC
==> Parameters: f32dab2c-1da9-472e-944c-ff9fadf0b6b4(String)
<==    Columns: uuid, permissioncode, permissionname, permissiontype, componentpath, parentpermission
<==        Row: 8bfa14fe-7acb-43e0-9fdb-aa17f96f8302, admin:all, »´≤øπ‹¿Ì»®œﬁ, menu, null, null
<==        Row: a0000000-0000-0000-0000-000000000003, Project, œÓƒøπ‹¿Ì, menu, views/projects/index.vue, null
<==        Row: a0000000-0000-0000-0000-000000000004, Data,  ˝æ›π‹¿Ì, menu, views/data/index.vue, null
<==        Row: a0000000-0000-0000-0000-000000000001, System, œµÕ≥π‹¿Ì, menu, views/system/index.vue, null
<==        Row: a0000000-0000-0000-0000-000000000005, Statistics, Õ≥º∆∑÷Œˆ, menu, views/statistics/index.vue, null
<==        Row: a0000000-0000-0000-0000-000000000006, DataAnalysis,  ˝æ›∑÷Œˆ, menu, views/data-analysis/index.vue, null
<==        Row: a0000000-0000-0000-0000-000000000007, GisMap, GISµÿÕº, menu, views/gis-map/index.vue, null
<==        Row: a0000000-0000-0000-0000-000000000008, Profile, ∏ˆ»À÷––ƒ, menu, views/profile/index.vue, null
<==        Row: a0000000-0000-0000-0000-000000000002, Device, …Ë±∏π‹¿Ì, menu, views/devices/index.vue, null
<==        Row: 1b6276e8-9cfb-4560-8e1f-0d684e9d9d29, SystemLogs, »’÷æπ‹¿Ì, menu, views/system/logs/index.vue, a0000000-0000-0000-0000-000000000001
<==        Row: 7fa2a341-221c-41e5-ac55-5e0dd55603ed, SystemOverview, œµÕ≥∏≈¿¿, menu, views/system/overview.vue, a0000000-0000-0000-0000-000000000001
<==        Row: 3863c388-7a30-41aa-8e49-a4aaf7654a25, SystemUsers, ”√ªßπ‹¿Ì, menu, views/system/users/index.vue, a0000000-0000-0000-0000-000000000001
<==        Row: 95b44be6-527b-426b-a74a-59247155cd0d, SystemRoles, Ω«…´π‹¿Ì, menu, views/system/roles/index.vue, a0000000-0000-0000-0000-000000000001
<==        Row: e9f65f25-70bc-487b-babe-7589fc471ec9, SystemPermission, »®œﬁπ‹¿Ì, menu, views/system/permission/index.vue, a0000000-0000-0000-0000-000000000001
<==        Row: a8ccfa8a-e1fe-4e34-9deb-f4f7caebaf72, EnterpriseManagement, ∆Û“µπ‹¿Ì, menu, views/system/enterprise/index.vue, a0000000-0000-0000-0000-000000000001
<==        Row: 5ff2c4c9-de8f-4710-97d8-35c3add1e47b, SystemSettings, ≈‰÷√π‹¿Ì, menu, views/system/settings/index.vue, a0000000-0000-0000-0000-000000000001
<==        Row: 4e7fda28-6dc1-45a8-9163-5b292dd50cd5, Dictionary, ◊÷µ‰π‹¿Ì, menu, views/system/dictionary/index.vue, a0000000-0000-0000-0000-000000000001
<==        Row: 1d0c83fc-40ab-4712-b186-dba5b9d567b4, DictionaryData, ◊÷µ‰ ˝æ›π‹¿Ì, menu, views/system/dictionary/data.vue, a0000000-0000-0000-0000-000000000001
<==        Row: 2ba4c4b9-a7f2-4306-82ba-703d0d8405de, SystemOperator, ≤Ÿ◊˜‘±π‹¿Ì, menu, views/system/operator/index.vue, a0000000-0000-0000-0000-000000000001
<==        Row: 1126d3e3-dd49-4422-b0e0-94a5762a2a25, DeviceRegister, …Ë±∏µ«º«, menu, views/devices/register/index.vue, a0000000-0000-0000-0000-000000000002
<==        Row: 29ccc09d-ee12-452e-a61e-b3145125dd94, DeviceAntenna, ÃÏœﬂ…Ë±∏Œ¨ª§, menu, views/devices/antenna/index.vue, a0000000-0000-0000-0000-000000000002
<==        Row: 28fa7dcd-86b8-47a2-9285-1d34b7bf046f, DeviceAnalysis, …Ë±∏∑÷Œˆ, menu, views/devices/analysis/index.vue, a0000000-0000-0000-0000-000000000002
<==        Row: e581b25f-2ece-4e03-a699-fdcda56032fc, DeviceMaintenance, …Ë±∏Œ¨ª§, menu, views/devices/maintenance/index.vue, a0000000-0000-0000-0000-000000000002
<==        Row: 1f4005b9-f074-43c6-a057-6538d3b12387, DeviceMonitor, …Ë±∏º‡øÿ, menu, views/devices/monitor/index.vue, a0000000-0000-0000-0000-000000000002
<==        Row: 9530a5b3-2d46-4d23-a7a1-87514bd48bf4, DeviceOverview, …Ë±∏∏≈¿¿, menu, views/devices/overview.vue, a0000000-0000-0000-0000-000000000002
<==        Row: 2e3a0e1f-11f7-421a-a5f4-a44bcada8b1f, ProjectReports, œÓƒø±®∏Ê, menu, views/projects/reports/index.vue, a0000000-0000-0000-0000-000000000003
<==        Row: 3fd7d924-e847-48f8-baa7-afb7490a8f9a, ProjectOverview, œÓƒø∏≈¿¿, menu, views/projects/overview.vue, a0000000-0000-0000-0000-000000000003
<==        Row: 8991596b-0b28-4a46-9cbb-066c9e0d3771, ProjectInfo, œÓƒø–≈œ¢, menu, views/projects/info/index.vue, a0000000-0000-0000-0000-000000000003
<==        Row: 1923ac78-584b-4ad5-b1b4-6df7051562e6, ProjectTasks, œÓƒø»ŒŒÒ, menu, views/projects/tasks/index.vue, a0000000-0000-0000-0000-000000000003
<==        Row: b9c89db0-7802-4241-9c9b-10940d0fb037, ProjectMethods, ◊˜“µ∑Ω∑®, menu, views/projects/methods/index.vue, a0000000-0000-0000-0000-000000000003
<==        Row: 2c9139a4-0a5e-4fff-ab73-f06d54155426, ProjectProgress, œÓƒøΩ¯∂», menu, views/projects/progress/index.vue, a0000000-0000-0000-0000-000000000003
<==        Row: c320c6b0-eea1-4d35-80a2-57d8ed750d98, ProjectLogs, œÓƒø»’÷æ, menu, views/projects/logs/index.vue, a0000000-0000-0000-0000-000000000003
<==        Row: 803dd4f5-af9a-45df-a503-e43a3e8cd720, DataTasks,  ˝æ›»ŒŒÒ, menu, views/data/tasks/index.vue, a0000000-0000-0000-0000-000000000004
<==        Row: 60e16502-1f57-496a-aa93-8c2df7adc4d0, DataOverview,  ˝æ›∏≈¿¿, menu, views/data/overview.vue, a0000000-0000-0000-0000-000000000004
<==        Row: 4036a134-c1ca-4322-b327-1491903e973e, DataQuality,  ˝æ›÷ ¡ø, menu, views/data/quality/index.vue, a0000000-0000-0000-0000-000000000004
<==        Row: da58c221-edbd-4e97-aab4-69393829ca3a, DataPreview,  ˝æ›‘§¿¿, menu, views/data/preview.vue, a0000000-0000-0000-0000-000000000004
<==        Row: 7f1b9477-78c4-44ba-b804-c4cf5b179e6d, StatisticsClassification, Õ≥º∆∑÷¿‡, menu, views/statistics/classification/index.vue, a0000000-0000-0000-0000-000000000005
<==        Row: 6166f363-019f-4b7a-888a-0276423b5770, StatisticsOverview, Õ≥º∆∏≈¿¿, menu, views/statistics/overview.vue, a0000000-0000-0000-0000-000000000005
<==        Row: cc895f41-89d5-491a-a6e9-86eabac32c60, StatisticsDisplay, Õ≥º∆’π æ, menu, views/statistics/display/index.vue, a0000000-0000-0000-0000-000000000005
<==        Row: f282d39c-4905-4eaa-b5df-d6deb01a949f, device:register:edit, edit_device, button, null, 1126d3e3-dd49-4422-b0e0-94a5762a2a25
<==        Row: ee6c10ee-1d50-4810-841a-64f79fef27e9, device:register:add, add_device, button, null, 1126d3e3-dd49-4422-b0e0-94a5762a2a25
<==        Row: fe6267c0-aedb-4262-94e3-cc9efc6cab6e, device:register:delete, delete_device, button, null, 1126d3e3-dd49-4422-b0e0-94a5762a2a25
<==      Total: 42
Closing non transactional SqlSession [org.apache.ibatis.session.defaults.DefaultSqlSession@49eeae4b]
Creating a new SqlSession
SqlSession [org.apache.ibatis.session.defaults.DefaultSqlSession@544cf7e5] was not registered for synchronization because synchronization is not active
JDBC Connection [HikariProxyConnection@1169604228 wrapping org.postgresql.jdbc.PgConnection@77d0a23d] will not be managed by Spring
==>  Preparing: SELECT role_code FROM user_roles WHERE user_uuid = CAST(? AS uuid) LIMIT 1
==> Parameters: f32dab2c-1da9-472e-944c-ff9fadf0b6b4(String)
<==    Columns: role_code
<==        Row: admin
<==      Total: 1
Closing non transactional SqlSession [org.apache.ibatis.session.defaults.DefaultSqlSession@544cf7e5]
[31m2026-05-31 19:59:10.111[0;39m [33m[http-nio-9966-exec-1][0;39m [34mINFO [0;39m [32mc.g.dsp.module.login.service.impl.LoginServiceImpl[0;39m - Áî®Êà∑ test001 ÁôªÂΩïÊàêÂäü
[31m2026-05-31 19:59:10.111[0;39m [33m[http-nio-9966-exec-1][0;39m [39mDEBUG[0;39m [32mo.s.w.s.m.m.a.RequestResponseBodyMethodProcessor[0;39m - Using 'application/json', given [*/*] and supported [application/json, application/*+json]
[31m2026-05-31 19:59:10.111[0;39m [33m[http-nio-9966-exec-1][0;39m [39mDEBUG[0;39m [32mo.s.w.s.m.m.a.RequestResponseBodyMethodProcessor[0;39m - Writing [com.geo.dsp.common.result.Result@7996dc8f]
[31m2026-05-31 19:59:10.112[0;39m [33m[http-nio-9966-exec-1][0;39m [39mDEBUG[0;39m [32morg.springframework.web.servlet.DispatcherServlet[0;39m - Completed 200 OK
[31m2026-05-31 19:59:10.161[0;39m [33m[http-nio-9966-exec-2][0;39m [39mDEBUG[0;39m [32mcom.geo.dsp.filter.JwtAuthenticationFilter[0;39m - JWT Token ËÆ§ËØÅÊàêÂäüÔºåÁî®Êà∑: test001
[31m2026-05-31 19:59:10.161[0;39m [33m[http-nio-9966-exec-2][0;39m [39mDEBUG[0;39m [32morg.springframework.web.servlet.DispatcherServlet[0;39m - GET "/geo/api/user/info", parameters={}
[31m2026-05-31 19:59:10.161[0;39m [33m[http-nio-9966-exec-2][0;39m [39mDEBUG[0;39m [32mo.s.w.s.m.m.a.RequestMappingHandlerMapping[0;39m - Mapped to com.geo.dsp.module.login.controller.LoginController#info(String)
Creating a new SqlSession
SqlSession [org.apache.ibatis.session.defaults.DefaultSqlSession@45a4fbe4] was not registered for synchronization because synchronization is not active
JDBC Connection [HikariProxyConnection@1951375731 wrapping org.postgresql.jdbc.PgConnection@77d0a23d] will not be managed by Spring
==>  Preparing: SELECT id, uuid, user_name, account, password, email, phone_num, user_type, status, image_id, create_by, create_time, update_by, update_time, is_del, note, sex FROM users WHERE account = ? AND is_del = false
==> Parameters: test001(String)
<==    Columns: id, uuid, user_name, account, password, email, phone_num, user_type, status, image_id, create_by, create_time, update_by, update_time, is_del, note, sex
<==        Row: 16, f32dab2c-1da9-472e-944c-ff9fadf0b6b4, ≤‚ ‘”√ªß, test001, $2a$10$j3yM2CwdNz3u7K5f/pXyGe3KIyECGMXJw9rcDue2Pwcs8JG85AY1q, test@qq.com, 13800138000, 3, 1, null, 64, 2026-05-12 12:34:15.617474+08, 1, 2026-05-31 19:34:24.661532+08, f, null, null
<==      Total: 1
Closing non transactional SqlSession [org.apache.ibatis.session.defaults.DefaultSqlSession@45a4fbe4]
Creating a new SqlSession
SqlSession [org.apache.ibatis.session.defaults.DefaultSqlSession@67b9fd8a] was not registered for synchronization because synchronization is not active
JDBC Connection [HikariProxyConnection@2069002749 wrapping org.postgresql.jdbc.PgConnection@77d0a23d] will not be managed by Spring
==>  Preparing: SELECT p.uuid, p.permission_code AS permissionCode, p.permission_name AS permissionName, p.permission_type AS permissionType, p.component_path AS componentPath, p.parent_uuid AS parentPermission FROM permissions p INNER JOIN role_permis rp ON rp.permission_id = p.id INNER JOIN user_roles ur ON ur.role_code = (SELECT role_code FROM roles WHERE id = rp.role_id) WHERE ur.user_uuid = CAST(? AS uuid) AND p.is_del = false ORDER BY p.create_time ASC
==> Parameters: f32dab2c-1da9-472e-944c-ff9fadf0b6b4(String)
<==    Columns: uuid, permissioncode, permissionname, permissiontype, componentpath, parentpermission
<==        Row: 8bfa14fe-7acb-43e0-9fdb-aa17f96f8302, admin:all, »´≤øπ‹¿Ì»®œﬁ, menu, null, null
<==        Row: a0000000-0000-0000-0000-000000000003, Project, œÓƒøπ‹¿Ì, menu, views/projects/index.vue, null
<==        Row: a0000000-0000-0000-0000-000000000004, Data,  ˝æ›π‹¿Ì, menu, views/data/index.vue, null
<==        Row: a0000000-0000-0000-0000-000000000001, System, œµÕ≥π‹¿Ì, menu, views/system/index.vue, null
<==        Row: a0000000-0000-0000-0000-000000000005, Statistics, Õ≥º∆∑÷Œˆ, menu, views/statistics/index.vue, null
<==        Row: a0000000-0000-0000-0000-000000000006, DataAnalysis,  ˝æ›∑÷Œˆ, menu, views/data-analysis/index.vue, null
<==        Row: a0000000-0000-0000-0000-000000000007, GisMap, GISµÿÕº, menu, views/gis-map/index.vue, null
<==        Row: a0000000-0000-0000-0000-000000000008, Profile, ∏ˆ»À÷––ƒ, menu, views/profile/index.vue, null
<==        Row: a0000000-0000-0000-0000-000000000002, Device, …Ë±∏π‹¿Ì, menu, views/devices/index.vue, null
<==        Row: 1b6276e8-9cfb-4560-8e1f-0d684e9d9d29, SystemLogs, »’÷æπ‹¿Ì, menu, views/system/logs/index.vue, a0000000-0000-0000-0000-000000000001
<==        Row: 7fa2a341-221c-41e5-ac55-5e0dd55603ed, SystemOverview, œµÕ≥∏≈¿¿, menu, views/system/overview.vue, a0000000-0000-0000-0000-000000000001
<==        Row: 3863c388-7a30-41aa-8e49-a4aaf7654a25, SystemUsers, ”√ªßπ‹¿Ì, menu, views/system/users/index.vue, a0000000-0000-0000-0000-000000000001
<==        Row: 95b44be6-527b-426b-a74a-59247155cd0d, SystemRoles, Ω«…´π‹¿Ì, menu, views/system/roles/index.vue, a0000000-0000-0000-0000-000000000001
<==        Row: e9f65f25-70bc-487b-babe-7589fc471ec9, SystemPermission, »®œﬁπ‹¿Ì, menu, views/system/permission/index.vue, a0000000-0000-0000-0000-000000000001
<==        Row: a8ccfa8a-e1fe-4e34-9deb-f4f7caebaf72, EnterpriseManagement, ∆Û“µπ‹¿Ì, menu, views/system/enterprise/index.vue, a0000000-0000-0000-0000-000000000001
<==        Row: 5ff2c4c9-de8f-4710-97d8-35c3add1e47b, SystemSettings, ≈‰÷√π‹¿Ì, menu, views/system/settings/index.vue, a0000000-0000-0000-0000-000000000001
<==        Row: 4e7fda28-6dc1-45a8-9163-5b292dd50cd5, Dictionary, ◊÷µ‰π‹¿Ì, menu, views/system/dictionary/index.vue, a0000000-0000-0000-0000-000000000001
<==        Row: 1d0c83fc-40ab-4712-b186-dba5b9d567b4, DictionaryData, ◊÷µ‰ ˝æ›π‹¿Ì, menu, views/system/dictionary/data.vue, a0000000-0000-0000-0000-000000000001
<==        Row: 2ba4c4b9-a7f2-4306-82ba-703d0d8405de, SystemOperator, ≤Ÿ◊˜‘±π‹¿Ì, menu, views/system/operator/index.vue, a0000000-0000-0000-0000-000000000001
<==        Row: 1126d3e3-dd49-4422-b0e0-94a5762a2a25, DeviceRegister, …Ë±∏µ«º«, menu, views/devices/register/index.vue, a0000000-0000-0000-0000-000000000002
<==        Row: 29ccc09d-ee12-452e-a61e-b3145125dd94, DeviceAntenna, ÃÏœﬂ…Ë±∏Œ¨ª§, menu, views/devices/antenna/index.vue, a0000000-0000-0000-0000-000000000002
<==        Row: 28fa7dcd-86b8-47a2-9285-1d34b7bf046f, DeviceAnalysis, …Ë±∏∑÷Œˆ, menu, views/devices/analysis/index.vue, a0000000-0000-0000-0000-000000000002
<==        Row: e581b25f-2ece-4e03-a699-fdcda56032fc, DeviceMaintenance, …Ë±∏Œ¨ª§, menu, views/devices/maintenance/index.vue, a0000000-0000-0000-0000-000000000002
<==        Row: 1f4005b9-f074-43c6-a057-6538d3b12387, DeviceMonitor, …Ë±∏º‡øÿ, menu, views/devices/monitor/index.vue, a0000000-0000-0000-0000-000000000002
<==        Row: 9530a5b3-2d46-4d23-a7a1-87514bd48bf4, DeviceOverview, …Ë±∏∏≈¿¿, menu, views/devices/overview.vue, a0000000-0000-0000-0000-000000000002
<==        Row: 2e3a0e1f-11f7-421a-a5f4-a44bcada8b1f, ProjectReports, œÓƒø±®∏Ê, menu, views/projects/reports/index.vue, a0000000-0000-0000-0000-000000000003
<==        Row: 3fd7d924-e847-48f8-baa7-afb7490a8f9a, ProjectOverview, œÓƒø∏≈¿¿, menu, views/projects/overview.vue, a0000000-0000-0000-0000-000000000003
<==        Row: 8991596b-0b28-4a46-9cbb-066c9e0d3771, ProjectInfo, œÓƒø–≈œ¢, menu, views/projects/info/index.vue, a0000000-0000-0000-0000-000000000003
<==        Row: 1923ac78-584b-4ad5-b1b4-6df7051562e6, ProjectTasks, œÓƒø»ŒŒÒ, menu, views/projects/tasks/index.vue, a0000000-0000-0000-0000-000000000003
<==        Row: b9c89db0-7802-4241-9c9b-10940d0fb037, ProjectMethods, ◊˜“µ∑Ω∑®, menu, views/projects/methods/index.vue, a0000000-0000-0000-0000-000000000003
<==        Row: 2c9139a4-0a5e-4fff-ab73-f06d54155426, ProjectProgress, œÓƒøΩ¯∂», menu, views/projects/progress/index.vue, a0000000-0000-0000-0000-000000000003
<==        Row: c320c6b0-eea1-4d35-80a2-57d8ed750d98, ProjectLogs, œÓƒø»’÷æ, menu, views/projects/logs/index.vue, a0000000-0000-0000-0000-000000000003
<==        Row: 803dd4f5-af9a-45df-a503-e43a3e8cd720, DataTasks,  ˝æ›»ŒŒÒ, menu, views/data/tasks/index.vue, a0000000-0000-0000-0000-000000000004
<==        Row: 60e16502-1f57-496a-aa93-8c2df7adc4d0, DataOverview,  ˝æ›∏≈¿¿, menu, views/data/overview.vue, a0000000-0000-0000-0000-000000000004
<==        Row: 4036a134-c1ca-4322-b327-1491903e973e, DataQuality,  ˝æ›÷ ¡ø, menu, views/data/quality/index.vue, a0000000-0000-0000-0000-000000000004
<==        Row: da58c221-edbd-4e97-aab4-69393829ca3a, DataPreview,  ˝æ›‘§¿¿, menu, views/data/preview.vue, a0000000-0000-0000-0000-000000000004
<==        Row: 7f1b9477-78c4-44ba-b804-c4cf5b179e6d, StatisticsClassification, Õ≥º∆∑÷¿‡, menu, views/statistics/classification/index.vue, a0000000-0000-0000-0000-000000000005
<==        Row: 6166f363-019f-4b7a-888a-0276423b5770, StatisticsOverview, Õ≥º∆∏≈¿¿, menu, views/statistics/overview.vue, a0000000-0000-0000-0000-000000000005
<==        Row: cc895f41-89d5-491a-a6e9-86eabac32c60, StatisticsDisplay, Õ≥º∆’π æ, menu, views/statistics/display/index.vue, a0000000-0000-0000-0000-000000000005
<==        Row: f282d39c-4905-4eaa-b5df-d6deb01a949f, device:register:edit, edit_device, button, null, 1126d3e3-dd49-4422-b0e0-94a5762a2a25
<==        Row: ee6c10ee-1d50-4810-841a-64f79fef27e9, device:register:add, add_device, button, null, 1126d3e3-dd49-4422-b0e0-94a5762a2a25
<==        Row: fe6267c0-aedb-4262-94e3-cc9efc6cab6e, device:register:delete, delete_device, button, null, 1126d3e3-dd49-4422-b0e0-94a5762a2a25
<==      Total: 42
Closing non transactional SqlSession [org.apache.ibatis.session.defaults.DefaultSqlSession@67b9fd8a]
Creating a new SqlSession
SqlSession [org.apache.ibatis.session.defaults.DefaultSqlSession@19cbd6a8] was not registered for synchronization because synchronization is not active
JDBC Connection [HikariProxyConnection@277264603 wrapping org.postgresql.jdbc.PgConnection@77d0a23d] will not be managed by Spring
==>  Preparing: SELECT role_code FROM user_roles WHERE user_uuid = CAST(? AS uuid) LIMIT 1
==> Parameters: f32dab2c-1da9-472e-944c-ff9fadf0b6b4(String)
<==    Columns: role_code
<==        Row: admin
<==      Total: 1
Closing non transactional SqlSession [org.apache.ibatis.session.defaults.DefaultSqlSession@19cbd6a8]
[31m2026-05-31 19:59:10.165[0;39m [33m[http-nio-9966-exec-2][0;39m [39mDEBUG[0;39m [32mo.s.w.s.m.m.a.RequestResponseBodyMethodProcessor[0;39m - Using 'application/json', given [*/*] and supported [application/json, application/*+json]
[31m2026-05-31 19:59:10.165[0;39m [33m[http-nio-9966-exec-2][0;39m [39mDEBUG[0;39m [32mo.s.w.s.m.m.a.RequestResponseBodyMethodProcessor[0;39m - Writing [com.geo.dsp.common.result.Result@38fb52ec]
[31m2026-05-31 19:59:10.165[0;39m [33m[http-nio-9966-exec-2][0;39m [39mDEBUG[0;39m [32morg.springframework.web.servlet.DispatcherServlet[0;39m - Completed 200 OK
[31m2026-05-31 19:59:20.005[0;39m [33m[http-nio-9966-exec-3][0;39m [39mDEBUG[0;39m [32morg.springframework.web.servlet.DispatcherServlet[0;39m - POST "/geo/api/user/login", parameters={}
[31m2026-05-31 19:59:20.005[0;39m [33m[http-nio-9966-exec-3][0;39m [39mDEBUG[0;39m [32mo.s.w.s.m.m.a.RequestMappingHandlerMapping[0;39m - Mapped to com.geo.dsp.module.login.controller.LoginController#login(LoginDTO)
[31m2026-05-31 19:59:20.006[0;39m [33m[http-nio-9966-exec-3][0;39m [39mDEBUG[0;39m [32mo.s.w.s.m.m.a.RequestResponseBodyMethodProcessor[0;39m - Read "application/json;charset=UTF-8" to [LoginDTO(account=test001, password=123456, smsCode=null, loginType=1)]
Creating a new SqlSession
SqlSession [org.apache.ibatis.session.defaults.DefaultSqlSession@17de3f71] was not registered for synchronization because synchronization is not active
JDBC Connection [HikariProxyConnection@319081366 wrapping org.postgresql.jdbc.PgConnection@77d0a23d] will not be managed by Spring
==>  Preparing: SELECT id, uuid, user_name, account, password, email, phone_num, user_type, status, image_id, create_by, create_time, update_by, update_time, is_del, note, sex FROM users WHERE account = ? AND is_del = false
==> Parameters: test001(String)
<==    Columns: id, uuid, user_name, account, password, email, phone_num, user_type, status, image_id, create_by, create_time, update_by, update_time, is_del, note, sex
<==        Row: 16, f32dab2c-1da9-472e-944c-ff9fadf0b6b4, ≤‚ ‘”√ªß, test001, $2a$10$j3yM2CwdNz3u7K5f/pXyGe3KIyECGMXJw9rcDue2Pwcs8JG85AY1q, test@qq.com, 13800138000, 3, 1, null, 64, 2026-05-12 12:34:15.617474+08, 1, 2026-05-31 19:34:24.661532+08, f, null, null
<==      Total: 1
Closing non transactional SqlSession [org.apache.ibatis.session.defaults.DefaultSqlSession@17de3f71]
Creating a new SqlSession
SqlSession [org.apache.ibatis.session.defaults.DefaultSqlSession@57b0dd19] was not registered for synchronization because synchronization is not active
JDBC Connection [HikariProxyConnection@99481661 wrapping org.postgresql.jdbc.PgConnection@77d0a23d] will not be managed by Spring
==>  Preparing: SELECT role_code FROM user_roles WHERE user_uuid = CAST(? AS uuid) LIMIT 1
==> Parameters: f32dab2c-1da9-472e-944c-ff9fadf0b6b4(String)
<==    Columns: role_code
<==        Row: admin
<==      Total: 1
Closing non transactional SqlSession [org.apache.ibatis.session.defaults.DefaultSqlSession@57b0dd19]
Creating a new SqlSession
SqlSession [org.apache.ibatis.session.defaults.DefaultSqlSession@632e7a46] was not registered for synchronization because synchronization is not active
JDBC Connection [HikariProxyConnection@1455642062 wrapping org.postgresql.jdbc.PgConnection@77d0a23d] will not be managed by Spring
==>  Preparing: SELECT id FROM roles WHERE role_code = ? AND is_del = false
==> Parameters: admin(String)
<==    Columns: id
<==        Row: 21
<==      Total: 1
Closing non transactional SqlSession [org.apache.ibatis.session.defaults.DefaultSqlSession@632e7a46]
Creating a new SqlSession
SqlSession [org.apache.ibatis.session.defaults.DefaultSqlSession@7ca021a] was not registered for synchronization because synchronization is not active
JDBC Connection [HikariProxyConnection@1829514958 wrapping org.postgresql.jdbc.PgConnection@77d0a23d] will not be managed by Spring
==>  Preparing: SELECT p.permission_code FROM permissions p INNER JOIN role_permis rp ON rp.permission_id = p.id WHERE rp.role_id = ? AND p.is_del = false
==> Parameters: 21(Long)
<==    Columns: permission_code
<==        Row: System
<==        Row: Device
<==        Row: Project
<==        Row: Data
<==        Row: Statistics
<==        Row: DataAnalysis
<==        Row: GisMap
<==        Row: Profile
<==        Row: SystemOverview
<==        Row: SystemUsers
<==        Row: SystemRoles
<==        Row: SystemPermission
<==        Row: admin:all
<==        Row: Dictionary
<==        Row: DictionaryData
<==        Row: SystemOperator
<==        Row: SystemLogs
<==        Row: SystemSettings
<==        Row: EnterpriseManagement
<==        Row: DeviceOverview
<==        Row: DeviceRegister
<==        Row: DeviceMonitor
<==        Row: DeviceMaintenance
<==        Row: DeviceAnalysis
<==        Row: DeviceAntenna
<==        Row: ProjectOverview
<==        Row: ProjectInfo
<==        Row: ProjectTasks
<==        Row: ProjectMethods
<==        Row: ProjectProgress
<==        Row: ProjectLogs
<==        Row: ProjectReports
<==        Row: DataOverview
<==        Row: DataQuality
<==        Row: DataTasks
<==        Row: DataPreview
<==        Row: StatisticsOverview
<==        Row: StatisticsClassification
<==        Row: StatisticsDisplay
<==        Row: device:register:add
<==        Row: device:register:edit
<==        Row: device:register:delete
<==      Total: 42
Closing non transactional SqlSession [org.apache.ibatis.session.defaults.DefaultSqlSession@7ca021a]
Creating a new SqlSession
SqlSession [org.apache.ibatis.session.defaults.DefaultSqlSession@7de09563] was not registered for synchronization because synchronization is not active
JDBC Connection [HikariProxyConnection@826397236 wrapping org.postgresql.jdbc.PgConnection@77d0a23d] will not be managed by Spring
==>  Preparing: SELECT p.uuid, p.permission_code AS permissionCode, p.permission_name AS permissionName, p.permission_type AS permissionType, p.component_path AS componentPath, p.parent_uuid AS parentPermission FROM permissions p INNER JOIN role_permis rp ON rp.permission_id = p.id INNER JOIN user_roles ur ON ur.role_code = (SELECT role_code FROM roles WHERE id = rp.role_id) WHERE ur.user_uuid = CAST(? AS uuid) AND p.is_del = false ORDER BY p.create_time ASC
==> Parameters: f32dab2c-1da9-472e-944c-ff9fadf0b6b4(String)
<==    Columns: uuid, permissioncode, permissionname, permissiontype, componentpath, parentpermission
<==        Row: 8bfa14fe-7acb-43e0-9fdb-aa17f96f8302, admin:all, »´≤øπ‹¿Ì»®œﬁ, menu, null, null
<==        Row: a0000000-0000-0000-0000-000000000003, Project, œÓƒøπ‹¿Ì, menu, views/projects/index.vue, null
<==        Row: a0000000-0000-0000-0000-000000000004, Data,  ˝æ›π‹¿Ì, menu, views/data/index.vue, null
<==        Row: a0000000-0000-0000-0000-000000000001, System, œµÕ≥π‹¿Ì, menu, views/system/index.vue, null
<==        Row: a0000000-0000-0000-0000-000000000005, Statistics, Õ≥º∆∑÷Œˆ, menu, views/statistics/index.vue, null
<==        Row: a0000000-0000-0000-0000-000000000006, DataAnalysis,  ˝æ›∑÷Œˆ, menu, views/data-analysis/index.vue, null
<==        Row: a0000000-0000-0000-0000-000000000007, GisMap, GISµÿÕº, menu, views/gis-map/index.vue, null
<==        Row: a0000000-0000-0000-0000-000000000008, Profile, ∏ˆ»À÷––ƒ, menu, views/profile/index.vue, null
<==        Row: a0000000-0000-0000-0000-000000000002, Device, …Ë±∏π‹¿Ì, menu, views/devices/index.vue, null
<==        Row: 1b6276e8-9cfb-4560-8e1f-0d684e9d9d29, SystemLogs, »’÷æπ‹¿Ì, menu, views/system/logs/index.vue, a0000000-0000-0000-0000-000000000001
<==        Row: 7fa2a341-221c-41e5-ac55-5e0dd55603ed, SystemOverview, œµÕ≥∏≈¿¿, menu, views/system/overview.vue, a0000000-0000-0000-0000-000000000001
<==        Row: 3863c388-7a30-41aa-8e49-a4aaf7654a25, SystemUsers, ”√ªßπ‹¿Ì, menu, views/system/users/index.vue, a0000000-0000-0000-0000-000000000001
<==        Row: 95b44be6-527b-426b-a74a-59247155cd0d, SystemRoles, Ω«…´π‹¿Ì, menu, views/system/roles/index.vue, a0000000-0000-0000-0000-000000000001
<==        Row: e9f65f25-70bc-487b-babe-7589fc471ec9, SystemPermission, »®œﬁπ‹¿Ì, menu, views/system/permission/index.vue, a0000000-0000-0000-0000-000000000001
<==        Row: a8ccfa8a-e1fe-4e34-9deb-f4f7caebaf72, EnterpriseManagement, ∆Û“µπ‹¿Ì, menu, views/system/enterprise/index.vue, a0000000-0000-0000-0000-000000000001
<==        Row: 5ff2c4c9-de8f-4710-97d8-35c3add1e47b, SystemSettings, ≈‰÷√π‹¿Ì, menu, views/system/settings/index.vue, a0000000-0000-0000-0000-000000000001
<==        Row: 4e7fda28-6dc1-45a8-9163-5b292dd50cd5, Dictionary, ◊÷µ‰π‹¿Ì, menu, views/system/dictionary/index.vue, a0000000-0000-0000-0000-000000000001
<==        Row: 1d0c83fc-40ab-4712-b186-dba5b9d567b4, DictionaryData, ◊÷µ‰ ˝æ›π‹¿Ì, menu, views/system/dictionary/data.vue, a0000000-0000-0000-0000-000000000001
<==        Row: 2ba4c4b9-a7f2-4306-82ba-703d0d8405de, SystemOperator, ≤Ÿ◊˜‘±π‹¿Ì, menu, views/system/operator/index.vue, a0000000-0000-0000-0000-000000000001
<==        Row: 1126d3e3-dd49-4422-b0e0-94a5762a2a25, DeviceRegister, …Ë±∏µ«º«, menu, views/devices/register/index.vue, a0000000-0000-0000-0000-000000000002
<==        Row: 29ccc09d-ee12-452e-a61e-b3145125dd94, DeviceAntenna, ÃÏœﬂ…Ë±∏Œ¨ª§, menu, views/devices/antenna/index.vue, a0000000-0000-0000-0000-000000000002
<==        Row: 28fa7dcd-86b8-47a2-9285-1d34b7bf046f, DeviceAnalysis, …Ë±∏∑÷Œˆ, menu, views/devices/analysis/index.vue, a0000000-0000-0000-0000-000000000002
<==        Row: e581b25f-2ece-4e03-a699-fdcda56032fc, DeviceMaintenance, …Ë±∏Œ¨ª§, menu, views/devices/maintenance/index.vue, a0000000-0000-0000-0000-000000000002
<==        Row: 1f4005b9-f074-43c6-a057-6538d3b12387, DeviceMonitor, …Ë±∏º‡øÿ, menu, views/devices/monitor/index.vue, a0000000-0000-0000-0000-000000000002
<==        Row: 9530a5b3-2d46-4d23-a7a1-87514bd48bf4, DeviceOverview, …Ë±∏∏≈¿¿, menu, views/devices/overview.vue, a0000000-0000-0000-0000-000000000002
<==        Row: 2e3a0e1f-11f7-421a-a5f4-a44bcada8b1f, ProjectReports, œÓƒø±®∏Ê, menu, views/projects/reports/index.vue, a0000000-0000-0000-0000-000000000003
<==        Row: 3fd7d924-e847-48f8-baa7-afb7490a8f9a, ProjectOverview, œÓƒø∏≈¿¿, menu, views/projects/overview.vue, a0000000-0000-0000-0000-000000000003
<==        Row: 8991596b-0b28-4a46-9cbb-066c9e0d3771, ProjectInfo, œÓƒø–≈œ¢, menu, views/projects/info/index.vue, a0000000-0000-0000-0000-000000000003
<==        Row: 1923ac78-584b-4ad5-b1b4-6df7051562e6, ProjectTasks, œÓƒø»ŒŒÒ, menu, views/projects/tasks/index.vue, a0000000-0000-0000-0000-000000000003
<==        Row: b9c89db0-7802-4241-9c9b-10940d0fb037, ProjectMethods, ◊˜“µ∑Ω∑®, menu, views/projects/methods/index.vue, a0000000-0000-0000-0000-000000000003
<==        Row: 2c9139a4-0a5e-4fff-ab73-f06d54155426, ProjectProgress, œÓƒøΩ¯∂», menu, views/projects/progress/index.vue, a0000000-0000-0000-0000-000000000003
<==        Row: c320c6b0-eea1-4d35-80a2-57d8ed750d98, ProjectLogs, œÓƒø»’÷æ, menu, views/projects/logs/index.vue, a0000000-0000-0000-0000-000000000003
<==        Row: 803dd4f5-af9a-45df-a503-e43a3e8cd720, DataTasks,  ˝æ›»ŒŒÒ, menu, views/data/tasks/index.vue, a0000000-0000-0000-0000-000000000004
<==        Row: 60e16502-1f57-496a-aa93-8c2df7adc4d0, DataOverview,  ˝æ›∏≈¿¿, menu, views/data/overview.vue, a0000000-0000-0000-0000-000000000004
<==        Row: 4036a134-c1ca-4322-b327-1491903e973e, DataQuality,  ˝æ›÷ ¡ø, menu, views/data/quality/index.vue, a0000000-0000-0000-0000-000000000004
<==        Row: da58c221-edbd-4e97-aab4-69393829ca3a, DataPreview,  ˝æ›‘§¿¿, menu, views/data/preview.vue, a0000000-0000-0000-0000-000000000004
<==        Row: 7f1b9477-78c4-44ba-b804-c4cf5b179e6d, StatisticsClassification, Õ≥º∆∑÷¿‡, menu, views/statistics/classification/index.vue, a0000000-0000-0000-0000-000000000005
<==        Row: 6166f363-019f-4b7a-888a-0276423b5770, StatisticsOverview, Õ≥º∆∏≈¿¿, menu, views/statistics/overview.vue, a0000000-0000-0000-0000-000000000005
<==        Row: cc895f41-89d5-491a-a6e9-86eabac32c60, StatisticsDisplay, Õ≥º∆’π æ, menu, views/statistics/display/index.vue, a0000000-0000-0000-0000-000000000005
<==        Row: f282d39c-4905-4eaa-b5df-d6deb01a949f, device:register:edit, edit_device, button, null, 1126d3e3-dd49-4422-b0e0-94a5762a2a25
<==        Row: ee6c10ee-1d50-4810-841a-64f79fef27e9, device:register:add, add_device, button, null, 1126d3e3-dd49-4422-b0e0-94a5762a2a25
<==        Row: fe6267c0-aedb-4262-94e3-cc9efc6cab6e, device:register:delete, delete_device, button, null, 1126d3e3-dd49-4422-b0e0-94a5762a2a25
<==      Total: 42
Closing non transactional SqlSession [org.apache.ibatis.session.defaults.DefaultSqlSession@7de09563]
Creating a new SqlSession
SqlSession [org.apache.ibatis.session.defaults.DefaultSqlSession@664cccd4] was not registered for synchronization because synchronization is not active
JDBC Connection [HikariProxyConnection@1782244493 wrapping org.postgresql.jdbc.PgConnection@77d0a23d] will not be managed by Spring
==>  Preparing: SELECT role_code FROM user_roles WHERE user_uuid = CAST(? AS uuid) LIMIT 1
==> Parameters: f32dab2c-1da9-472e-944c-ff9fadf0b6b4(String)
<==    Columns: role_code
<==        Row: admin
<==      Total: 1
Closing non transactional SqlSession [org.apache.ibatis.session.defaults.DefaultSqlSession@664cccd4]
[31m2026-05-31 19:59:20.062[0;39m [33m[http-nio-9966-exec-3][0;39m [34mINFO [0;39m [32mc.g.dsp.module.login.service.impl.LoginServiceImpl[0;39m - Áî®Êà∑ test001 ÁôªÂΩïÊàêÂäü
[31m2026-05-31 19:59:20.062[0;39m [33m[http-nio-9966-exec-3][0;39m [39mDEBUG[0;39m [32mo.s.w.s.m.m.a.RequestResponseBodyMethodProcessor[0;39m - Using 'application/json', given [*/*] and supported [application/json, application/*+json]
[31m2026-05-31 19:59:20.062[0;39m [33m[http-nio-9966-exec-3][0;39m [39mDEBUG[0;39m [32mo.s.w.s.m.m.a.RequestResponseBodyMethodProcessor[0;39m - Writing [com.geo.dsp.common.result.Result@13082f24]
[31m2026-05-31 19:59:20.063[0;39m [33m[http-nio-9966-exec-3][0;39m [39mDEBUG[0;39m [32morg.springframework.web.servlet.DispatcherServlet[0;39m - Completed 200 OK
[31m2026-05-31 19:59:20.107[0;39m [33m[http-nio-9966-exec-4][0;39m [39mDEBUG[0;39m [32mcom.geo.dsp.filter.JwtAuthenticationFilter[0;39m - JWT Token ËÆ§ËØÅÊàêÂäüÔºåÁî®Êà∑: test001
[31m2026-05-31 19:59:20.107[0;39m [33m[http-nio-9966-exec-4][0;39m [39mDEBUG[0;39m [32morg.springframework.web.servlet.DispatcherServlet[0;39m - POST "/geo/api/system/permissions/role/save", parameters={}
[31m2026-05-31 19:59:20.107[0;39m [33m[http-nio-9966-exec-4][0;39m [39mDEBUG[0;39m [32mo.s.w.s.m.m.a.RequestMappingHandlerMapping[0;39m - Mapped to com.geo.dsp.module.privilege.controller.PermissionController#saveRolePermissions(Map)
[31m2026-05-31 19:59:20.109[0;39m [33m[http-nio-9966-exec-4][0;39m [39mDEBUG[0;39m [32mo.s.w.s.m.m.a.RequestResponseBodyMethodProcessor[0;39m - Read "application/json;charset=UTF-8" to [{roleUuid=f32dab2c-1da9-472e-944c-ff9fadf0b6b4, permissionCodes=[admin:all], updateBy=1}]
Creating a new SqlSession
Registering transaction synchronization for SqlSession [org.apache.ibatis.session.defaults.DefaultSqlSession@80cf781]
JDBC Connection [HikariProxyConnection@890802989 wrapping org.postgresql.jdbc.PgConnection@77d0a23d] will be managed by Spring
==>  Preparing: SELECT CAST(uuid AS varchar) FROM permissions WHERE permission_code IN ( ? ) AND is_del = false
==> Parameters: admin:all(String)
<==    Columns: uuid
<==        Row: 8bfa14fe-7acb-43e0-9fdb-aa17f96f8302
<==      Total: 1
Releasing transactional SqlSession [org.apache.ibatis.session.defaults.DefaultSqlSession@80cf781]
Fetched SqlSession [org.apache.ibatis.session.defaults.DefaultSqlSession@80cf781] from current transaction
==>  Preparing: SELECT id FROM roles WHERE uuid = CAST(? AS uuid) AND is_del = false
==> Parameters: f32dab2c-1da9-472e-944c-ff9fadf0b6b4(String)
<==      Total: 0
Releasing transactional SqlSession [org.apache.ibatis.session.defaults.DefaultSqlSession@80cf781]
Transaction synchronization committing SqlSession [org.apache.ibatis.session.defaults.DefaultSqlSession@80cf781]
Transaction synchronization deregistering SqlSession [org.apache.ibatis.session.defaults.DefaultSqlSession@80cf781]
Transaction synchronization closing SqlSession [org.apache.ibatis.session.defaults.DefaultSqlSession@80cf781]
[31m2026-05-31 19:59:20.122[0;39m [33m[http-nio-9966-exec-4][0;39m [39mDEBUG[0;39m [32mo.s.w.s.m.m.a.RequestResponseBodyMethodProcessor[0;39m - Using 'application/json', given [*/*] and supported [application/json, application/*+json]
[31m2026-05-31 19:59:20.122[0;39m [33m[http-nio-9966-exec-4][0;39m [39mDEBUG[0;39m [32mo.s.w.s.m.m.a.RequestResponseBodyMethodProcessor[0;39m - Writing [com.geo.dsp.common.result.Result@20036411]
[31m2026-05-31 19:59:20.122[0;39m [33m[http-nio-9966-exec-4][0;39m [39mDEBUG[0;39m [32morg.springframework.web.servlet.DispatcherServlet[0;39m - Completed 200 OK
[31m2026-05-31 19:59:20.164[0;39m [33m[http-nio-9966-exec-5][0;39m [39mDEBUG[0;39m [32morg.springframework.web.servlet.DispatcherServlet[0;39m - POST "/geo/api/user/login", parameters={}
[31m2026-05-31 19:59:20.164[0;39m [33m[http-nio-9966-exec-5][0;39m [39mDEBUG[0;39m [32mo.s.w.s.m.m.a.RequestMappingHandlerMapping[0;39m - Mapped to com.geo.dsp.module.login.controller.LoginController#login(LoginDTO)
[31m2026-05-31 19:59:20.165[0;39m [33m[http-nio-9966-exec-5][0;39m [39mDEBUG[0;39m [32mo.s.w.s.m.m.a.RequestResponseBodyMethodProcessor[0;39m - Read "application/json;charset=UTF-8" to [LoginDTO(account=test001, password=123456, smsCode=null, loginType=1)]
Creating a new SqlSession
SqlSession [org.apache.ibatis.session.defaults.DefaultSqlSession@4616a8d1] was not registered for synchronization because synchronization is not active
JDBC Connection [HikariProxyConnection@1108889976 wrapping org.postgresql.jdbc.PgConnection@77d0a23d] will not be managed by Spring
==>  Preparing: SELECT id, uuid, user_name, account, password, email, phone_num, user_type, status, image_id, create_by, create_time, update_by, update_time, is_del, note, sex FROM users WHERE account = ? AND is_del = false
==> Parameters: test001(String)
<==    Columns: id, uuid, user_name, account, password, email, phone_num, user_type, status, image_id, create_by, create_time, update_by, update_time, is_del, note, sex
<==        Row: 16, f32dab2c-1da9-472e-944c-ff9fadf0b6b4, ≤‚ ‘”√ªß, test001, $2a$10$j3yM2CwdNz3u7K5f/pXyGe3KIyECGMXJw9rcDue2Pwcs8JG85AY1q, test@qq.com, 13800138000, 3, 1, null, 64, 2026-05-12 12:34:15.617474+08, 1, 2026-05-31 19:34:24.661532+08, f, null, null
<==      Total: 1
Closing non transactional SqlSession [org.apache.ibatis.session.defaults.DefaultSqlSession@4616a8d1]
Creating a new SqlSession
SqlSession [org.apache.ibatis.session.defaults.DefaultSqlSession@130ef9fb] was not registered for synchronization because synchronization is not active
JDBC Connection [HikariProxyConnection@586399037 wrapping org.postgresql.jdbc.PgConnection@77d0a23d] will not be managed by Spring
==>  Preparing: SELECT role_code FROM user_roles WHERE user_uuid = CAST(? AS uuid) LIMIT 1
==> Parameters: f32dab2c-1da9-472e-944c-ff9fadf0b6b4(String)
<==    Columns: role_code
<==        Row: admin
<==      Total: 1
Closing non transactional SqlSession [org.apache.ibatis.session.defaults.DefaultSqlSession@130ef9fb]
Creating a new SqlSession
SqlSession [org.apache.ibatis.session.defaults.DefaultSqlSession@5150c992] was not registered for synchronization because synchronization is not active
JDBC Connection [HikariProxyConnection@1371787601 wrapping org.postgresql.jdbc.PgConnection@77d0a23d] will not be managed by Spring
==>  Preparing: SELECT id FROM roles WHERE role_code = ? AND is_del = false
==> Parameters: admin(String)
<==    Columns: id
<==        Row: 21
<==      Total: 1
Closing non transactional SqlSession [org.apache.ibatis.session.defaults.DefaultSqlSession@5150c992]
Creating a new SqlSession
SqlSession [org.apache.ibatis.session.defaults.DefaultSqlSession@35662bb3] was not registered for synchronization because synchronization is not active
JDBC Connection [HikariProxyConnection@180580983 wrapping org.postgresql.jdbc.PgConnection@77d0a23d] will not be managed by Spring
==>  Preparing: SELECT p.permission_code FROM permissions p INNER JOIN role_permis rp ON rp.permission_id = p.id WHERE rp.role_id = ? AND p.is_del = false
==> Parameters: 21(Long)
<==    Columns: permission_code
<==        Row: System
<==        Row: Device
<==        Row: Project
<==        Row: Data
<==        Row: Statistics
<==        Row: DataAnalysis
<==        Row: GisMap
<==        Row: Profile
<==        Row: SystemOverview
<==        Row: SystemUsers
<==        Row: SystemRoles
<==        Row: SystemPermission
<==        Row: admin:all
<==        Row: Dictionary
<==        Row: DictionaryData
<==        Row: SystemOperator
<==        Row: SystemLogs
<==        Row: SystemSettings
<==        Row: EnterpriseManagement
<==        Row: DeviceOverview
<==        Row: DeviceRegister
<==        Row: DeviceMonitor
<==        Row: DeviceMaintenance
<==        Row: DeviceAnalysis
<==        Row: DeviceAntenna
<==        Row: ProjectOverview
<==        Row: ProjectInfo
<==        Row: ProjectTasks
<==        Row: ProjectMethods
<==        Row: ProjectProgress
<==        Row: ProjectLogs
<==        Row: ProjectReports
<==        Row: DataOverview
<==        Row: DataQuality
<==        Row: DataTasks
<==        Row: DataPreview
<==        Row: StatisticsOverview
<==        Row: StatisticsClassification
<==        Row: StatisticsDisplay
<==        Row: device:register:add
<==        Row: device:register:edit
<==        Row: device:register:delete
<==      Total: 42
Closing non transactional SqlSession [org.apache.ibatis.session.defaults.DefaultSqlSession@35662bb3]
Creating a new SqlSession
SqlSession [org.apache.ibatis.session.defaults.DefaultSqlSession@5d8836e4] was not registered for synchronization because synchronization is not active
JDBC Connection [HikariProxyConnection@302919005 wrapping org.postgresql.jdbc.PgConnection@77d0a23d] will not be managed by Spring
==>  Preparing: SELECT p.uuid, p.permission_code AS permissionCode, p.permission_name AS permissionName, p.permission_type AS permissionType, p.component_path AS componentPath, p.parent_uuid AS parentPermission FROM permissions p INNER JOIN role_permis rp ON rp.permission_id = p.id INNER JOIN user_roles ur ON ur.role_code = (SELECT role_code FROM roles WHERE id = rp.role_id) WHERE ur.user_uuid = CAST(? AS uuid) AND p.is_del = false ORDER BY p.create_time ASC
==> Parameters: f32dab2c-1da9-472e-944c-ff9fadf0b6b4(String)
<==    Columns: uuid, permissioncode, permissionname, permissiontype, componentpath, parentpermission
<==        Row: 8bfa14fe-7acb-43e0-9fdb-aa17f96f8302, admin:all, »´≤øπ‹¿Ì»®œﬁ, menu, null, null
<==        Row: a0000000-0000-0000-0000-000000000003, Project, œÓƒøπ‹¿Ì, menu, views/projects/index.vue, null
<==        Row: a0000000-0000-0000-0000-000000000004, Data,  ˝æ›π‹¿Ì, menu, views/data/index.vue, null
<==        Row: a0000000-0000-0000-0000-000000000001, System, œµÕ≥π‹¿Ì, menu, views/system/index.vue, null
<==        Row: a0000000-0000-0000-0000-000000000005, Statistics, Õ≥º∆∑÷Œˆ, menu, views/statistics/index.vue, null
<==        Row: a0000000-0000-0000-0000-000000000006, DataAnalysis,  ˝æ›∑÷Œˆ, menu, views/data-analysis/index.vue, null
<==        Row: a0000000-0000-0000-0000-000000000007, GisMap, GISµÿÕº, menu, views/gis-map/index.vue, null
<==        Row: a0000000-0000-0000-0000-000000000008, Profile, ∏ˆ»À÷––ƒ, menu, views/profile/index.vue, null
<==        Row: a0000000-0000-0000-0000-000000000002, Device, …Ë±∏π‹¿Ì, menu, views/devices/index.vue, null
<==        Row: 1b6276e8-9cfb-4560-8e1f-0d684e9d9d29, SystemLogs, »’÷æπ‹¿Ì, menu, views/system/logs/index.vue, a0000000-0000-0000-0000-000000000001
<==        Row: 7fa2a341-221c-41e5-ac55-5e0dd55603ed, SystemOverview, œµÕ≥∏≈¿¿, menu, views/system/overview.vue, a0000000-0000-0000-0000-000000000001
<==        Row: 3863c388-7a30-41aa-8e49-a4aaf7654a25, SystemUsers, ”√ªßπ‹¿Ì, menu, views/system/users/index.vue, a0000000-0000-0000-0000-000000000001
<==        Row: 95b44be6-527b-426b-a74a-59247155cd0d, SystemRoles, Ω«…´π‹¿Ì, menu, views/system/roles/index.vue, a0000000-0000-0000-0000-000000000001
<==        Row: e9f65f25-70bc-487b-babe-7589fc471ec9, SystemPermission, »®œﬁπ‹¿Ì, menu, views/system/permission/index.vue, a0000000-0000-0000-0000-000000000001
<==        Row: a8ccfa8a-e1fe-4e34-9deb-f4f7caebaf72, EnterpriseManagement, ∆Û“µπ‹¿Ì, menu, views/system/enterprise/index.vue, a0000000-0000-0000-0000-000000000001
<==        Row: 5ff2c4c9-de8f-4710-97d8-35c3add1e47b, SystemSettings, ≈‰÷√π‹¿Ì, menu, views/system/settings/index.vue, a0000000-0000-0000-0000-000000000001
<==        Row: 4e7fda28-6dc1-45a8-9163-5b292dd50cd5, Dictionary, ◊÷µ‰π‹¿Ì, menu, views/system/dictionary/index.vue, a0000000-0000-0000-0000-000000000001
<==        Row: 1d0c83fc-40ab-4712-b186-dba5b9d567b4, DictionaryData, ◊÷µ‰ ˝æ›π‹¿Ì, menu, views/system/dictionary/data.vue, a0000000-0000-0000-0000-000000000001
<==        Row: 2ba4c4b9-a7f2-4306-82ba-703d0d8405de, SystemOperator, ≤Ÿ◊˜‘±π‹¿Ì, menu, views/system/operator/index.vue, a0000000-0000-0000-0000-000000000001
<==        Row: 1126d3e3-dd49-4422-b0e0-94a5762a2a25, DeviceRegister, …Ë±∏µ«º«, menu, views/devices/register/index.vue, a0000000-0000-0000-0000-000000000002
<==        Row: 29ccc09d-ee12-452e-a61e-b3145125dd94, DeviceAntenna, ÃÏœﬂ…Ë±∏Œ¨ª§, menu, views/devices/antenna/index.vue, a0000000-0000-0000-0000-000000000002
<==        Row: 28fa7dcd-86b8-47a2-9285-1d34b7bf046f, DeviceAnalysis, …Ë±∏∑÷Œˆ, menu, views/devices/analysis/index.vue, a0000000-0000-0000-0000-000000000002
<==        Row: e581b25f-2ece-4e03-a699-fdcda56032fc, DeviceMaintenance, …Ë±∏Œ¨ª§, menu, views/devices/maintenance/index.vue, a0000000-0000-0000-0000-000000000002
<==        Row: 1f4005b9-f074-43c6-a057-6538d3b12387, DeviceMonitor, …Ë±∏º‡øÿ, menu, views/devices/monitor/index.vue, a0000000-0000-0000-0000-000000000002
<==        Row: 9530a5b3-2d46-4d23-a7a1-87514bd48bf4, DeviceOverview, …Ë±∏∏≈¿¿, menu, views/devices/overview.vue, a0000000-0000-0000-0000-000000000002
<==        Row: 2e3a0e1f-11f7-421a-a5f4-a44bcada8b1f, ProjectReports, œÓƒø±®∏Ê, menu, views/projects/reports/index.vue, a0000000-0000-0000-0000-000000000003
<==        Row: 3fd7d924-e847-48f8-baa7-afb7490a8f9a, ProjectOverview, œÓƒø∏≈¿¿, menu, views/projects/overview.vue, a0000000-0000-0000-0000-000000000003
<==        Row: 8991596b-0b28-4a46-9cbb-066c9e0d3771, ProjectInfo, œÓƒø–≈œ¢, menu, views/projects/info/index.vue, a0000000-0000-0000-0000-000000000003
<==        Row: 1923ac78-584b-4ad5-b1b4-6df7051562e6, ProjectTasks, œÓƒø»ŒŒÒ, menu, views/projects/tasks/index.vue, a0000000-0000-0000-0000-000000000003
<==        Row: b9c89db0-7802-4241-9c9b-10940d0fb037, ProjectMethods, ◊˜“µ∑Ω∑®, menu, views/projects/methods/index.vue, a0000000-0000-0000-0000-000000000003
<==        Row: 2c9139a4-0a5e-4fff-ab73-f06d54155426, ProjectProgress, œÓƒøΩ¯∂», menu, views/projects/progress/index.vue, a0000000-0000-0000-0000-000000000003
<==        Row: c320c6b0-eea1-4d35-80a2-57d8ed750d98, ProjectLogs, œÓƒø»’÷æ, menu, views/projects/logs/index.vue, a0000000-0000-0000-0000-000000000003
<==        Row: 803dd4f5-af9a-45df-a503-e43a3e8cd720, DataTasks,  ˝æ›»ŒŒÒ, menu, views/data/tasks/index.vue, a0000000-0000-0000-0000-000000000004
<==        Row: 60e16502-1f57-496a-aa93-8c2df7adc4d0, DataOverview,  ˝æ›∏≈¿¿, menu, views/data/overview.vue, a0000000-0000-0000-0000-000000000004
<==        Row: 4036a134-c1ca-4322-b327-1491903e973e, DataQuality,  ˝æ›÷ ¡ø, menu, views/data/quality/index.vue, a0000000-0000-0000-0000-000000000004
<==        Row: da58c221-edbd-4e97-aab4-69393829ca3a, DataPreview,  ˝æ›‘§¿¿, menu, views/data/preview.vue, a0000000-0000-0000-0000-000000000004
<==        Row: 7f1b9477-78c4-44ba-b804-c4cf5b179e6d, StatisticsClassification, Õ≥º∆∑÷¿‡, menu, views/statistics/classification/index.vue, a0000000-0000-0000-0000-000000000005
<==        Row: 6166f363-019f-4b7a-888a-0276423b5770, StatisticsOverview, Õ≥º∆∏≈¿¿, menu, views/statistics/overview.vue, a0000000-0000-0000-0000-000000000005
<==        Row: cc895f41-89d5-491a-a6e9-86eabac32c60, StatisticsDisplay, Õ≥º∆’π æ, menu, views/statistics/display/index.vue, a0000000-0000-0000-0000-000000000005
<==        Row: f282d39c-4905-4eaa-b5df-d6deb01a949f, device:register:edit, edit_device, button, null, 1126d3e3-dd49-4422-b0e0-94a5762a2a25
<==        Row: ee6c10ee-1d50-4810-841a-64f79fef27e9, device:register:add, add_device, button, null, 1126d3e3-dd49-4422-b0e0-94a5762a2a25
<==        Row: fe6267c0-aedb-4262-94e3-cc9efc6cab6e, device:register:delete, delete_device, button, null, 1126d3e3-dd49-4422-b0e0-94a5762a2a25
<==      Total: 42
Closing non transactional SqlSession [org.apache.ibatis.session.defaults.DefaultSqlSession@5d8836e4]
Creating a new SqlSession
SqlSession [org.apache.ibatis.session.defaults.DefaultSqlSession@16b1b71c] was not registered for synchronization because synchronization is not active
JDBC Connection [HikariProxyConnection@133181303 wrapping org.postgresql.jdbc.PgConnection@77d0a23d] will not be managed by Spring
==>  Preparing: SELECT role_code FROM user_roles WHERE user_uuid = CAST(? AS uuid) LIMIT 1
==> Parameters: f32dab2c-1da9-472e-944c-ff9fadf0b6b4(String)
<==    Columns: role_code
<==        Row: admin
<==      Total: 1
Closing non transactional SqlSession [org.apache.ibatis.session.defaults.DefaultSqlSession@16b1b71c]
[31m2026-05-31 19:59:20.223[0;39m [33m[http-nio-9966-exec-5][0;39m [34mINFO [0;39m [32mc.g.dsp.module.login.service.impl.LoginServiceImpl[0;39m - Áî®Êà∑ test001 ÁôªÂΩïÊàêÂäü
[31m2026-05-31 19:59:20.223[0;39m [33m[http-nio-9966-exec-5][0;39m [39mDEBUG[0;39m [32mo.s.w.s.m.m.a.RequestResponseBodyMethodProcessor[0;39m - Using 'application/json', given [*/*] and supported [application/json, application/*+json]
[31m2026-05-31 19:59:20.223[0;39m [33m[http-nio-9966-exec-5][0;39m [39mDEBUG[0;39m [32mo.s.w.s.m.m.a.RequestResponseBodyMethodProcessor[0;39m - Writing [com.geo.dsp.common.result.Result@1bd3067b]
[31m2026-05-31 19:59:20.224[0;39m [33m[http-nio-9966-exec-5][0;39m [39mDEBUG[0;39m [32morg.springframework.web.servlet.DispatcherServlet[0;39m - Completed 200 OK
[31m2026-05-31 19:59:25.097[0;39m [33m[http-nio-9966-exec-7][0;39m [39mDEBUG[0;39m [32morg.springframework.web.servlet.DispatcherServlet[0;39m - POST "/geo/api/user/login", parameters={}
[31m2026-05-31 19:59:25.097[0;39m [33m[http-nio-9966-exec-7][0;39m [39mDEBUG[0;39m [32mo.s.w.s.m.m.a.RequestMappingHandlerMapping[0;39m - Mapped to com.geo.dsp.module.login.controller.LoginController#login(LoginDTO)
[31m2026-05-31 19:59:25.098[0;39m [33m[http-nio-9966-exec-7][0;39m [39mDEBUG[0;39m [32mo.s.w.s.m.m.a.RequestResponseBodyMethodProcessor[0;39m - Read "application/json;charset=UTF-8" to [LoginDTO(account=test001, password=123456, smsCode=null, loginType=1)]
Creating a new SqlSession
SqlSession [org.apache.ibatis.session.defaults.DefaultSqlSession@186102ea] was not registered for synchronization because synchronization is not active
JDBC Connection [HikariProxyConnection@789003089 wrapping org.postgresql.jdbc.PgConnection@77d0a23d] will not be managed by Spring
==>  Preparing: SELECT id, uuid, user_name, account, password, email, phone_num, user_type, status, image_id, create_by, create_time, update_by, update_time, is_del, note, sex FROM users WHERE account = ? AND is_del = false
==> Parameters: test001(String)
<==    Columns: id, uuid, user_name, account, password, email, phone_num, user_type, status, image_id, create_by, create_time, update_by, update_time, is_del, note, sex
<==        Row: 16, f32dab2c-1da9-472e-944c-ff9fadf0b6b4, ≤‚ ‘”√ªß, test001, $2a$10$j3yM2CwdNz3u7K5f/pXyGe3KIyECGMXJw9rcDue2Pwcs8JG85AY1q, test@qq.com, 13800138000, 3, 1, null, 64, 2026-05-12 12:34:15.617474+08, 1, 2026-05-31 19:34:24.661532+08, f, null, null
<==      Total: 1
Closing non transactional SqlSession [org.apache.ibatis.session.defaults.DefaultSqlSession@186102ea]
Creating a new SqlSession
SqlSession [org.apache.ibatis.session.defaults.DefaultSqlSession@55f6d58b] was not registered for synchronization because synchronization is not active
JDBC Connection [HikariProxyConnection@944150036 wrapping org.postgresql.jdbc.PgConnection@77d0a23d] will not be managed by Spring
==>  Preparing: SELECT role_code FROM user_roles WHERE user_uuid = CAST(? AS uuid) LIMIT 1
==> Parameters: f32dab2c-1da9-472e-944c-ff9fadf0b6b4(String)
<==    Columns: role_code
<==        Row: admin
<==      Total: 1
Closing non transactional SqlSession [org.apache.ibatis.session.defaults.DefaultSqlSession@55f6d58b]
Creating a new SqlSession
SqlSession [org.apache.ibatis.session.defaults.DefaultSqlSession@2820b5a4] was not registered for synchronization because synchronization is not active
JDBC Connection [HikariProxyConnection@1047256642 wrapping org.postgresql.jdbc.PgConnection@77d0a23d] will not be managed by Spring
==>  Preparing: SELECT id FROM roles WHERE role_code = ? AND is_del = false
==> Parameters: admin(String)
<==    Columns: id
<==        Row: 21
<==      Total: 1
Closing non transactional SqlSession [org.apache.ibatis.session.defaults.DefaultSqlSession@2820b5a4]
Creating a new SqlSession
SqlSession [org.apache.ibatis.session.defaults.DefaultSqlSession@5d521e89] was not registered for synchronization because synchronization is not active
JDBC Connection [HikariProxyConnection@1370014977 wrapping org.postgresql.jdbc.PgConnection@77d0a23d] will not be managed by Spring
==>  Preparing: SELECT p.permission_code FROM permissions p INNER JOIN role_permis rp ON rp.permission_id = p.id WHERE rp.role_id = ? AND p.is_del = false
==> Parameters: 21(Long)
<==    Columns: permission_code
<==        Row: System
<==        Row: Device
<==        Row: Project
<==        Row: Data
<==        Row: Statistics
<==        Row: DataAnalysis
<==        Row: GisMap
<==        Row: Profile
<==        Row: SystemOverview
<==        Row: SystemUsers
<==        Row: SystemRoles
<==        Row: SystemPermission
<==        Row: admin:all
<==        Row: Dictionary
<==        Row: DictionaryData
<==        Row: SystemOperator
<==        Row: SystemLogs
<==        Row: SystemSettings
<==        Row: EnterpriseManagement
<==        Row: DeviceOverview
<==        Row: DeviceRegister
<==        Row: DeviceMonitor
<==        Row: DeviceMaintenance
<==        Row: DeviceAnalysis
<==        Row: DeviceAntenna
<==        Row: ProjectOverview
<==        Row: ProjectInfo
<==        Row: ProjectTasks
<==        Row: ProjectMethods
<==        Row: ProjectProgress
<==        Row: ProjectLogs
<==        Row: ProjectReports
<==        Row: DataOverview
<==        Row: DataQuality
<==        Row: DataTasks
<==        Row: DataPreview
<==        Row: StatisticsOverview
<==        Row: StatisticsClassification
<==        Row: StatisticsDisplay
<==        Row: device:register:add
<==        Row: device:register:edit
<==        Row: device:register:delete
<==      Total: 42
Closing non transactional SqlSession [org.apache.ibatis.session.defaults.DefaultSqlSession@5d521e89]
Creating a new SqlSession
SqlSession [org.apache.ibatis.session.defaults.DefaultSqlSession@7c08c705] was not registered for synchronization because synchronization is not active
JDBC Connection [HikariProxyConnection@477204232 wrapping org.postgresql.jdbc.PgConnection@77d0a23d] will not be managed by Spring
==>  Preparing: SELECT p.uuid, p.permission_code AS permissionCode, p.permission_name AS permissionName, p.permission_type AS permissionType, p.component_path AS componentPath, p.parent_uuid AS parentPermission FROM permissions p INNER JOIN role_permis rp ON rp.permission_id = p.id INNER JOIN user_roles ur ON ur.role_code = (SELECT role_code FROM roles WHERE id = rp.role_id) WHERE ur.user_uuid = CAST(? AS uuid) AND p.is_del = false ORDER BY p.create_time ASC
==> Parameters: f32dab2c-1da9-472e-944c-ff9fadf0b6b4(String)
<==    Columns: uuid, permissioncode, permissionname, permissiontype, componentpath, parentpermission
<==        Row: 8bfa14fe-7acb-43e0-9fdb-aa17f96f8302, admin:all, »´≤øπ‹¿Ì»®œﬁ, menu, null, null
<==        Row: a0000000-0000-0000-0000-000000000003, Project, œÓƒøπ‹¿Ì, menu, views/projects/index.vue, null
<==        Row: a0000000-0000-0000-0000-000000000004, Data,  ˝æ›π‹¿Ì, menu, views/data/index.vue, null
<==        Row: a0000000-0000-0000-0000-000000000001, System, œµÕ≥π‹¿Ì, menu, views/system/index.vue, null
<==        Row: a0000000-0000-0000-0000-000000000005, Statistics, Õ≥º∆∑÷Œˆ, menu, views/statistics/index.vue, null
<==        Row: a0000000-0000-0000-0000-000000000006, DataAnalysis,  ˝æ›∑÷Œˆ, menu, views/data-analysis/index.vue, null
<==        Row: a0000000-0000-0000-0000-000000000007, GisMap, GISµÿÕº, menu, views/gis-map/index.vue, null
<==        Row: a0000000-0000-0000-0000-000000000008, Profile, ∏ˆ»À÷––ƒ, menu, views/profile/index.vue, null
<==        Row: a0000000-0000-0000-0000-000000000002, Device, …Ë±∏π‹¿Ì, menu, views/devices/index.vue, null
<==        Row: 1b6276e8-9cfb-4560-8e1f-0d684e9d9d29, SystemLogs, »’÷æπ‹¿Ì, menu, views/system/logs/index.vue, a0000000-0000-0000-0000-000000000001
<==        Row: 7fa2a341-221c-41e5-ac55-5e0dd55603ed, SystemOverview, œµÕ≥∏≈¿¿, menu, views/system/overview.vue, a0000000-0000-0000-0000-000000000001
<==        Row: 3863c388-7a30-41aa-8e49-a4aaf7654a25, SystemUsers, ”√ªßπ‹¿Ì, menu, views/system/users/index.vue, a0000000-0000-0000-0000-000000000001
<==        Row: 95b44be6-527b-426b-a74a-59247155cd0d, SystemRoles, Ω«…´π‹¿Ì, menu, views/system/roles/index.vue, a0000000-0000-0000-0000-000000000001
<==        Row: e9f65f25-70bc-487b-babe-7589fc471ec9, SystemPermission, »®œﬁπ‹¿Ì, menu, views/system/permission/index.vue, a0000000-0000-0000-0000-000000000001
<==        Row: a8ccfa8a-e1fe-4e34-9deb-f4f7caebaf72, EnterpriseManagement, ∆Û“µπ‹¿Ì, menu, views/system/enterprise/index.vue, a0000000-0000-0000-0000-000000000001
<==        Row: 5ff2c4c9-de8f-4710-97d8-35c3add1e47b, SystemSettings, ≈‰÷√π‹¿Ì, menu, views/system/settings/index.vue, a0000000-0000-0000-0000-000000000001
<==        Row: 4e7fda28-6dc1-45a8-9163-5b292dd50cd5, Dictionary, ◊÷µ‰π‹¿Ì, menu, views/system/dictionary/index.vue, a0000000-0000-0000-0000-000000000001
<==        Row: 1d0c83fc-40ab-4712-b186-dba5b9d567b4, DictionaryData, ◊÷µ‰ ˝æ›π‹¿Ì, menu, views/system/dictionary/data.vue, a0000000-0000-0000-0000-000000000001
<==        Row: 2ba4c4b9-a7f2-4306-82ba-703d0d8405de, SystemOperator, ≤Ÿ◊˜‘±π‹¿Ì, menu, views/system/operator/index.vue, a0000000-0000-0000-0000-000000000001
<==        Row: 1126d3e3-dd49-4422-b0e0-94a5762a2a25, DeviceRegister, …Ë±∏µ«º«, menu, views/devices/register/index.vue, a0000000-0000-0000-0000-000000000002
<==        Row: 29ccc09d-ee12-452e-a61e-b3145125dd94, DeviceAntenna, ÃÏœﬂ…Ë±∏Œ¨ª§, menu, views/devices/antenna/index.vue, a0000000-0000-0000-0000-000000000002
<==        Row: 28fa7dcd-86b8-47a2-9285-1d34b7bf046f, DeviceAnalysis, …Ë±∏∑÷Œˆ, menu, views/devices/analysis/index.vue, a0000000-0000-0000-0000-000000000002
<==        Row: e581b25f-2ece-4e03-a699-fdcda56032fc, DeviceMaintenance, …Ë±∏Œ¨ª§, menu, views/devices/maintenance/index.vue, a0000000-0000-0000-0000-000000000002
<==        Row: 1f4005b9-f074-43c6-a057-6538d3b12387, DeviceMonitor, …Ë±∏º‡øÿ, menu, views/devices/monitor/index.vue, a0000000-0000-0000-0000-000000000002
<==        Row: 9530a5b3-2d46-4d23-a7a1-87514bd48bf4, DeviceOverview, …Ë±∏∏≈¿¿, menu, views/devices/overview.vue, a0000000-0000-0000-0000-000000000002
<==        Row: 2e3a0e1f-11f7-421a-a5f4-a44bcada8b1f, ProjectReports, œÓƒø±®∏Ê, menu, views/projects/reports/index.vue, a0000000-0000-0000-0000-000000000003
<==        Row: 3fd7d924-e847-48f8-baa7-afb7490a8f9a, ProjectOverview, œÓƒø∏≈¿¿, menu, views/projects/overview.vue, a0000000-0000-0000-0000-000000000003
<==        Row: 8991596b-0b28-4a46-9cbb-066c9e0d3771, ProjectInfo, œÓƒø–≈œ¢, menu, views/projects/info/index.vue, a0000000-0000-0000-0000-000000000003
<==        Row: 1923ac78-584b-4ad5-b1b4-6df7051562e6, ProjectTasks, œÓƒø»ŒŒÒ, menu, views/projects/tasks/index.vue, a0000000-0000-0000-0000-000000000003
<==        Row: b9c89db0-7802-4241-9c9b-10940d0fb037, ProjectMethods, ◊˜“µ∑Ω∑®, menu, views/projects/methods/index.vue, a0000000-0000-0000-0000-000000000003
<==        Row: 2c9139a4-0a5e-4fff-ab73-f06d54155426, ProjectProgress, œÓƒøΩ¯∂», menu, views/projects/progress/index.vue, a0000000-0000-0000-0000-000000000003
<==        Row: c320c6b0-eea1-4d35-80a2-57d8ed750d98, ProjectLogs, œÓƒø»’÷æ, menu, views/projects/logs/index.vue, a0000000-0000-0000-0000-000000000003
<==        Row: 803dd4f5-af9a-45df-a503-e43a3e8cd720, DataTasks,  ˝æ›»ŒŒÒ, menu, views/data/tasks/index.vue, a0000000-0000-0000-0000-000000000004
<==        Row: 60e16502-1f57-496a-aa93-8c2df7adc4d0, DataOverview,  ˝æ›∏≈¿¿, menu, views/data/overview.vue, a0000000-0000-0000-0000-000000000004
<==        Row: 4036a134-c1ca-4322-b327-1491903e973e, DataQuality,  ˝æ›÷ ¡ø, menu, views/data/quality/index.vue, a0000000-0000-0000-0000-000000000004
<==        Row: da58c221-edbd-4e97-aab4-69393829ca3a, DataPreview,  ˝æ›‘§¿¿, menu, views/data/preview.vue, a0000000-0000-0000-0000-000000000004
<==        Row: 7f1b9477-78c4-44ba-b804-c4cf5b179e6d, StatisticsClassification, Õ≥º∆∑÷¿‡, menu, views/statistics/classification/index.vue, a0000000-0000-0000-0000-000000000005
<==        Row: 6166f363-019f-4b7a-888a-0276423b5770, StatisticsOverview, Õ≥º∆∏≈¿¿, menu, views/statistics/overview.vue, a0000000-0000-0000-0000-000000000005
<==        Row: cc895f41-89d5-491a-a6e9-86eabac32c60, StatisticsDisplay, Õ≥º∆’π æ, menu, views/statistics/display/index.vue, a0000000-0000-0000-0000-000000000005
<==        Row: f282d39c-4905-4eaa-b5df-d6deb01a949f, device:register:edit, edit_device, button, null, 1126d3e3-dd49-4422-b0e0-94a5762a2a25
<==        Row: ee6c10ee-1d50-4810-841a-64f79fef27e9, device:register:add, add_device, button, null, 1126d3e3-dd49-4422-b0e0-94a5762a2a25
<==        Row: fe6267c0-aedb-4262-94e3-cc9efc6cab6e, device:register:delete, delete_device, button, null, 1126d3e3-dd49-4422-b0e0-94a5762a2a25
<==      Total: 42
Closing non transactional SqlSession [org.apache.ibatis.session.defaults.DefaultSqlSession@7c08c705]
Creating a new SqlSession
SqlSession [org.apache.ibatis.session.defaults.DefaultSqlSession@519a7c59] was not registered for synchronization because synchronization is not active
JDBC Connection [HikariProxyConnection@1183660966 wrapping org.postgresql.jdbc.PgConnection@77d0a23d] will not be managed by Spring
==>  Preparing: SELECT role_code FROM user_roles WHERE user_uuid = CAST(? AS uuid) LIMIT 1
==> Parameters: f32dab2c-1da9-472e-944c-ff9fadf0b6b4(String)
<==    Columns: role_code
<==        Row: admin
<==      Total: 1
Closing non transactional SqlSession [org.apache.ibatis.session.defaults.DefaultSqlSession@519a7c59]
[31m2026-05-31 19:59:25.154[0;39m [33m[http-nio-9966-exec-7][0;39m [34mINFO [0;39m [32mc.g.dsp.module.login.service.impl.LoginServiceImpl[0;39m - Áî®Êà∑ test001 ÁôªÂΩïÊàêÂäü
[31m2026-05-31 19:59:25.155[0;39m [33m[http-nio-9966-exec-7][0;39m [39mDEBUG[0;39m [32mo.s.w.s.m.m.a.RequestResponseBodyMethodProcessor[0;39m - Using 'application/json', given [*/*] and supported [application/json, application/*+json]
[31m2026-05-31 19:59:25.155[0;39m [33m[http-nio-9966-exec-7][0;39m [39mDEBUG[0;39m [32mo.s.w.s.m.m.a.RequestResponseBodyMethodProcessor[0;39m - Writing [com.geo.dsp.common.result.Result@7c07fc9d]
[31m2026-05-31 19:59:25.155[0;39m [33m[http-nio-9966-exec-7][0;39m [39mDEBUG[0;39m [32morg.springframework.web.servlet.DispatcherServlet[0;39m - Completed 200 OK
[31m2026-05-31 19:59:25.197[0;39m [33m[http-nio-9966-exec-6][0;39m [39mDEBUG[0;39m [32mcom.geo.dsp.filter.JwtAuthenticationFilter[0;39m - JWT Token ËÆ§ËØÅÊàêÂäüÔºåÁî®Êà∑: test001
[31m2026-05-31 19:59:25.197[0;39m [33m[http-nio-9966-exec-6][0;39m [39mDEBUG[0;39m [32morg.springframework.web.servlet.DispatcherServlet[0;39m - GET "/geo/api/system/roles/all", parameters={}
[31m2026-05-31 19:59:25.197[0;39m [33m[http-nio-9966-exec-6][0;39m [39mDEBUG[0;39m [32mo.s.w.s.m.m.a.RequestMappingHandlerMapping[0;39m - Mapped to com.geo.dsp.module.privilege.controller.RoleController#getAllRoles()
Creating a new SqlSession
SqlSession [org.apache.ibatis.session.defaults.DefaultSqlSession@88d13b0] was not registered for synchronization because synchronization is not active
JDBC Connection [HikariProxyConnection@1677982329 wrapping org.postgresql.jdbc.PgConnection@1bbebf4b] will not be managed by Spring
==>  Preparing: SELECT id, uuid, role_name, role_code, role_desc, status, create_time FROM roles WHERE is_del = false ORDER BY create_time ASC
==> Parameters: 
<==    Columns: id, uuid, role_name, role_code, role_desc, status, create_time
<==        Row: 21, f457afff-e2b9-4131-ac8b-4319a7dd2bf0, π‹¿Ì‘±, admin, null, null, 2026-05-12 12:42:30.374565+08
<==        Row: 25, 90fe1809-1533-4a46-a3e8-2aca3aa39e68, test_role, test_role, test, 1, 2026-05-31 19:58:50.518135+08
<==      Total: 2
Closing non transactional SqlSession [org.apache.ibatis.session.defaults.DefaultSqlSession@88d13b0]
[31m2026-05-31 19:59:25.200[0;39m [33m[http-nio-9966-exec-6][0;39m [39mDEBUG[0;39m [32mo.s.w.s.m.m.a.RequestResponseBodyMethodProcessor[0;39m - Using 'application/json', given [*/*] and supported [application/json, application/*+json]
[31m2026-05-31 19:59:25.200[0;39m [33m[http-nio-9966-exec-6][0;39m [39mDEBUG[0;39m [32mo.s.w.s.m.m.a.RequestResponseBodyMethodProcessor[0;39m - Writing [com.geo.dsp.common.result.Result@22044208]
[31m2026-05-31 19:59:25.201[0;39m [33m[http-nio-9966-exec-6][0;39m [39mDEBUG[0;39m [32morg.springframework.web.servlet.DispatcherServlet[0;39m - Completed 200 OK
[31m2026-05-31 19:59:29.485[0;39m [33m[http-nio-9966-exec-8][0;39m [39mDEBUG[0;39m [32morg.springframework.web.servlet.DispatcherServlet[0;39m - POST "/geo/api/user/login", parameters={}
[31m2026-05-31 19:59:29.485[0;39m [33m[http-nio-9966-exec-8][0;39m [39mDEBUG[0;39m [32mo.s.w.s.m.m.a.RequestMappingHandlerMapping[0;39m - Mapped to com.geo.dsp.module.login.controller.LoginController#login(LoginDTO)
[31m2026-05-31 19:59:29.485[0;39m [33m[http-nio-9966-exec-8][0;39m [39mDEBUG[0;39m [32mo.s.w.s.m.m.a.RequestResponseBodyMethodProcessor[0;39m - Read "application/json;charset=UTF-8" to [LoginDTO(account=test001, password=123456, smsCode=null, loginType=1)]
Creating a new SqlSession
SqlSession [org.apache.ibatis.session.defaults.DefaultSqlSession@32460692] was not registered for synchronization because synchronization is not active
JDBC Connection [HikariProxyConnection@277832123 wrapping org.postgresql.jdbc.PgConnection@77d0a23d] will not be managed by Spring
==>  Preparing: SELECT id, uuid, user_name, account, password, email, phone_num, user_type, status, image_id, create_by, create_time, update_by, update_time, is_del, note, sex FROM users WHERE account = ? AND is_del = false
==> Parameters: test001(String)
<==    Columns: id, uuid, user_name, account, password, email, phone_num, user_type, status, image_id, create_by, create_time, update_by, update_time, is_del, note, sex
<==        Row: 16, f32dab2c-1da9-472e-944c-ff9fadf0b6b4, ≤‚ ‘”√ªß, test001, $2a$10$j3yM2CwdNz3u7K5f/pXyGe3KIyECGMXJw9rcDue2Pwcs8JG85AY1q, test@qq.com, 13800138000, 3, 1, null, 64, 2026-05-12 12:34:15.617474+08, 1, 2026-05-31 19:34:24.661532+08, f, null, null
<==      Total: 1
Closing non transactional SqlSession [org.apache.ibatis.session.defaults.DefaultSqlSession@32460692]
Creating a new SqlSession
SqlSession [org.apache.ibatis.session.defaults.DefaultSqlSession@1b863d1b] was not registered for synchronization because synchronization is not active
JDBC Connection [HikariProxyConnection@622169648 wrapping org.postgresql.jdbc.PgConnection@77d0a23d] will not be managed by Spring
==>  Preparing: SELECT role_code FROM user_roles WHERE user_uuid = CAST(? AS uuid) LIMIT 1
==> Parameters: f32dab2c-1da9-472e-944c-ff9fadf0b6b4(String)
<==    Columns: role_code
<==        Row: admin
<==      Total: 1
Closing non transactional SqlSession [org.apache.ibatis.session.defaults.DefaultSqlSession@1b863d1b]
Creating a new SqlSession
SqlSession [org.apache.ibatis.session.defaults.DefaultSqlSession@27656e96] was not registered for synchronization because synchronization is not active
JDBC Connection [HikariProxyConnection@1284264312 wrapping org.postgresql.jdbc.PgConnection@77d0a23d] will not be managed by Spring
==>  Preparing: SELECT id FROM roles WHERE role_code = ? AND is_del = false
==> Parameters: admin(String)
<==    Columns: id
<==        Row: 21
<==      Total: 1
Closing non transactional SqlSession [org.apache.ibatis.session.defaults.DefaultSqlSession@27656e96]
Creating a new SqlSession
SqlSession [org.apache.ibatis.session.defaults.DefaultSqlSession@66c8d317] was not registered for synchronization because synchronization is not active
JDBC Connection [HikariProxyConnection@1864742384 wrapping org.postgresql.jdbc.PgConnection@77d0a23d] will not be managed by Spring
==>  Preparing: SELECT p.permission_code FROM permissions p INNER JOIN role_permis rp ON rp.permission_id = p.id WHERE rp.role_id = ? AND p.is_del = false
==> Parameters: 21(Long)
<==    Columns: permission_code
<==        Row: System
<==        Row: Device
<==        Row: Project
<==        Row: Data
<==        Row: Statistics
<==        Row: DataAnalysis
<==        Row: GisMap
<==        Row: Profile
<==        Row: SystemOverview
<==        Row: SystemUsers
<==        Row: SystemRoles
<==        Row: SystemPermission
<==        Row: admin:all
<==        Row: Dictionary
<==        Row: DictionaryData
<==        Row: SystemOperator
<==        Row: SystemLogs
<==        Row: SystemSettings
<==        Row: EnterpriseManagement
<==        Row: DeviceOverview
<==        Row: DeviceRegister
<==        Row: DeviceMonitor
<==        Row: DeviceMaintenance
<==        Row: DeviceAnalysis
<==        Row: DeviceAntenna
<==        Row: ProjectOverview
<==        Row: ProjectInfo
<==        Row: ProjectTasks
<==        Row: ProjectMethods
<==        Row: ProjectProgress
<==        Row: ProjectLogs
<==        Row: ProjectReports
<==        Row: DataOverview
<==        Row: DataQuality
<==        Row: DataTasks
<==        Row: DataPreview
<==        Row: StatisticsOverview
<==        Row: StatisticsClassification
<==        Row: StatisticsDisplay
<==        Row: device:register:add
<==        Row: device:register:edit
<==        Row: device:register:delete
<==      Total: 42
Closing non transactional SqlSession [org.apache.ibatis.session.defaults.DefaultSqlSession@66c8d317]
Creating a new SqlSession
SqlSession [org.apache.ibatis.session.defaults.DefaultSqlSession@6338675c] was not registered for synchronization because synchronization is not active
JDBC Connection [HikariProxyConnection@1293020626 wrapping org.postgresql.jdbc.PgConnection@77d0a23d] will not be managed by Spring
==>  Preparing: SELECT p.uuid, p.permission_code AS permissionCode, p.permission_name AS permissionName, p.permission_type AS permissionType, p.component_path AS componentPath, p.parent_uuid AS parentPermission FROM permissions p INNER JOIN role_permis rp ON rp.permission_id = p.id INNER JOIN user_roles ur ON ur.role_code = (SELECT role_code FROM roles WHERE id = rp.role_id) WHERE ur.user_uuid = CAST(? AS uuid) AND p.is_del = false ORDER BY p.create_time ASC
==> Parameters: f32dab2c-1da9-472e-944c-ff9fadf0b6b4(String)
<==    Columns: uuid, permissioncode, permissionname, permissiontype, componentpath, parentpermission
<==        Row: 8bfa14fe-7acb-43e0-9fdb-aa17f96f8302, admin:all, »´≤øπ‹¿Ì»®œﬁ, menu, null, null
<==        Row: a0000000-0000-0000-0000-000000000003, Project, œÓƒøπ‹¿Ì, menu, views/projects/index.vue, null
<==        Row: a0000000-0000-0000-0000-000000000004, Data,  ˝æ›π‹¿Ì, menu, views/data/index.vue, null
<==        Row: a0000000-0000-0000-0000-000000000001, System, œµÕ≥π‹¿Ì, menu, views/system/index.vue, null
<==        Row: a0000000-0000-0000-0000-000000000005, Statistics, Õ≥º∆∑÷Œˆ, menu, views/statistics/index.vue, null
<==        Row: a0000000-0000-0000-0000-000000000006, DataAnalysis,  ˝æ›∑÷Œˆ, menu, views/data-analysis/index.vue, null
<==        Row: a0000000-0000-0000-0000-000000000007, GisMap, GISµÿÕº, menu, views/gis-map/index.vue, null
<==        Row: a0000000-0000-0000-0000-000000000008, Profile, ∏ˆ»À÷––ƒ, menu, views/profile/index.vue, null
<==        Row: a0000000-0000-0000-0000-000000000002, Device, …Ë±∏π‹¿Ì, menu, views/devices/index.vue, null
<==        Row: 1b6276e8-9cfb-4560-8e1f-0d684e9d9d29, SystemLogs, »’÷æπ‹¿Ì, menu, views/system/logs/index.vue, a0000000-0000-0000-0000-000000000001
<==        Row: 7fa2a341-221c-41e5-ac55-5e0dd55603ed, SystemOverview, œµÕ≥∏≈¿¿, menu, views/system/overview.vue, a0000000-0000-0000-0000-000000000001
<==        Row: 3863c388-7a30-41aa-8e49-a4aaf7654a25, SystemUsers, ”√ªßπ‹¿Ì, menu, views/system/users/index.vue, a0000000-0000-0000-0000-000000000001
<==        Row: 95b44be6-527b-426b-a74a-59247155cd0d, SystemRoles, Ω«…´π‹¿Ì, menu, views/system/roles/index.vue, a0000000-0000-0000-0000-000000000001
<==        Row: e9f65f25-70bc-487b-babe-7589fc471ec9, SystemPermission, »®œﬁπ‹¿Ì, menu, views/system/permission/index.vue, a0000000-0000-0000-0000-000000000001
<==        Row: a8ccfa8a-e1fe-4e34-9deb-f4f7caebaf72, EnterpriseManagement, ∆Û“µπ‹¿Ì, menu, views/system/enterprise/index.vue, a0000000-0000-0000-0000-000000000001
<==        Row: 5ff2c4c9-de8f-4710-97d8-35c3add1e47b, SystemSettings, ≈‰÷√π‹¿Ì, menu, views/system/settings/index.vue, a0000000-0000-0000-0000-000000000001
<==        Row: 4e7fda28-6dc1-45a8-9163-5b292dd50cd5, Dictionary, ◊÷µ‰π‹¿Ì, menu, views/system/dictionary/index.vue, a0000000-0000-0000-0000-000000000001
<==        Row: 1d0c83fc-40ab-4712-b186-dba5b9d567b4, DictionaryData, ◊÷µ‰ ˝æ›π‹¿Ì, menu, views/system/dictionary/data.vue, a0000000-0000-0000-0000-000000000001
<==        Row: 2ba4c4b9-a7f2-4306-82ba-703d0d8405de, SystemOperator, ≤Ÿ◊˜‘±π‹¿Ì, menu, views/system/operator/index.vue, a0000000-0000-0000-0000-000000000001
<==        Row: 1126d3e3-dd49-4422-b0e0-94a5762a2a25, DeviceRegister, …Ë±∏µ«º«, menu, views/devices/register/index.vue, a0000000-0000-0000-0000-000000000002
<==        Row: 29ccc09d-ee12-452e-a61e-b3145125dd94, DeviceAntenna, ÃÏœﬂ…Ë±∏Œ¨ª§, menu, views/devices/antenna/index.vue, a0000000-0000-0000-0000-000000000002
<==        Row: 28fa7dcd-86b8-47a2-9285-1d34b7bf046f, DeviceAnalysis, …Ë±∏∑÷Œˆ, menu, views/devices/analysis/index.vue, a0000000-0000-0000-0000-000000000002
<==        Row: e581b25f-2ece-4e03-a699-fdcda56032fc, DeviceMaintenance, …Ë±∏Œ¨ª§, menu, views/devices/maintenance/index.vue, a0000000-0000-0000-0000-000000000002
<==        Row: 1f4005b9-f074-43c6-a057-6538d3b12387, DeviceMonitor, …Ë±∏º‡øÿ, menu, views/devices/monitor/index.vue, a0000000-0000-0000-0000-000000000002
<==        Row: 9530a5b3-2d46-4d23-a7a1-87514bd48bf4, DeviceOverview, …Ë±∏∏≈¿¿, menu, views/devices/overview.vue, a0000000-0000-0000-0000-000000000002
<==        Row: 2e3a0e1f-11f7-421a-a5f4-a44bcada8b1f, ProjectReports, œÓƒø±®∏Ê, menu, views/projects/reports/index.vue, a0000000-0000-0000-0000-000000000003
<==        Row: 3fd7d924-e847-48f8-baa7-afb7490a8f9a, ProjectOverview, œÓƒø∏≈¿¿, menu, views/projects/overview.vue, a0000000-0000-0000-0000-000000000003
<==        Row: 8991596b-0b28-4a46-9cbb-066c9e0d3771, ProjectInfo, œÓƒø–≈œ¢, menu, views/projects/info/index.vue, a0000000-0000-0000-0000-000000000003
<==        Row: 1923ac78-584b-4ad5-b1b4-6df7051562e6, ProjectTasks, œÓƒø»ŒŒÒ, menu, views/projects/tasks/index.vue, a0000000-0000-0000-0000-000000000003
<==        Row: b9c89db0-7802-4241-9c9b-10940d0fb037, ProjectMethods, ◊˜“µ∑Ω∑®, menu, views/projects/methods/index.vue, a0000000-0000-0000-0000-000000000003
<==        Row: 2c9139a4-0a5e-4fff-ab73-f06d54155426, ProjectProgress, œÓƒøΩ¯∂», menu, views/projects/progress/index.vue, a0000000-0000-0000-0000-000000000003
<==        Row: c320c6b0-eea1-4d35-80a2-57d8ed750d98, ProjectLogs, œÓƒø»’÷æ, menu, views/projects/logs/index.vue, a0000000-0000-0000-0000-000000000003
<==        Row: 803dd4f5-af9a-45df-a503-e43a3e8cd720, DataTasks,  ˝æ›»ŒŒÒ, menu, views/data/tasks/index.vue, a0000000-0000-0000-0000-000000000004
<==        Row: 60e16502-1f57-496a-aa93-8c2df7adc4d0, DataOverview,  ˝æ›∏≈¿¿, menu, views/data/overview.vue, a0000000-0000-0000-0000-000000000004
<==        Row: 4036a134-c1ca-4322-b327-1491903e973e, DataQuality,  ˝æ›÷ ¡ø, menu, views/data/quality/index.vue, a0000000-0000-0000-0000-000000000004
<==        Row: da58c221-edbd-4e97-aab4-69393829ca3a, DataPreview,  ˝æ›‘§¿¿, menu, views/data/preview.vue, a0000000-0000-0000-0000-000000000004
<==        Row: 7f1b9477-78c4-44ba-b804-c4cf5b179e6d, StatisticsClassification, Õ≥º∆∑÷¿‡, menu, views/statistics/classification/index.vue, a0000000-0000-0000-0000-000000000005
<==        Row: 6166f363-019f-4b7a-888a-0276423b5770, StatisticsOverview, Õ≥º∆∏≈¿¿, menu, views/statistics/overview.vue, a0000000-0000-0000-0000-000000000005
<==        Row: cc895f41-89d5-491a-a6e9-86eabac32c60, StatisticsDisplay, Õ≥º∆’π æ, menu, views/statistics/display/index.vue, a0000000-0000-0000-0000-000000000005
<==        Row: f282d39c-4905-4eaa-b5df-d6deb01a949f, device:register:edit, edit_device, button, null, 1126d3e3-dd49-4422-b0e0-94a5762a2a25
<==        Row: ee6c10ee-1d50-4810-841a-64f79fef27e9, device:register:add, add_device, button, null, 1126d3e3-dd49-4422-b0e0-94a5762a2a25
<==        Row: fe6267c0-aedb-4262-94e3-cc9efc6cab6e, device:register:delete, delete_device, button, null, 1126d3e3-dd49-4422-b0e0-94a5762a2a25
<==      Total: 42
Closing non transactional SqlSession [org.apache.ibatis.session.defaults.DefaultSqlSession@6338675c]
Creating a new SqlSession
SqlSession [org.apache.ibatis.session.defaults.DefaultSqlSession@6d61cf0c] was not registered for synchronization because synchronization is not active
JDBC Connection [HikariProxyConnection@791244133 wrapping org.postgresql.jdbc.PgConnection@77d0a23d] will not be managed by Spring
==>  Preparing: SELECT role_code FROM user_roles WHERE user_uuid = CAST(? AS uuid) LIMIT 1
==> Parameters: f32dab2c-1da9-472e-944c-ff9fadf0b6b4(String)
<==    Columns: role_code
<==        Row: admin
<==      Total: 1
Closing non transactional SqlSession [org.apache.ibatis.session.defaults.DefaultSqlSession@6d61cf0c]
[31m2026-05-31 19:59:29.542[0;39m [33m[http-nio-9966-exec-8][0;39m [34mINFO [0;39m [32mc.g.dsp.module.login.service.impl.LoginServiceImpl[0;39m - Áî®Êà∑ test001 ÁôªÂΩïÊàêÂäü
[31m2026-05-31 19:59:29.543[0;39m [33m[http-nio-9966-exec-8][0;39m [39mDEBUG[0;39m [32mo.s.w.s.m.m.a.RequestResponseBodyMethodProcessor[0;39m - Using 'application/json', given [*/*] and supported [application/json, application/*+json]
[31m2026-05-31 19:59:29.543[0;39m [33m[http-nio-9966-exec-8][0;39m [39mDEBUG[0;39m [32mo.s.w.s.m.m.a.RequestResponseBodyMethodProcessor[0;39m - Writing [com.geo.dsp.common.result.Result@f0bed5b]
[31m2026-05-31 19:59:29.543[0;39m [33m[http-nio-9966-exec-8][0;39m [39mDEBUG[0;39m [32morg.springframework.web.servlet.DispatcherServlet[0;39m - Completed 200 OK
[31m2026-05-31 19:59:29.587[0;39m [33m[http-nio-9966-exec-9][0;39m [39mDEBUG[0;39m [32mcom.geo.dsp.filter.JwtAuthenticationFilter[0;39m - JWT Token ËÆ§ËØÅÊàêÂäüÔºåÁî®Êà∑: test001
[31m2026-05-31 19:59:29.587[0;39m [33m[http-nio-9966-exec-9][0;39m [39mDEBUG[0;39m [32morg.springframework.web.servlet.DispatcherServlet[0;39m - POST "/geo/api/system/permissions/role/save", parameters={}
[31m2026-05-31 19:59:29.587[0;39m [33m[http-nio-9966-exec-9][0;39m [39mDEBUG[0;39m [32mo.s.w.s.m.m.a.RequestMappingHandlerMapping[0;39m - Mapped to com.geo.dsp.module.privilege.controller.PermissionController#saveRolePermissions(Map)
[31m2026-05-31 19:59:29.588[0;39m [33m[http-nio-9966-exec-9][0;39m [39mDEBUG[0;39m [32mo.s.w.s.m.m.a.RequestResponseBodyMethodProcessor[0;39m - Read "application/json;charset=UTF-8" to [{roleUuid=f457afff-e2b9-4131-ac8b-4319a7dd2bf0, permissionCodes=[admin:all]}]
Creating a new SqlSession
Registering transaction synchronization for SqlSession [org.apache.ibatis.session.defaults.DefaultSqlSession@5bbd9966]
JDBC Connection [HikariProxyConnection@2130888694 wrapping org.postgresql.jdbc.PgConnection@77d0a23d] will be managed by Spring
==>  Preparing: SELECT CAST(uuid AS varchar) FROM permissions WHERE permission_code IN ( ? ) AND is_del = false
==> Parameters: admin:all(String)
<==    Columns: uuid
<==        Row: 8bfa14fe-7acb-43e0-9fdb-aa17f96f8302
<==      Total: 1
Releasing transactional SqlSession [org.apache.ibatis.session.defaults.DefaultSqlSession@5bbd9966]
Fetched SqlSession [org.apache.ibatis.session.defaults.DefaultSqlSession@5bbd9966] from current transaction
==>  Preparing: SELECT id FROM roles WHERE uuid = CAST(? AS uuid) AND is_del = false
==> Parameters: f457afff-e2b9-4131-ac8b-4319a7dd2bf0(String)
<==    Columns: id
<==        Row: 21
<==      Total: 1
Releasing transactional SqlSession [org.apache.ibatis.session.defaults.DefaultSqlSession@5bbd9966]
Fetched SqlSession [org.apache.ibatis.session.defaults.DefaultSqlSession@5bbd9966] from current transaction
==>  Preparing: DELETE FROM role_permis WHERE role_id = ?
==> Parameters: 21(Long)
<==    Updates: 44
Releasing transactional SqlSession [org.apache.ibatis.session.defaults.DefaultSqlSession@5bbd9966]
Fetched SqlSession [org.apache.ibatis.session.defaults.DefaultSqlSession@5bbd9966] from current transaction
==>  Preparing: INSERT INTO role_permis ( uuid, company_id, role_id, permission_id, permission_uuid, create_by, update_by, is_del ) VALUES ( ?, ?, ?, ?, ?, ?, ?, ? )
==> Parameters: e4dbe2597e5c4547922f1c01202b171c(String), 1(Long), 21(Long), null, 8bfa14fe-7acb-43e0-9fdb-aa17f96f8302(String), 1(Long), 1(Long), false(Boolean)
Releasing transactional SqlSession [org.apache.ibatis.session.defaults.DefaultSqlSession@5bbd9966]
Transaction synchronization deregistering SqlSession [org.apache.ibatis.session.defaults.DefaultSqlSession@5bbd9966]
Transaction synchronization closing SqlSession [org.apache.ibatis.session.defaults.DefaultSqlSession@5bbd9966]
[31m2026-05-31 19:59:29.622[0;39m [33m[http-nio-9966-exec-9][0;39m [39mDEBUG[0;39m [32mo.s.w.s.m.m.a.ExceptionHandlerExceptionResolver[0;39m - Using @ExceptionHandler com.geo.dsp.common.exception.GlobalExceptionHandler#handleRuntimeException(RuntimeException)
[31m2026-05-31 19:59:29.622[0;39m [33m[http-nio-9966-exec-9][0;39m [1;31mERROR[0;39m [32mc.geo.dsp.common.exception.GlobalExceptionHandler[0;39m - ‰∏öÂä°ÂºÇÂ∏∏: 
### Error updating database.  Cause: org.postgresql.util.PSQLException: ERROR: column "permission_uuid" of relation "role_permis" does not exist
  ‰ΩçÁΩÆÔºö77
### The error may exist in class path resource [mapper/RolePermisMapper.xml]
### The error may involve defaultParameterMap
### The error occurred while setting parameters
### SQL: INSERT INTO role_permis (         uuid, company_id, role_id, permission_id, permission_uuid, create_by, update_by, is_del         ) VALUES                        (             ?, ?, ?,             ?, ?, ?, ?, ?             )
### Cause: org.postgresql.util.PSQLException: ERROR: column "permission_uuid" of relation "role_permis" does not exist
  ‰ΩçÁΩÆÔºö77
; bad SQL grammar []
[31m2026-05-31 19:59:29.623[0;39m [33m[http-nio-9966-exec-9][0;39m [39mDEBUG[0;39m [32mo.s.w.s.m.m.a.RequestResponseBodyMethodProcessor[0;39m - Using 'application/json', given [*/*] and supported [application/json, application/*+json]
[31m2026-05-31 19:59:29.623[0;39m [33m[http-nio-9966-exec-9][0;39m [39mDEBUG[0;39m [32mo.s.w.s.m.m.a.RequestResponseBodyMethodProcessor[0;39m - Writing [com.geo.dsp.common.result.Result@64c2f60a]
[31m2026-05-31 19:59:29.623[0;39m [33m[http-nio-9966-exec-9][0;39m [39mDEBUG[0;39m [32mo.s.w.s.m.m.a.ExceptionHandlerExceptionResolver[0;39m - Resolved [org.springframework.jdbc.BadSqlGrammarException: <EOL><EOL>### Error updating database.  Cause: org.postgresql.util.PSQLException: ERROR: column "permission_uuid" of relation "role_permis" does not exist<EOL>  ‰ΩçÁΩÆÔºö77<EOL><EOL>### The error may exist in class path resource [mapper/RolePermisMapper.xml]<EOL><EOL>### The error may involve defaultParameterMap<EOL><EOL>### The error occurred while setting parameters<EOL><EOL>### SQL: INSERT INTO role_permis (         uuid, company_id, role_id, permission_id, permission_uuid, create_by, update_by, is_del         ) VALUES                        (             ?, ?, ?,             ?, ?, ?, ?, ?             )<EOL><EOL>### Cause: org.postgresql.util.PSQLException: ERROR: column "permission_uuid" of relation "role_permis" does not exist<EOL>  ‰ΩçÁΩÆÔºö77<EOL>; bad SQL grammar []]
[31m2026-05-31 19:59:29.623[0;39m [33m[http-nio-9966-exec-9][0;39m [39mDEBUG[0;39m [32morg.springframework.web.servlet.DispatcherServlet[0;39m - Completed 200 OK
[31m2026-05-31 19:59:29.668[0;39m [33m[http-nio-9966-exec-10][0;39m [39mDEBUG[0;39m [32mcom.geo.dsp.filter.JwtAuthenticationFilter[0;39m - JWT Token ËÆ§ËØÅÊàêÂäüÔºåÁî®Êà∑: test001
[31m2026-05-31 19:59:29.668[0;39m [33m[http-nio-9966-exec-10][0;39m [39mDEBUG[0;39m [32morg.springframework.web.servlet.DispatcherServlet[0;39m - GET "/geo/api/system/permissions/role/f457afff-e2b9-4131-ac8b-4319a7dd2bf0", parameters={}
[31m2026-05-31 19:59:29.668[0;39m [33m[http-nio-9966-exec-10][0;39m [39mDEBUG[0;39m [32mo.s.w.s.m.m.a.RequestMappingHandlerMapping[0;39m - Mapped to com.geo.dsp.module.privilege.controller.PermissionController#getPermissionsByRole(String)
Creating a new SqlSession
SqlSession [org.apache.ibatis.session.defaults.DefaultSqlSession@46a0fe37] was not registered for synchronization because synchronization is not active
JDBC Connection [HikariProxyConnection@1371499501 wrapping org.postgresql.jdbc.PgConnection@77d0a23d] will not be managed by Spring
==>  Preparing: SELECT id FROM roles WHERE uuid = CAST(? AS uuid) AND is_del = false
==> Parameters: f457afff-e2b9-4131-ac8b-4319a7dd2bf0(String)
<==    Columns: id
<==        Row: 21
<==      Total: 1
Closing non transactional SqlSession [org.apache.ibatis.session.defaults.DefaultSqlSession@46a0fe37]
Creating a new SqlSession
SqlSession [org.apache.ibatis.session.defaults.DefaultSqlSession@6f3d47c1] was not registered for synchronization because synchronization is not active
JDBC Connection [HikariProxyConnection@1290796387 wrapping org.postgresql.jdbc.PgConnection@77d0a23d] will not be managed by Spring
==>  Preparing: SELECT CAST(p.uuid AS varchar) FROM permissions p INNER JOIN role_permis rp ON rp.permission_id = p.id WHERE rp.role_id = ? AND p.is_del = false
==> Parameters: 21(Long)
<==    Columns: uuid
<==        Row: a0000000-0000-0000-0000-000000000001
<==        Row: a0000000-0000-0000-0000-000000000002
<==        Row: a0000000-0000-0000-0000-000000000003
<==        Row: a0000000-0000-0000-0000-000000000004
<==        Row: a0000000-0000-0000-0000-000000000005
<==        Row: a0000000-0000-0000-0000-000000000006
<==        Row: a0000000-0000-0000-0000-000000000007
<==        Row: a0000000-0000-0000-0000-000000000008
<==        Row: 7fa2a341-221c-41e5-ac55-5e0dd55603ed
<==        Row: 3863c388-7a30-41aa-8e49-a4aaf7654a25
<==        Row: 95b44be6-527b-426b-a74a-59247155cd0d
<==        Row: e9f65f25-70bc-487b-babe-7589fc471ec9
<==        Row: 8bfa14fe-7acb-43e0-9fdb-aa17f96f8302
<==        Row: 4e7fda28-6dc1-45a8-9163-5b292dd50cd5
<==        Row: 1d0c83fc-40ab-4712-b186-dba5b9d567b4
<==        Row: 2ba4c4b9-a7f2-4306-82ba-703d0d8405de
<==        Row: 1b6276e8-9cfb-4560-8e1f-0d684e9d9d29
<==        Row: 5ff2c4c9-de8f-4710-97d8-35c3add1e47b
<==        Row: a8ccfa8a-e1fe-4e34-9deb-f4f7caebaf72
<==        Row: 9530a5b3-2d46-4d23-a7a1-87514bd48bf4
<==        Row: 1126d3e3-dd49-4422-b0e0-94a5762a2a25
<==        Row: 1f4005b9-f074-43c6-a057-6538d3b12387
<==        Row: e581b25f-2ece-4e03-a699-fdcda56032fc
<==        Row: 28fa7dcd-86b8-47a2-9285-1d34b7bf046f
<==        Row: 29ccc09d-ee12-452e-a61e-b3145125dd94
<==        Row: 3fd7d924-e847-48f8-baa7-afb7490a8f9a
<==        Row: 8991596b-0b28-4a46-9cbb-066c9e0d3771
<==        Row: 1923ac78-584b-4ad5-b1b4-6df7051562e6
<==        Row: b9c89db0-7802-4241-9c9b-10940d0fb037
<==        Row: 2c9139a4-0a5e-4fff-ab73-f06d54155426
<==        Row: c320c6b0-eea1-4d35-80a2-57d8ed750d98
<==        Row: 2e3a0e1f-11f7-421a-a5f4-a44bcada8b1f
<==        Row: 60e16502-1f57-496a-aa93-8c2df7adc4d0
<==        Row: 4036a134-c1ca-4322-b327-1491903e973e
<==        Row: 803dd4f5-af9a-45df-a503-e43a3e8cd720
<==        Row: da58c221-edbd-4e97-aab4-69393829ca3a
<==        Row: 6166f363-019f-4b7a-888a-0276423b5770
<==        Row: 7f1b9477-78c4-44ba-b804-c4cf5b179e6d
<==        Row: cc895f41-89d5-491a-a6e9-86eabac32c60
<==        Row: ee6c10ee-1d50-4810-841a-64f79fef27e9
<==        Row: f282d39c-4905-4eaa-b5df-d6deb01a949f
<==        Row: fe6267c0-aedb-4262-94e3-cc9efc6cab6e
<==      Total: 42
Closing non transactional SqlSession [org.apache.ibatis.session.defaults.DefaultSqlSession@6f3d47c1]
[31m2026-05-31 19:59:29.670[0;39m [33m[http-nio-9966-exec-10][0;39m [39mDEBUG[0;39m [32mo.s.w.s.m.m.a.RequestResponseBodyMethodProcessor[0;39m - Using 'application/json', given [*/*] and supported [application/json, application/*+json]
[31m2026-05-31 19:59:29.670[0;39m [33m[http-nio-9966-exec-10][0;39m [39mDEBUG[0;39m [32mo.s.w.s.m.m.a.RequestResponseBodyMethodProcessor[0;39m - Writing [com.geo.dsp.common.result.Result@dffe38f]
[31m2026-05-31 19:59:29.671[0;39m [33m[http-nio-9966-exec-10][0;39m [39mDEBUG[0;39m [32morg.springframework.web.servlet.DispatcherServlet[0;39m - Completed 200 OK
